Category,Value,% chance of daily double,last_updated,source
1,200,0.03%,"November 22, 2020",https://www.reddit.com/r/dataisbeautiful/comments/k08idu/jeopardy_daily_double_heatmap_oc/gdgite0/
1,400,2.02%,"November 22, 2020",https://www.reddit.com/r/dataisbeautiful/comments/k08idu/jeopardy_daily_double_heatmap_oc/gdgite0/
1,600,5.43%,"November 22, 2020",https://www.reddit.com/r/dataisbeautiful/comments/k08idu/jeopardy_daily_double_heatmap_oc/gdgite0/
1,800,7.41%,"November 22, 2020",https://www.reddit.com/r/dataisbeautiful/comments/k08idu/jeopardy_daily_double_heatmap_oc/gdgite0/
1,1000,5.43%,"November 22, 2020",https://www.reddit.com/r/dataisbeautiful/comments/k08idu/jeopardy_daily_double_heatmap_oc/gdgite0/
2,200,0.01%,"November 22, 2020",https://www.reddit.com/r/dataisbeautiful/comments/k08idu/jeopardy_daily_double_heatmap_oc/gdgite0/
2,400,1.33%,"November 22, 2020",https://www.reddit.com/r/dataisbeautiful/comments/k08idu/jeopardy_daily_double_heatmap_oc/gdgite0/
2,600,3.75%,"November 22, 2020",https://www.reddit.com/r/dataisbeautiful/comments/k08idu/jeopardy_daily_double_heatmap_oc/gdgite0/
2,800,5.43%,"November 22, 2020",https://www.reddit.com/r/dataisbeautiful/comments/k08idu/jeopardy_daily_double_heatmap_oc/gdgite0/
2,1000,3.36%,"November 22, 2020",https://www.reddit.com/r/dataisbeautiful/comments/k08idu/jeopardy_daily_double_heatmap_oc/gdgite0/
3,200,0.03%,"November 22, 2020",https://www.reddit.com/r/dataisbeautiful/comments/k08idu/jeopardy_daily_double_heatmap_oc/gdgite0/
3,400,1.78%,"November 22, 2020",https://www.reddit.com/r/dataisbeautiful/comments/k08idu/jeopardy_daily_double_heatmap_oc/gdgite0/
3,600,4.84%,"November 22, 2020",https://www.reddit.com/r/dataisbeautiful/comments/k08idu/jeopardy_daily_double_heatmap_oc/gdgite0/
3,800,6.91%,"November 22, 2020",https://www.reddit.com/r/dataisbeautiful/comments/k08idu/jeopardy_daily_double_heatmap_oc/gdgite0/
3,1000,4.84%,"November 22, 2020",https://www.reddit.com/r/dataisbeautiful/comments/k08idu/jeopardy_daily_double_heatmap_oc/gdgite0/
4,200,0.01%,"November 22, 2020",https://www.reddit.com/r/dataisbeautiful/comments/k08idu/jeopardy_daily_double_heatmap_oc/gdgite0/
4,400,1.43%,"November 22, 2020",https://www.reddit.com/r/dataisbeautiful/comments/k08idu/jeopardy_daily_double_heatmap_oc/gdgite0/
4,600,4.89%,"November 22, 2020",https://www.reddit.com/r/dataisbeautiful/comments/k08idu/jeopardy_daily_double_heatmap_oc/gdgite0/
4,800,6.42%,"November 22, 2020",https://www.reddit.com/r/dataisbeautiful/comments/k08idu/jeopardy_daily_double_heatmap_oc/gdgite0/
4,1000,4.94%,"November 22, 2020",https://www.reddit.com/r/dataisbeautiful/comments/k08idu/jeopardy_daily_double_heatmap_oc/gdgite0/
5,200,0.02%,"November 22, 2020",https://www.reddit.com/r/dataisbeautiful/comments/k08idu/jeopardy_daily_double_heatmap_oc/gdgite0/
5,400,1.63%,"November 22, 2020",https://www.reddit.com/r/dataisbeautiful/comments/k08idu/jeopardy_daily_double_heatmap_oc/gdgite0/
5,600,4.59%,"November 22, 2020",https://www.reddit.com/r/dataisbeautiful/comments/k08idu/jeopardy_daily_double_heatmap_oc/gdgite0/
5,800,6.42%,"November 22, 2020",https://www.reddit.com/r/dataisbeautiful/comments/k08idu/jeopardy_daily_double_heatmap_oc/gdgite0/
5,1000,4.44%,"November 22, 2020",https://www.reddit.com/r/dataisbeautiful/comments/k08idu/jeopardy_daily_double_heatmap_oc/gdgite0/
6,200,0.02%,"November 22, 2020",https://www.reddit.com/r/dataisbeautiful/comments/k08idu/jeopardy_daily_double_heatmap_oc/gdgite0/
6,400,1.09%,"November 22, 2020",https://www.reddit.com/r/dataisbeautiful/comments/k08idu/jeopardy_daily_double_heatmap_oc/gdgite0/
6,600,3.46%,"November 22, 2020",https://www.reddit.com/r/dataisbeautiful/comments/k08idu/jeopardy_daily_double_heatmap_oc/gdgite0/
6,800,4.59%,"November 22, 2020",https://www.reddit.com/r/dataisbeautiful/comments/k08idu/jeopardy_daily_double_heatmap_oc/gdgite0/
6,1000,3.16%,"November 22, 2020",https://www.reddit.com/r/dataisbeautiful/comments/k08idu/jeopardy_daily_double_heatmap_oc/gdgite0/
