title,creator,image_url,creator_url,mod_url,source_url,thanks,favourites,comments, downloads , views ,broad category,category,subcategory,released,last_mod_update,data_last_updated
NO CC - Rustic Familiar House,plumbobkingdom,https://thumbs2.modthesims2.com/img/1/0/2/5/5/6/5/4/2067328.largethumb.jpg?cb=1639518505,https://modthesims.info//m/10255654,https://modthesims.info//d/663037/no-cc-rustic-familiar-house.html,https://modthesims.info/downloads/ts4/38/page/1/?showType=1&t=picked&csort=0,100,29,6," 3,359 "," 12,100 ",Lots & Housing,Residential,,14th Dec 2021,,12/02/2022
'Fuvwara' - Fountain Set,itskingfalcon,https://thumbs2.modthesims2.com/img/1/0/2/7/2/0/3/0/2051227.largethumb.jpg?cb=1632934458,https://modthesims.info//m/10272030,https://modthesims.info//d/660759/fuvwara-fountain-set.html,https://modthesims.info/downloads/ts4/38/page/1/?showType=1&t=picked&csort=0,289,70,22," 42,868 "," 17,895 ",Decorative,Miscellaneous,,29th Sep 2021,29th Sep 2021,12/02/2022
Radiant Luxor Skyscraper (1 <U+0421><U+0421>),PinkCherub,https://thumbs2.modthesims2.com/img/1/0/2/3/4/0/5/7/2048500.largethumb.jpg?cb=1631755006,https://modthesims.info//m/10234057,https://modthesims.info//d/660406/radiant-luxor-skyscraper-1-cc.html,https://modthesims.info/downloads/ts4/38/page/1/?showType=1&t=picked&csort=0,167,50,22," 5,581 "," 21,864 ",Lots & Housing,Residential,,16th Sep 2021,,12/02/2022
Black Bird Locomotive (No CC),PinkCherub,https://thumbs2.modthesims2.com/img/1/0/2/3/4/0/5/7/2022272.largethumb.jpg?cb=1622803435,https://modthesims.info//m/10234057,https://modthesims.info//d/656834/black-bird-locomotive-no-cc.html,https://modthesims.info/downloads/ts4/38/page/1/?showType=1&t=picked&csort=0,55,15,9, 752 ," 6,122 ",Lots & Housing,Residential,,4th Jun 2021,,12/02/2022
Pillow Galore Collection,simsi45,https://thumbs2.modthesims2.com/img/7/3/7/5/8/2/8/1969446.largethumb.jpg?cb=1605039278,https://modthesims.info//m/7375828,https://modthesims.info//d/649393/pillow-galore-collection.html,https://modthesims.info/downloads/ts4/38/page/1/?showType=1&t=picked&csort=0,"1,194",347,27," 64,255 "," 65,510 ",Decorative,Miscellaneous,,10th Nov 2020,,12/02/2022
Dwight Schrute (The Office),yarengunel,https://thumbs2.modthesims2.com/img/1/0/0/1/4/6/5/1/1966889.largethumb.jpg?cb=1604315450,https://modthesims.info//m/10014651,https://modthesims.info//d/649043/dwight-schrute-the-office.html,https://modthesims.info/downloads/ts4/38/page/1/?showType=1&t=picked&csort=0,96,40,14," 1,848 "," 12,477 ",Sims,Celebrities & Real People,Male,2nd Nov 2020,,12/02/2022
Cat Whisperer Career,SimplyAnjuta,https://thumbs2.modthesims2.com/img/1/0/2/3/5/8/4/6/1962188.largethumb.jpg?cb=1602504916,https://modthesims.info//m/10235846,https://modthesims.info//d/648147/cat-whisperer-career.html,https://modthesims.info/downloads/ts4/38/page/1/?showType=1&t=picked&csort=0,310,91,22," 16,113 "," 28,416 ",Careers,Pet Career,,12th Oct 2020,8th Jan 2021,12/02/2022
The Sims 4 Eco Kitchen Stuff - Custom Stuff Pack [UPDATED 01/06/21),littledica,https://thumbs2.modthesims2.com/img/8/9/4/8/6/8/5/1951145.largethumb.jpg?cb=1617425064,https://modthesims.info//m/8948685,https://modthesims.info//d/646477/the-sims-4-eco-kitchen-stuff-custom-stuff-pack-updated-01-06-21.html,https://modthesims.info/downloads/ts4/38/page/1/?showType=1&t=picked&csort=0,"3,008",720,84," 474,411 "," 209,805 ",By Room,Kitchen,,3rd Apr 2021,1st Jun 2021,12/02/2022
Item Slot Fixes,ignifex,https://thumbs2.modthesims2.com/img/1/0/1/0/7/2/5/0/1919896.largethumb.jpg?cb=1587917708,https://modthesims.info//m/10107250,https://modthesims.info//d/641029/item-slot-fixes.html,https://modthesims.info/downloads/ts4/38/page/1/?showType=1&t=picked&csort=0,836,227,19," 36,944 "," 50,490 ",Game Mods,Overrides,More Slot Mods,26th Apr 2020,25th Jul 2020,12/02/2022
Caigel Garden Sign Collection - Basegame Edition,Caigel,https://thumbs2.modthesims2.com/img/1/0/2/1/6/6/0/1/1928135.largethumb.jpg?cb=1589695533,https://modthesims.info//m/10216601,https://modthesims.info//d/642276/caigel-garden-sign-collection-basegame-edition.html,https://modthesims.info/downloads/ts4/38/page/1/?showType=1&t=picked&csort=0,304,89,21," 9,464 "," 18,516 ",Decorative,Sculptures,,17th May 2020,15th May 2020,12/02/2022
The Sims 4 Translator,voky,https://thumbs2.modthesims2.com/img/1/0/2/2/4/3/2/0/1938857.largethumb.jpg?cb=1593686580,https://modthesims.info//m/10224320,https://modthesims.info//d/644008/the-sims-4-translator.html,https://modthesims.info/downloads/ts4/38/page/1/?showType=1&t=picked&csort=0,317,71,91," 18,598 "," 48,723 ",Programs and Utilities,,,2nd Jul 2020,7th Dec 2020,12/02/2022
NO CC - Amazing 64x64 luxury Family Villa,bradybrad7,https://thumbs2.modthesims2.com/img/9/4/8/3/8/1925380.largethumb.jpg?cb=1589834298,https://modthesims.info//m/94838,https://modthesims.info//d/641894/no-cc-amazing-64x64-luxury-family-villa.html,https://modthesims.info/downloads/ts4/38/page/1/?showType=1&t=picked&csort=0,184,42,5," 11,884 "," 22,982 ",Lots & Housing,Residential,,18th May 2020,,12/02/2022
Brindleton Manor,Mickel,https://thumbs2.modthesims2.com/img/2/7/5/9/9/4/6/1940382.largethumb.jpg?cb=1593722569,https://modthesims.info//m/2759946,https://modthesims.info//d/644255/brindleton-manor.html,https://modthesims.info/downloads/ts4/38/page/1/?showType=1&t=picked&csort=0,156,31,7," 5,123 "," 15,341 ",Lots & Housing,Residential,,2nd Jul 2020,,12/02/2022
16 Potted Houseplants (pt2),simsi45,https://thumbs2.modthesims2.com/img/7/3/7/5/8/2/8/1941059.largethumb.jpg?cb=1593884843,https://modthesims.info//m/7375828,https://modthesims.info//d/644379/16-potted-houseplants-pt2.html,https://modthesims.info/downloads/ts4/38/page/1/?showType=1&t=picked&csort=0,857,168,9," 39,819 "," 37,231 ",Decorative,Plants,,4th Jul 2020,9th Aug 2020,12/02/2022
"Rockford Estate - 6 BR, 6.5 BA",CarlDillynson,https://thumbs2.modthesims2.com/img/8/8/8/9/9/8/9/1899812.largethumb.jpg?cb=1579747396,https://modthesims.info//m/8889989,https://modthesims.info//d/637327/rockford-estate-6-br-6-5-ba.html,https://modthesims.info/downloads/ts4/38/page/1/?showType=1&t=picked&csort=0,285,65,6," 11,523 "," 21,795 ",Lots & Housing,Residential,,23rd Jan 2020,,12/02/2022
*11/5/21 update* The Sims 4 IKEA Home Stuff (Reward Items),simsi45,https://thumbs2.modthesims2.com/img/7/3/7/5/8/2/8/1827713.largethumb.jpg?cb=1551051010,https://modthesims.info//m/7375828,https://modthesims.info//d/624194/11-5-21-update-the-sims-4-ikea-home-stuff-reward-items.html,https://modthesims.info/downloads/ts4/38/page/1/?showType=1&t=picked&csort=0,"2,180",519,42," 139,872 "," 131,991 ",By Room,Living,,25th Feb 2019,11th May 2021,12/02/2022
Mulholland,moleskine,https://thumbs2.modthesims2.com/img/9/9/8/1/6/1/9/1862544.largethumb.jpg?cb=1564415502,https://modthesims.info//m/9981619,https://modthesims.info//d/630819/mulholland.html,https://modthesims.info/downloads/ts4/38/page/1/?showType=1&t=picked&csort=0,223,43,11," 10,172 "," 23,397 ",Lots & Housing,Residential,,29th Jul 2019,,12/02/2022
Fachwerk cottage (No CC),Augustas,https://thumbs2.modthesims2.com/img/1/0/1/4/0/3/1/4/1874213.largethumb.jpg?cb=1568987559,https://modthesims.info//m/10140314,https://modthesims.info//d/632992/fachwerk-cottage-no-cc.html,https://modthesims.info/downloads/ts4/38/page/1/?showType=1&t=picked&csort=0,135,24,5," 3,842 "," 16,911 ",Lots & Housing,Residential,,20th Sep 2019,,12/02/2022
Ackendorf Estate - No Custom Content,Christine11778,https://thumbs2.modthesims2.com/img/1/5/5/3/3/0/1873116.largethumb.jpg?cb=1568420554,https://modthesims.info//m/155330,https://modthesims.info//d/632768/ackendorf-estate-no-custom-content.html,https://modthesims.info/downloads/ts4/38/page/1/?showType=1&t=picked&csort=0,228,71,10," 12,235 "," 25,172 ",Lots & Housing,Residential,,14th Sep 2019,,12/02/2022
Thelonius,moleskine,https://thumbs2.modthesims2.com/img/9/9/8/1/6/1/9/1869112.largethumb.jpg?cb=1566836434,https://modthesims.info//m/9981619,https://modthesims.info//d/632076/thelonius.html,https://modthesims.info/downloads/ts4/38/page/1/?showType=1&t=picked&csort=0,135,48,10," 7,053 "," 16,512 ",Lots & Housing,Residential,,26th Aug 2019,,12/02/2022
Functional solar panels and water heater (Discontinued),Sigma1202,https://thumbs2.modthesims2.com/img/1/0/0/9/2/1/8/4/1867045.largethumb.jpg?cb=1566218885,https://modthesims.info//m/10092184,https://modthesims.info//d/631669/functional-solar-panels-and-water-heater-discontinued.html,https://modthesims.info/downloads/ts4/38/page/2/?showType=1&t=picked&csort=0,"1,375",413,193," 95,158 "," 81,800 ",Game Mods,Script & Core Mods,Scripted Objects,19th Aug 2019,5th Jun 2020,12/02/2022
Archways,AdonisPluto,https://thumbs2.modthesims2.com/img/3/7/4/9/6/1/9/1865947.largethumb.jpg?cb=1565548860,https://modthesims.info//m/3749619,https://modthesims.info//d/631426/archways.html,https://modthesims.info/downloads/ts4/38/page/2/?showType=1&t=picked&csort=0,595,120,28," 25,225 "," 28,223 ",Build Mode,Doors & Windows,,11th Aug 2019,17th Jan 2021,12/02/2022
Modernica - Modern house with covered pool - NO CC,bradybrad7,https://thumbs2.modthesims2.com/img/9/4/8/3/8/1846696.largethumb.jpg?cb=1558699140,https://modthesims.info//m/94838,https://modthesims.info//d/627759/modernica-modern-house-with-covered-pool-no-cc.html,https://modthesims.info/downloads/ts4/38/page/2/?showType=1&t=picked&csort=0,319,79,11," 28,619 "," 39,821 ",Lots & Housing,Residential,,24th May 2019,,12/02/2022
Part-time Writer Career [+new branches],Arialyx,https://thumbs2.modthesims2.com/img/1/0/1/3/8/3/4/2/1847043.largethumb.jpg?cb=1558708810,https://modthesims.info//m/10138342,https://modthesims.info//d/627809/part-time-writer-career-new-branches.html,https://modthesims.info/downloads/ts4/38/page/2/?showType=1&t=picked&csort=0,467,176,15," 60,198 "," 44,512 ",Careers,EP compatible,,24th May 2019,,12/02/2022
H&B AquaVortex - Dishwasher,littledica,https://thumbs2.modthesims2.com/img/8/9/4/8/6/8/5/1831120.largethumb.jpg?cb=1552357104,https://modthesims.info//m/8948685,https://modthesims.info//d/624859/h-amp-b-aquavortex-dishwasher.html,https://modthesims.info/downloads/ts4/38/page/2/?showType=1&t=picked&csort=0,"1,387",259,32," 100,087 "," 77,548 ",Appliances,,,12th Mar 2019,12th Mar 2019,12/02/2022
[UPDATED] H&B Portal 2.0 - Expensive Refrigerator,littledica,https://thumbs2.modthesims2.com/img/8/9/4/8/6/8/5/1792293.largethumb.jpg?cb=1534985735,https://modthesims.info//m/8948685,https://modthesims.info//d/617052/updated-h-amp-b-portal-2-0-expensive-refrigerator.html,https://modthesims.info/downloads/ts4/38/page/2/?showType=1&t=picked&csort=0,"1,262",251,40," 218,492 "," 120,918 ",Appliances,,,23rd Aug 2018,24th Aug 2018,12/02/2022
UFO Investigator Aspiration Update (Updated 1.52.100 Patch),Itsmysimmod,https://thumbs2.modthesims2.com/img/1/0/1/0/6/6/2/6/1828595.largethumb.jpg?cb=1551461156,https://modthesims.info//m/10106626,https://modthesims.info//d/624374/ufo-investigator-aspiration-update-updated-1-52-100-patch.html,https://modthesims.info/downloads/ts4/38/page/2/?showType=1&t=picked&csort=0,709,348,42," 54,467 "," 71,696 ",Game Mods,Overrides,Tuning Mods,1st Mar 2019,18th Jul 2019,12/02/2022
Conversion fabricbolts TS2 quiltshop,Cocomama,https://thumbs2.modthesims2.com/img/8/7/2/7/5/1828094.largethumb.jpg?cb=1551203224,https://modthesims.info//m/87275,https://modthesims.info//d/624277/conversion-fabricbolts-ts2-quiltshop.html,https://modthesims.info/downloads/ts4/38/page/2/?showType=1&t=picked&csort=0,280,114,13," 36,296 "," 20,866 ",Decorative,Miscellaneous,,26th Feb 2019,26th Feb 2019,12/02/2022
Beach ByWay,valbreizh,https://thumbs2.modthesims2.com/img/8/3/4/8/6/3/6/1827530.largethumb.jpg?cb=1551040390,https://modthesims.info//m/8348636,https://modthesims.info//d/624159/beach-byway.html,https://modthesims.info/downloads/ts4/38/page/2/?showType=1&t=picked&csort=0,76,28,1," 4,553 "," 12,658 ",Lots & Housing,Residential,,24th Feb 2019,,12/02/2022
African formal mermaid dress,lilotea,https://thumbs2.modthesims2.com/img/6/2/6/0/9/1825708.largethumb.jpg?cb=1550510400,https://modthesims.info//m/62609,https://modthesims.info//d/623873/african-formal-mermaid-dress.html,https://modthesims.info/downloads/ts4/38/page/2/?showType=1&t=picked&csort=0,431,115,13," 16,772 "," 23,632 ",Female,Formal,Adult,18th Feb 2019,,12/02/2022
[GAME FIX] Pets can find Pet Stuff on other Floors,Deathcofi,https://thumbs2.modthesims2.com/img/1/0/0/2/3/9/5/8/1824617.largethumb.jpg?cb=1550094315,https://modthesims.info//m/10023958,https://modthesims.info//d/623699/game-fix-pets-can-find-pet-stuff-on-other-floors.html,https://modthesims.info/downloads/ts4/38/page/2/?showType=1&t=picked&csort=0,"1,018",391,58," 50,628 "," 60,483 ",Game Mods,Overrides,Tuning Mods,13th Feb 2019,,12/02/2022
Modern Hills - No CC,govier,https://thumbs2.modthesims2.com/img/7/7/8/9/5/9/6/1809713.largethumb.jpg?cb=1542993847,https://modthesims.info//m/7789596,https://modthesims.info//d/620525/modern-hills-no-cc.html,https://modthesims.info/downloads/ts4/38/page/2/?showType=1&t=picked&csort=0,171,48,7," 17,187 "," 34,467 ",Lots & Housing,Residential,,23rd Nov 2018,,12/02/2022
Sims2-Freetime-sewing for Sims4,Cocomama,https://thumbs2.modthesims2.com/img/8/7/2/7/5/1825274.largethumb.jpg?cb=1550335638,https://modthesims.info//m/87275,https://modthesims.info//d/623802/sims2-freetime-sewing-for-sims4.html,https://modthesims.info/downloads/ts4/38/page/2/?showType=1&t=picked&csort=0,380,138,17," 37,593 "," 32,303 ",Surfaces,Desks,,16th Feb 2019,,12/02/2022
Nakara Temple,Oo_NURSE_oO,https://thumbs2.modthesims2.com/img/9/8/1/6/0/0/6/1823189.largethumb.jpg?cb=1549173654,https://modthesims.info//m/9816006,https://modthesims.info//d/623334/nakara-temple.html,https://modthesims.info/downloads/ts4/38/page/2/?showType=1&t=picked&csort=0,55,22,10," 2,578 "," 13,531 ",Lots & Housing,Community,,3rd Feb 2019,,12/02/2022
Reply to Fan Letters v1.1,Itsmysimmod,https://thumbs2.modthesims2.com/img/1/0/1/0/6/6/2/6/1822454.largethumb.jpg?cb=1548947736,https://modthesims.info//m/10106626,https://modthesims.info//d/623191/reply-to-fan-letters-v1-1.html,https://modthesims.info/downloads/ts4/38/page/2/?showType=1&t=picked&csort=0,845,334,62," 87,429 "," 84,617 ",Game Mods,Overrides,Tuning Mods,31st Jan 2019,9th Aug 2019,12/02/2022
Taj Mahal (No CC),Oo_NURSE_oO,https://thumbs2.modthesims2.com/img/9/8/1/6/0/0/6/1822317.largethumb.jpg?cb=1548780841,https://modthesims.info//m/9816006,https://modthesims.info//d/623131/taj-mahal-no-cc.html,https://modthesims.info/downloads/ts4/38/page/2/?showType=1&t=picked&csort=0,80,25,10," 3,870 "," 13,539 ",Lots & Housing,Residential,,29th Jan 2019,,12/02/2022
Le Rêve Luxury Day Spa (NO CC),FernSims,https://thumbs2.modthesims2.com/img/1/0/1/2/4/8/1/0/1823010.largethumb.jpg?cb=1548582150,https://modthesims.info//m/10124810,https://modthesims.info//d/623007/le-rêve-luxury-day-spa-no-cc.html,https://modthesims.info/downloads/ts4/38/page/2/?showType=1&t=picked&csort=0,164,45,16," 11,099 "," 28,695 ",Lots & Housing,Community,,27th Jan 2019,,12/02/2022
Ombre Lipstick with shine for Dark skintones,lilotea,https://thumbs2.modthesims2.com/img/6/2/6/0/9/1818691.largethumb.jpg?cb=1547397569,https://modthesims.info//m/62609,https://modthesims.info//d/622396/ombre-lipstick-with-shine-for-dark-skintones.html,https://modthesims.info/downloads/ts4/38/page/2/?showType=1&t=picked&csort=0,347,94,3," 13,739 "," 19,775 ",Create-a-Sim,Makeup,Lipstick,13th Jan 2019,,12/02/2022
[Updated 9/2020] Ministry of Magic Career,Caelinaarria,https://thumbs2.modthesims2.com/img/1/0/1/2/1/4/9/5/1818324.largethumb.jpg?cb=1547481675,https://modthesims.info//m/10121495,https://modthesims.info//d/622336/updated-9-2020-ministry-of-magic-career.html,https://modthesims.info/downloads/ts4/38/page/2/?showType=1&t=picked&csort=0,676,316,71," 124,551 "," 85,428 ",Careers,Miscellaneous,,14th Jan 2019,3rd Sep 2020,12/02/2022
Ultimate Military Career,asiashamecca,https://thumbs2.modthesims2.com/img/4/9/7/4/1819034.largethumb.jpg?cb=1547416820,https://modthesims.info//m/4974,https://modthesims.info//d/622467/ultimate-military-career.html,https://modthesims.info/downloads/ts4/38/page/2/?showType=1&t=picked&csort=0,520,145,55," 72,915 "," 93,931 ",Careers,EP compatible,,13th Jan 2019,,12/02/2022
Temple of Simsikos,Auwburn,https://thumbs2.modthesims2.com/img/1/0/1/2/1/3/3/3/1818673.largethumb.jpg?cb=1547397682,https://modthesims.info//m/10121333,https://modthesims.info//d/622392/temple-of-simsikos.html,https://modthesims.info/downloads/ts4/38/page/3/?showType=1&t=picked&csort=0,78,35,11," 3,544 "," 13,803 ",Lots & Housing,Community,,13th Jan 2019,,12/02/2022
Frosties - 31 Lipsticks,Simmiller,https://thumbs2.modthesims2.com/img/2/6/3/3/2/7/5/1810138.largethumb.jpg?cb=1543186192,https://modthesims.info//m/2633275,https://modthesims.info//d/620666/frosties-31-lipsticks.html,https://modthesims.info/downloads/ts4/38/page/3/?showType=1&t=picked&csort=0,270,74,14," 18,178 "," 20,356 ",Create-a-Sim,Makeup,Lipstick,25th Nov 2018,16th Jan 2021,12/02/2022
Natural Lipstick with shine for Dark skintones,lilotea,https://thumbs2.modthesims2.com/img/6/2/6/0/9/1818119.largethumb.jpg?cb=1547055923,https://modthesims.info//m/62609,https://modthesims.info//d/622287/natural-lipstick-with-shine-for-dark-skintones.html,https://modthesims.info/downloads/ts4/38/page/3/?showType=1&t=picked&csort=0,355,95,16," 11,736 "," 26,567 ",Create-a-Sim,Makeup,Lipstick,9th Jan 2019,,12/02/2022
Starlight Studio - no CC,Axaba,https://thumbs2.modthesims2.com/img/3/8/0/0/5/3/0/1817654.largethumb.jpg?cb=1546882283,https://modthesims.info//m/3800530,https://modthesims.info//d/622212/starlight-studio-no-cc.html,https://modthesims.info/downloads/ts4/38/page/3/?showType=1&t=picked&csort=0,267,78,21," 20,107 "," 36,790 ",Lots & Housing,Community,,7th Jan 2019,,12/02/2022
School Montalembert Notre Dame,tsukasa31,https://thumbs2.modthesims2.com/img/3/7/4/4/4/7/0/1816506.largethumb.jpg?cb=1546524526,https://modthesims.info//m/3744470,https://modthesims.info//d/622045/school-montalembert-notre-dame.html,https://modthesims.info/downloads/ts4/38/page/3/?showType=1&t=picked&csort=0,111,42,8," 10,159 "," 29,385 ",Lots & Housing,Community,,3rd Jan 2019,,12/02/2022
Bella Venezia - A Complex for everything - Venice in The Sims 4,SatiSim,https://thumbs2.modthesims2.com/img/1/0/1/1/3/5/8/9/1816269.largethumb.jpg?cb=1546367905,https://modthesims.info//m/10113589,https://modthesims.info//d/621949/bella-venezia-a-complex-for-everything-venice-in-the-sims-4.html,https://modthesims.info/downloads/ts4/38/page/3/?showType=1&t=picked&csort=0,153,86,32," 5,659 "," 39,619 ",Lots & Housing,Community,,1st Jan 2019,1st Jan 2019,12/02/2022
Park Four Seasons - No CC,Axaba,https://thumbs2.modthesims2.com/img/3/8/0/0/5/3/0/1781740.largethumb.jpg?cb=1531322409,https://modthesims.info//m/3800530,https://modthesims.info//d/614602/park-four-seasons-no-cc.html,https://modthesims.info/downloads/ts4/38/page/3/?showType=1&t=picked&csort=0,385,137,67," 32,939 "," 59,268 ",Lots & Housing,Community,,11th Jul 2018,10th Jul 2018,12/02/2022
Modern-ish Seasonal Cabin (noCC),arcadialight,https://thumbs2.modthesims2.com/img/9/9/8/4/3/9/2/1795089.largethumb.jpg?cb=1536052537,https://modthesims.info//m/9984392,https://modthesims.info//d/617562/modern-ish-seasonal-cabin-nocc.html,https://modthesims.info/downloads/ts4/38/page/3/?showType=1&t=picked&csort=0,322,145,17," 16,451 "," 48,837 ",Lots & Housing,Residential,,4th Sep 2018,,12/02/2022
Restaurant Isaudy,tsukasa31,https://thumbs2.modthesims2.com/img/3/7/4/4/4/7/0/1808358.largethumb.jpg?cb=1542309365,https://modthesims.info//m/3744470,https://modthesims.info//d/620255/restaurant-isaudy.html,https://modthesims.info/downloads/ts4/38/page/3/?showType=1&t=picked&csort=0,113,38,8," 8,451 "," 18,795 ",Lots & Housing,Community,,15th Nov 2018,,12/02/2022
St Pupper Animal Hospital - 30x20 Vet Clinic NO CC,Mondrosen,https://thumbs2.modthesims2.com/img/2/1/1/9/4/9/1/1812223.largethumb.jpg?cb=1544543122,https://modthesims.info//m/2119491,https://modthesims.info//d/621165/st-pupper-animal-hospital-30x20-vet-clinic-no-cc.html,https://modthesims.info/downloads/ts4/38/page/3/?showType=1&t=picked&csort=0,224,79,8," 20,827 "," 31,643 ",Lots & Housing,Community,,11th Dec 2018,,12/02/2022
The Double U [NO CC],wouterfan,https://thumbs2.modthesims2.com/img/7/0/1/4/6/2/4/1810252.largethumb.jpg?cb=1543348956,https://modthesims.info//m/7014624,https://modthesims.info//d/620693/the-double-u-no-cc.html,https://modthesims.info/downloads/ts4/38/page/3/?showType=1&t=picked&csort=0,197,62,28," 20,128 "," 31,490 ",Lots & Housing,Residential,,27th Nov 2018,,12/02/2022
Ex Little Corsican Bistro - Apartment building in the style of The Sims 2: Apt. Life,kinglauti,https://thumbs2.modthesims2.com/img/1/0/1/0/8/3/0/3/1808519.largethumb.jpg?cb=1542407410,https://modthesims.info//m/10108303,https://modthesims.info//d/620280/ex-little-corsican-bistro-apartment-building-in-the-style-of-the-sims-2-apt-life.html,https://modthesims.info/downloads/ts4/38/page/3/?showType=1&t=picked&csort=0,112,37,8," 3,036 "," 17,226 ",Lots & Housing,Residential,,16th Nov 2018,,12/02/2022
Witchy Brew Cauldron [Updated 20th June 2020 ],icemunmun,https://thumbs2.modthesims2.com/img/4/5/9/0/9/3/6/1806204.largethumb.jpg?cb=1541015880,https://modthesims.info//m/4590936,https://modthesims.info//d/619736/witchy-brew-cauldron-updated-20th-june-2020.html,https://modthesims.info/downloads/ts4/38/page/3/?showType=1&t=picked&csort=0,858,319,29," 52,584 "," 101,968 ",Appliances,,,31st Oct 2018,20th Jun 2020,12/02/2022
Animated & Functional Bathroom Stalls,simadream,https://thumbs2.modthesims2.com/img/1/0/0/1/7/7/6/1/1805372.largethumb.jpg?cb=1540823264,https://modthesims.info//m/10017761,https://modthesims.info//d/619620/animated-amp-functional-bathroom-stalls.html,https://modthesims.info/downloads/ts4/38/page/3/?showType=1&t=picked&csort=0,550,206,33," 29,253 "," 65,219 ",Plumbing,,,29th Oct 2018,30th Oct 2018,12/02/2022
"Oh My, Granny! - TS3/2 to TS4 underwear",Lyralei,https://thumbs2.modthesims2.com/img/8/4/9/4/5/9/1/1798737.largethumb.jpg?cb=1537707541,https://modthesims.info//m/8494591,https://modthesims.info//d/618296/oh-my-granny-ts3-2-to-ts4-underwear.html,https://modthesims.info/downloads/ts4/38/page/3/?showType=1&t=picked&csort=0,370,100,21," 15,219 "," 49,105 ",Female,Sleepwear/Underwear,Adult,23rd Sep 2018,,12/02/2022
Kickin' It Wavy Bob Recolours - Seasons,Simmiller,https://thumbs2.modthesims2.com/img/2/6/3/3/2/7/5/1794699.largethumb.jpg?cb=1535831387,https://modthesims.info//m/2633275,https://modthesims.info//d/617488/kickin-it-wavy-bob-recolours-seasons.html,https://modthesims.info/downloads/ts4/38/page/3/?showType=1&t=picked&csort=0,145,43,10," 26,524 "," 38,926 ",Hair,Both Genders,,1st Sep 2018,,12/02/2022
Pet Themed Holiday Traditions (Update 17th April 2019),icemunmun,https://thumbs2.modthesims2.com/img/4/5/9/0/9/3/6/1787568.largethumb.jpg?cb=1532968901,https://modthesims.info//m/4590936,https://modthesims.info//d/615962/pet-themed-holiday-traditions-update-17th-april-2019.html,https://modthesims.info/downloads/ts4/38/page/3/?showType=1&t=picked&csort=0,693,277,34," 83,401 "," 87,317 ",Game Mods,Miscellaneous,Other,30th Jul 2018,17th Apr 2019,12/02/2022
RK800 Connor Jacket RE-TEXTURED by LadySpira,LadySpira,https://thumbs2.modthesims2.com/img/6/5/5/4/6/8/3/1786529.largethumb.jpg?cb=1532716859,https://modthesims.info//m/6554683,https://modthesims.info//d/615753/rk800-connor-jacket-re-textured-by-ladyspira.html,https://modthesims.info/downloads/ts4/38/page/3/?showType=1&t=picked&csort=0,210,91,27," 23,588 "," 52,754 ",Male,Everyday,Adult,27th Jul 2018,9th Aug 2018,12/02/2022
"4, Privet Drive | Harry Potter builds",iSandor,https://thumbs2.modthesims2.com/img/7/8/4/6/4/0/0/1977786.largethumb.jpg?cb=1531687067,https://modthesims.info//m/7846400,https://modthesims.info//d/615195/4-privet-drive-harry-potter-builds.html,https://modthesims.info/downloads/ts4/38/page/3/?showType=1&t=picked&csort=0,195,85,26," 13,085 "," 49,696 ",Lots & Housing,Residential,,15th Jul 2018,,12/02/2022
Dining Patio Set from TS3,TheJim07,https://thumbs2.modthesims2.com/img/6/5/4/3/7/8/1778368.largethumb.jpg?cb=1530124355,https://modthesims.info//m/654378,https://modthesims.info//d/614205/dining-patio-set-from-ts3.html,https://modthesims.info/downloads/ts4/38/page/3/?showType=1&t=picked&csort=0,906,171,33," 30,923 "," 58,368 ",By Room,Outdoor,,27th Jun 2018,2nd May 2021,12/02/2022
Greenhouse Manor - No CC,Chaosking,https://thumbs2.modthesims2.com/img/4/2/6/4/8/7/1777187.largethumb.jpg?cb=1529712553,https://modthesims.info//m/426487,https://modthesims.info//d/613932/greenhouse-manor-no-cc.html,https://modthesims.info/downloads/ts4/38/page/4/?showType=1&t=picked&csort=0,334,115,32," 16,097 "," 48,495 ",Lots & Housing,Residential,,23rd Jun 2018,,12/02/2022
Invisible Fence - Updated 19-07-2019,Bakie,https://thumbs2.modthesims2.com/img/3/7/5/1/1/1/9/1774055.largethumb.jpg?cb=1528467551,https://modthesims.info//m/3751119,https://modthesims.info//d/613216/invisible-fence-updated-19-07-2019.html,https://modthesims.info/downloads/ts4/38/page/4/?showType=1&t=picked&csort=0,"1,032",386,106," 64,664 "," 102,484 ",Build Mode,Miscellaneous,Fences and Gates,8th Jun 2018,19th Jul 2019,12/02/2022
Grey Warden Trait [UPDATED 11/13/2018],hayleysimzy,https://thumbs2.modthesims2.com/img/1/0/0/6/1/1/4/6/1773722.largethumb.jpg?cb=1528309904,https://modthesims.info//m/10061146,https://modthesims.info//d/613117/grey-warden-trait-updated-11-13-2018.html,https://modthesims.info/downloads/ts4/38/page/4/?showType=1&t=picked&csort=0,173,63,18," 16,593 "," 67,647 ",Traits,,,6th Jun 2018,14th Nov 2018,12/02/2022
Animated Tranquility Waves,Snowhaze,https://thumbs2.modthesims2.com/img/6/8/3/1/0/2/3/1772853.largethumb.jpg?cb=1527979721,https://modthesims.info//m/6831023,https://modthesims.info//d/612961/animated-tranquility-waves.html,https://modthesims.info/downloads/ts4/38/page/4/?showType=1&t=picked&csort=0,260,71,13," 16,533 "," 45,732 ",Build Mode,Miscellaneous,Other,3rd Jun 2018,,12/02/2022
Snow Palace,catdenny,https://thumbs2.modthesims2.com/img/8/7/7/1/4/5/9/1771242.largethumb.jpg?cb=1527634617,https://modthesims.info//m/8771459,https://modthesims.info//d/612647/snow-palace.html,https://modthesims.info/downloads/ts4/38/page/4/?showType=1&t=picked&csort=0,238,91,19," 21,224 "," 51,699 ",Lots & Housing,Residential,,30th May 2018,,12/02/2022
Animated Breezy Curtains for Arches and Open Windows,Snowhaze,https://thumbs2.modthesims2.com/img/6/8/3/1/0/2/3/1769706.largethumb.jpg?cb=1526783768,https://modthesims.info//m/6831023,https://modthesims.info//d/612321/animated-breezy-curtains-for-arches-and-open-windows.html,https://modthesims.info/downloads/ts4/38/page/4/?showType=1&t=picked&csort=0,196,64,13," 5,413 "," 36,660 ",Decorative,Curtains,,20th May 2018,,12/02/2022
"Enhanced Butt Slider - updated 6/16/2018, shape morphs added",CmarNYC,https://thumbs2.modthesims2.com/img/3/2/1/6/5/9/6/1784783.largethumb.jpg?cb=1526143271,https://modthesims.info//m/3216596,https://modthesims.info//d/611940/enhanced-butt-slider-updated-6-16-2018-shape-morphs-added.html,https://modthesims.info/downloads/ts4/38/page/4/?showType=1&t=picked&csort=0,"1,885",450,74," 366,449 "," 302,761 ",Game Mods,Miscellaneous,Sliders,12th May 2018,17th Jun 2018,12/02/2022
SEGA Certified Hedgehogs,woopa20,https://thumbs2.modthesims2.com/img/3/0/9/1/7/4/5/1765067.largethumb.jpg?cb=1524952314,https://modthesims.info//m/3091745,https://modthesims.info//d/611130/sega-certified-hedgehogs.html,https://modthesims.info/downloads/ts4/38/page/4/?showType=1&t=picked&csort=0,185,89,21," 25,446 "," 53,869 ",Pet Objects,Misc.,,28th Apr 2018,,12/02/2022
Brilliance Gardens I: Mossy Moss Terrains,Snowhaze,https://thumbs2.modthesims2.com/img/6/8/3/1/0/2/3/1763320.largethumb.jpg?cb=1524163945,https://modthesims.info//m/6831023,https://modthesims.info//d/610789/brilliance-gardens-i-mossy-moss-terrains.html,https://modthesims.info/downloads/ts4/38/page/4/?showType=1&t=picked&csort=0,141,46,5," 11,382 "," 43,752 ",Build Mode,Walls and Floors,Terrain Paints,19th Apr 2018,,12/02/2022
Redesigned With Style - Movie Hangout Stuff Living Room Items,Simmiller,https://thumbs2.modthesims2.com/img/2/6/3/3/2/7/5/1762934.largethumb.jpg?cb=1523924690,https://modthesims.info//m/2633275,https://modthesims.info//d/610674/redesigned-with-style-movie-hangout-stuff-living-room-items.html,https://modthesims.info/downloads/ts4/38/page/4/?showType=1&t=picked&csort=0,325,94,19," 35,302 "," 52,947 ",By Room,Living,,17th Apr 2018,,12/02/2022
Airline Employee Career - 6 Career Tracks,Simmiller,https://thumbs2.modthesims2.com/img/2/6/3/3/2/7/5/1762372.largethumb.jpg?cb=1523665830,https://modthesims.info//m/2633275,https://modthesims.info//d/610544/airline-employee-career-6-career-tracks.html,https://modthesims.info/downloads/ts4/38/page/4/?showType=1&t=picked&csort=0,773,244,114," 140,147 "," 110,788 ",Careers,EP compatible,,14th Apr 2018,21st Jul 2021,12/02/2022
Jester Lavore - Critical Role Season 2,Kurosmind,https://thumbs2.modthesims2.com/img/8/8/8/3/0/1/7/1762042.largethumb.jpg?cb=1523546354,https://modthesims.info//m/8883017,https://modthesims.info//d/610428/jester-lavore-critical-role-season-2.html,https://modthesims.info/downloads/ts4/38/page/4/?showType=1&t=picked&csort=0,212,119,23," 18,839 "," 52,339 ",Sims,"Anime, Comic & Gaming Characters",Female,12th Apr 2018,13th Apr 2018,12/02/2022
Jungle Rustic Style Outdoor Objects [04/19/20 Updated],Serinion,https://thumbs2.modthesims2.com/img/1/1/2/1/7/2/1759611.largethumb.jpg?cb=1522481936,https://modthesims.info//m/112172,https://modthesims.info//d/609857/jungle-rustic-style-outdoor-objects-04-19-20-updated.html,https://modthesims.info/downloads/ts4/38/page/4/?showType=1&t=picked&csort=0,360,83,17," 10,651 "," 23,879 ",By Room,Outdoor,,31st Mar 2018,19th Apr 2020,12/02/2022
Tropical Manor,rayunemoon,https://thumbs2.modthesims2.com/img/1/0/0/5/6/8/5/8/1759267.largethumb.jpg?cb=1522666813,https://modthesims.info//m/10056858,https://modthesims.info//d/609762/tropical-manor.html,https://modthesims.info/downloads/ts4/38/page/4/?showType=1&t=picked&csort=0,268,92,7," 32,080 "," 48,991 ",Lots & Housing,Lodging,,2nd Apr 2018,,12/02/2022
Chester Abrams,Hellfrozeover,https://thumbs2.modthesims2.com/img/5/5/6/4/1759059.largethumb.jpg?cb=1522284324,https://modthesims.info//m/5564,https://modthesims.info//d/609715/chester-abrams.html,https://modthesims.info/downloads/ts4/38/page/4/?showType=1&t=picked&csort=0,114,27,16," 5,090 "," 20,703 ",Sims,Other,Male,29th Mar 2018,,12/02/2022
"Isabella ""Izzy"" Puentes",Hellfrozeover,https://thumbs2.modthesims2.com/img/5/5/6/4/1758581.largethumb.jpg?cb=1522099515,https://modthesims.info//m/5564,https://modthesims.info//d/609571/isabella-quot-izzy-quot-puentes.html,https://modthesims.info/downloads/ts4/38/page/4/?showType=1&t=picked&csort=0,65,20,11," 3,740 "," 17,397 ",Sims,Other,Female,26th Mar 2018,,12/02/2022
La Catarina Restaurant,Moscowlyly,https://thumbs2.modthesims2.com/img/8/0/3/4/4/2/2/1754131.largethumb.jpg?cb=1520705710,https://modthesims.info//m/8034422,https://modthesims.info//d/608613/la-catarina-restaurant.html,https://modthesims.info/downloads/ts4/38/page/4/?showType=1&t=picked&csort=0,157,52,7," 6,940 "," 18,721 ",Lots & Housing,Community,,10th Mar 2018,,12/02/2022
Jungle Adventure Minor mods - [Updated 1st July 2018],icemunmun,https://thumbs2.modthesims2.com/img/4/5/9/0/9/3/6/1752046.largethumb.jpg?cb=1519926945,https://modthesims.info//m/4590936,https://modthesims.info//d/608188/jungle-adventure-minor-mods-updated-1st-july-2018.html,https://modthesims.info/downloads/ts4/38/page/4/?showType=1&t=picked&csort=0,476,183,44," 43,123 "," 59,792 ",Game Mods,Overrides,Tuning Mods,1st Mar 2018,1st Jul 2018,12/02/2022
True Happiness,roBurky,https://thumbs2.modthesims2.com/img/9/7/8/3/7/2/0/1749491.largethumb.jpg?cb=1519299595,https://modthesims.info//m/9783720,https://modthesims.info//d/607682/true-happiness.html,https://modthesims.info/downloads/ts4/38/page/4/?showType=1&t=picked&csort=0,859,437,83," 86,643 "," 132,990 ",Game Mods,Miscellaneous,Other,22nd Feb 2018,19th Jan 2021,12/02/2022
"The Summer Home (no CC, 1 bedroom, 1 bathroom)",richrush,https://thumbs2.modthesims2.com/img/1/0/0/4/5/9/7/7/1744579.largethumb.jpg?cb=1517696250,https://modthesims.info//m/10045977,https://modthesims.info//d/606735/the-summer-home-no-cc-1-bedroom-1-bathroom.html,https://modthesims.info/downloads/ts4/38/page/4/?showType=1&t=picked&csort=0,150,71,16," 7,787 "," 19,718 ",Lots & Housing,Residential,,3rd Feb 2018,,12/02/2022
The Paris Opera House,catdenny,https://thumbs2.modthesims2.com/img/8/7/7/1/4/5/9/1746873.largethumb.jpg?cb=1518712800,https://modthesims.info//m/8771459,https://modthesims.info//d/607169/the-paris-opera-house.html,https://modthesims.info/downloads/ts4/38/page/5/?showType=1&t=picked&csort=0,192,94,21," 8,338 "," 28,564 ",Lots & Housing,Residential,,15th Feb 2018,,12/02/2022
The Sims 4 Random Sim Generator,katrisims,https://thumbs2.modthesims2.com/img/6/2/2/4/8/0/0/1742953.largethumb.jpg?cb=1516844054,https://modthesims.info//m/6224800,https://modthesims.info//d/606375/the-sims-4-random-sim-generator.html,https://modthesims.info/downloads/ts4/38/page/5/?showType=1&t=picked&csort=0,668,301,74," 24,157 "," 85,219 ",Programs and Utilities,,,25th Jan 2018,8th Dec 2021,12/02/2022
Bicolor dress,Simalicious,https://thumbs2.modthesims2.com/img/4/5/8/6/8/8/7/1742592.largethumb.jpg?cb=1516694655,https://modthesims.info//m/4586887,https://modthesims.info//d/606293/bicolor-dress.html,https://modthesims.info/downloads/ts4/38/page/5/?showType=1&t=picked&csort=0,285,78,8," 10,200 "," 22,857 ",Female,Everyday,Adult,23rd Jan 2018,,12/02/2022
Vampire Family Home (NO CC),soundrunner04,https://thumbs2.modthesims2.com/img/9/7/0/3/0/6/7/1740842.largethumb.jpg?cb=1515928335,https://modthesims.info//m/9703067,https://modthesims.info//d/605818/vampire-family-home-no-cc.html,https://modthesims.info/downloads/ts4/38/page/5/?showType=1&t=picked&csort=0,227,65,11," 13,195 "," 35,711 ",Lots & Housing,Residential,,14th Jan 2018,,12/02/2022
H&B Portal - Expensive Refrigerator,littledica,https://thumbs2.modthesims2.com/img/8/9/4/8/6/8/5/1738342.largethumb.jpg?cb=1514654289,https://modthesims.info//m/8948685,https://modthesims.info//d/605139/h-amp-b-portal-expensive-refrigerator.html,https://modthesims.info/downloads/ts4/38/page/5/?showType=1&t=picked&csort=0,"1,050",266,48," 153,954 "," 87,461 ",Appliances,,,30th Dec 2017,31st Dec 2017,12/02/2022
Cotton Candy Machine [Updated 20th June 2020],icemunmun,https://thumbs2.modthesims2.com/img/4/5/9/0/9/3/6/1736544.largethumb.jpg?cb=1513619707,https://modthesims.info//m/4590936,https://modthesims.info//d/604589/cotton-candy-machine-updated-20th-june-2020.html,https://modthesims.info/downloads/ts4/38/page/5/?showType=1&t=picked&csort=0,"1,295",300,67," 230,304 "," 153,480 ",Appliances,,,18th Dec 2017,1st Nov 2020,12/02/2022
Get To Work Active Career Aspirations (4 in total),konansock,https://thumbs2.modthesims2.com/img/9/8/6/7/0/8/5/1735265.largethumb.jpg?cb=1513073170,https://modthesims.info//m/9867085,https://modthesims.info//d/604177/get-to-work-active-career-aspirations-4-in-total.html,https://modthesims.info/downloads/ts4/38/page/5/?showType=1&t=picked&csort=0,"1,088",424,78," 108,855 "," 162,463 ",Game Mods,Miscellaneous,Other,12th Dec 2017,26th May 2020,12/02/2022
Build Your Own Houseboat,Snowhaze,https://thumbs2.modthesims2.com/img/6/8/3/1/0/2/3/1734952.largethumb.jpg?cb=1512705678,https://modthesims.info//m/6831023,https://modthesims.info//d/604133/build-your-own-houseboat.html,https://modthesims.info/downloads/ts4/38/page/5/?showType=1&t=picked&csort=0,515,209,27," 91,325 "," 106,265 ",Decorative,Sculptures,,8th Dec 2017,,12/02/2022
Joely Sterling,Hellfrozeover,https://thumbs2.modthesims2.com/img/5/5/6/4/1717918.largethumb.jpg?cb=1504301645,https://modthesims.info//m/5564,https://modthesims.info//d/599671/joely-sterling.html,https://modthesims.info/downloads/ts4/38/page/5/?showType=1&t=picked&csort=0,78,34,7," 4,299 "," 21,545 ",Sims,Other,Female,1st Sep 2017,,12/02/2022
EyeHip - Hipster Eyeglasses,Brainstrip,https://thumbs2.modthesims2.com/img/3/0/4/8/6/3/9/1731049.largethumb.jpg?cb=1510882175,https://modthesims.info//m/3048639,https://modthesims.info//d/603040/eyehip-hipster-eyeglasses.html,https://modthesims.info/downloads/ts4/38/page/5/?showType=1&t=picked&csort=0,513,164,17," 25,298 "," 38,454 ",Create-a-Sim,Glasses & Other Accessories,,17th Nov 2017,13th Apr 2020,12/02/2022
Set Filters on Paintings by Reference v4,scumbumbo,https://thumbs2.modthesims2.com/img/7/4/0/1/8/2/5/1730630.largethumb.jpg?cb=1510551456,https://modthesims.info//m/7401825,https://modthesims.info//d/602945/set-filters-on-paintings-by-reference-v4.html,https://modthesims.info/downloads/ts4/38/page/5/?showType=1&t=picked&csort=0,636,217,108," 28,632 "," 73,400 ",Game Mods,Overrides,Tuning Mods,13th Nov 2017,18th Apr 2019,12/02/2022
Self-Configurable Autonomy Mod (SCAMv6),scumbumbo,https://thumbs2.modthesims2.com/img/7/4/0/1/8/2/5/1730099.largethumb.jpg?cb=1510363321,https://modthesims.info//m/7401825,https://modthesims.info//d/602837/self-configurable-autonomy-mod-scamv6.html,https://modthesims.info/downloads/ts4/38/page/5/?showType=1&t=picked&csort=0,742,370,214," 36,023 "," 136,865 ",Game Mods,Script & Core Mods,Core Mods,11th Nov 2017,16th Apr 2019,12/02/2022
Fresh Wall Lights,Snowhaze,https://thumbs2.modthesims2.com/img/6/8/3/1/0/2/3/1728823.largethumb.jpg?cb=1509639347,https://modthesims.info//m/6831023,https://modthesims.info//d/602489/fresh-wall-lights.html,https://modthesims.info/downloads/ts4/38/page/5/?showType=1&t=picked&csort=0,383,126,14," 11,408 "," 25,248 ",Lighting,,,2nd Nov 2017,,12/02/2022
Spooky Cookies - TS4 Edition (Updated - 9.7.2020),icemunmun,https://thumbs2.modthesims2.com/img/4/5/9/0/9/3/6/1728506.largethumb.jpg?cb=1509481855,https://modthesims.info//m/4590936,https://modthesims.info//d/602418/spooky-cookies-ts4-edition-updated-9-7-2020.html,https://modthesims.info/downloads/ts4/38/page/5/?showType=1&t=picked&csort=0,772,190,24," 86,433 "," 83,859 ",Game Mods,Miscellaneous,Other,31st Oct 2017,10th Jul 2020,12/02/2022
The Pumpkin Project,icemunmun,https://thumbs2.modthesims2.com/img/4/5/9/0/9/3/6/1728166.largethumb.jpg?cb=1509307149,https://modthesims.info//m/4590936,https://modthesims.info//d/602331/the-pumpkin-project.html,https://modthesims.info/downloads/ts4/38/page/5/?showType=1&t=picked&csort=0,"1,240",274,26," 129,074 "," 101,787 ",Build Mode,Garden Center,,29th Oct 2017,22nd Jul 2021,12/02/2022
Simblreen - Bat Cave + effect,Bakie,https://thumbs2.modthesims2.com/img/3/7/5/1/1/1/9/1727798.largethumb.jpg?cb=1509127645,https://modthesims.info//m/3751119,https://modthesims.info//d/602217/simblreen-bat-cave-effect.html,https://modthesims.info/downloads/ts4/38/page/5/?showType=1&t=picked&csort=0,284,74,22," 8,397 "," 23,568 ",Decorative,Miscellaneous,,27th Oct 2017,,12/02/2022
Zimdorf - A Tudor Village,zims33,https://thumbs2.modthesims2.com/img/6/9/7/3/9/2/7/1724643.largethumb.jpg?cb=1507150719,https://modthesims.info//m/6973927,https://modthesims.info//d/601198/zimdorf-a-tudor-village.html,https://modthesims.info/downloads/ts4/38/page/5/?showType=1&t=picked&csort=0,146,75,6," 6,685 "," 29,403 ",Lots & Housing,Residential,,4th Oct 2017,,12/02/2022
Functional candy Dispenser with Edible Candies [Updated 20.06.2020 ] - Spooky Day Update,icemunmun,https://thumbs2.modthesims2.com/img/4/5/9/0/9/3/6/1651925.largethumb.jpg?cb=1477080190,https://modthesims.info//m/4590936,https://modthesims.info//d/584721/functional-candy-dispenser-with-edible-candies-updated-20-06-2020-spooky-day-update.html,https://modthesims.info/downloads/ts4/38/page/5/?showType=1&t=picked&csort=0,"1,280",365,71," 334,034 "," 148,907 ",Appliances,,,21st Oct 2016,20th Jun 2020,12/02/2022
Serenity Relax Spa - No CC,bradybrad7,https://thumbs2.modthesims2.com/img/9/4/8/3/8/1723933.largethumb.jpg?cb=1506297698,https://modthesims.info//m/94838,https://modthesims.info//d/600704/serenity-relax-spa-no-cc.html,https://modthesims.info/downloads/ts4/38/page/5/?showType=1&t=picked&csort=0,147,53,3," 10,255 "," 31,924 ",Lots & Housing,Community,,25th Sep 2017,,12/02/2022
Fantasia - 3BR/2BA Vacation Cottage [NO CC],zims33,https://thumbs2.modthesims2.com/img/6/9/7/3/9/2/7/1703485.largethumb.jpg?cb=1498481386,https://modthesims.info//m/6973927,https://modthesims.info//d/596443/fantasia-3br-2ba-vacation-cottage-no-cc.html,https://modthesims.info/downloads/ts4/38/page/5/?showType=1&t=picked&csort=0,130,54,9," 5,374 "," 21,019 ",Lots & Housing,Residential,,26th Jun 2017,,12/02/2022
"Castle Stokesay/noCC, GTG needed.",Velouriah,https://thumbs2.modthesims2.com/img/9/7/7/8/8/3/7/1718625.largethumb.jpg?cb=1504555246,https://modthesims.info//m/9778837,https://modthesims.info//d/599800/castle-stokesay-nocc-gtg-needed.html,https://modthesims.info/downloads/ts4/38/page/6/?showType=1&t=picked&csort=0,286,146,17," 12,785 "," 40,350 ",Lots & Housing,Residential,,4th Sep 2017,,12/02/2022
Live Drag: Move Objects without Pausing (Updated 6/26),TwistedMexi,https://thumbs2.modthesims2.com/img/8/9/9/1/6/3/4/1718451.largethumb.jpg?cb=1504489001,https://modthesims.info//m/8991634,https://modthesims.info//d/599768/live-drag-move-objects-without-pausing-updated-6-26.html,https://modthesims.info/downloads/ts4/38/page/6/?showType=1&t=picked&csort=0,515,219,46," 22,127 "," 61,389 ",Game Mods,Script & Core Mods,Pure Scripting Mods,4th Sep 2017,30th Jun 2018,12/02/2022
Animated Mousehole,Bakie,https://thumbs2.modthesims2.com/img/3/7/5/1/1/1/9/1717910.largethumb.jpg?cb=1504295283,https://modthesims.info//m/3751119,https://modthesims.info//d/599665/animated-mousehole.html,https://modthesims.info/downloads/ts4/38/page/6/?showType=1&t=picked&csort=0,272,69,17," 7,835 "," 25,736 ",Decorative,Wall Hangings,,1st Sep 2017,,12/02/2022
[UPDATED] Phone DReplacement - Samsung GALAXY Note8,littledica,https://thumbs2.modthesims2.com/img/8/9/4/8/6/8/5/1717334.largethumb.jpg?cb=1504094206,https://modthesims.info//m/8948685,https://modthesims.info//d/599514/updated-phone-dreplacement-samsung-galaxy-note8.html,https://modthesims.info/downloads/ts4/38/page/6/?showType=1&t=picked&csort=0,515,167,35," 119,045 "," 93,996 ",Game Mods,Overrides,Other,30th Aug 2017,26th Nov 2017,12/02/2022
Functional Aqua Pura Water Cooler,Menaceman44,https://thumbs2.modthesims2.com/img/5/9/3/6/3/1717288.largethumb.jpg?cb=1504030137,https://modthesims.info//m/59363,https://modthesims.info//d/599551/functional-aqua-pura-water-cooler.html,https://modthesims.info/downloads/ts4/38/page/6/?showType=1&t=picked&csort=0,"1,665",404,109," 126,988 "," 124,479 ",Appliances,,,29th Aug 2017,10th Sep 2019,12/02/2022
"Christina Fiona Mansion - 4 bedr, 3 bathr",Lyralei,https://thumbs2.modthesims2.com/img/8/4/9/4/5/9/1/1715630.largethumb.jpg?cb=1503257278,https://modthesims.info//m/8494591,https://modthesims.info//d/599161/christina-fiona-mansion-4-bedr-3-bathr.html,https://modthesims.info/downloads/ts4/38/page/6/?showType=1&t=picked&csort=0,121,50,4," 5,902 "," 30,608 ",Lots & Housing,Residential,,20th Aug 2017,,12/02/2022
Old Square Market (noCC),Oloriell,https://thumbs2.modthesims2.com/img/7/2/2/7/2/5/0/1708607.largethumb.jpg?cb=1500592562,https://modthesims.info//m/7227250,https://modthesims.info//d/597695/old-square-market-nocc.html,https://modthesims.info/downloads/ts4/38/page/6/?showType=1&t=picked&csort=0,317,157,40," 14,492 "," 37,955 ",Lots & Housing,Community,,21st Jul 2017,,12/02/2022
"The Cathedral of the Holy Trinity, Dresden - Major Update!",Glouryian,https://thumbs2.modthesims2.com/img/1/5/3/4/0/1/1712861.largethumb.jpg?cb=1500139507,https://modthesims.info//m/153401,https://modthesims.info//d/597483/the-cathedral-of-the-holy-trinity-dresden-major-update.html,https://modthesims.info/downloads/ts4/38/page/6/?showType=1&t=picked&csort=0,168,80,14," 11,549 "," 43,123 ",Lots & Housing,Community,,15th Jul 2017,4th Aug 2017,12/02/2022
(Kind of) Saree,grindingteeth,https://thumbs2.modthesims2.com/img/4/3/3/4/5/1/1/1690173.largethumb.jpg?cb=1493606418,https://modthesims.info//m/4334511,https://modthesims.info//d/593826/kind-of-saree.html,https://modthesims.info/downloads/ts4/38/page/6/?showType=1&t=picked&csort=0,346,119,32," 29,922 "," 47,660 ",Female,Mixed Sets,Adult,1st May 2017,1st May 2017,12/02/2022
[starter] griselda - 2br / 2ba,farfalle,https://thumbs2.modthesims2.com/img/3/2/5/5/8/2/2/1697672.largethumb.jpg?cb=1496352370,https://modthesims.info//m/3255822,https://modthesims.info//d/595288/starter-griselda-2br-2ba.html,https://modthesims.info/downloads/ts4/38/page/6/?showType=1&t=picked&csort=0,273,120,16," 10,193 "," 30,506 ",Lots & Housing,Residential,,1st Jun 2017,,12/02/2022
On the Curve:Circular and Oval Flowerbeds Reborn,Snowhaze,https://thumbs2.modthesims2.com/img/6/8/3/1/0/2/3/1691574.largethumb.jpg?cb=1493914772,https://modthesims.info//m/6831023,https://modthesims.info//d/594079/on-the-curve-circular-and-oval-flowerbeds-reborn.html,https://modthesims.info/downloads/ts4/38/page/6/?showType=1&t=picked&csort=0,461,179,25," 50,207 "," 65,968 ",Decorative,Sculptures,,4th May 2017,,12/02/2022
TwistedMexi's Terrain Pack,TwistedMexi,https://thumbs2.modthesims2.com/img/8/9/9/1/6/3/4/1688124.largethumb.jpg?cb=1492498636,https://modthesims.info//m/8991634,https://modthesims.info//d/593369/twistedmexi-s-terrain-pack.html,https://modthesims.info/downloads/ts4/38/page/6/?showType=1&t=picked&csort=0,538,265,61," 23,420 "," 69,882 ",Build Mode,Garden Center,,18th Apr 2017,,12/02/2022
Modular Pipe Organ 3,Alexander.Chubaty,https://thumbs2.modthesims2.com/img/1/2/7/6/8/2/6/1682971.largethumb.jpg?cb=1490205697,https://modthesims.info//m/1276826,https://modthesims.info//d/591516/modular-pipe-organ-3.html,https://modthesims.info/downloads/ts4/38/page/6/?showType=1&t=picked&csort=0,160,73,15," 12,288 "," 42,652 ",Hobbies,Creative,,22nd Mar 2017,22nd Mar 2017,12/02/2022
Build-a-Shower Kit,Madhox,https://thumbs2.modthesims2.com/img/9/8/6/3/7/2/0/1647793.largethumb.jpg?cb=1475399986,https://modthesims.info//m/9863720,https://modthesims.info//d/583934/build-a-shower-kit.html,https://modthesims.info/downloads/ts4/38/page/6/?showType=1&t=picked&csort=0,"2,012",783,120," 259,815 "," 204,280 ",Plumbing,,,2nd Oct 2016,,12/02/2022
Grey Havens. No CC.,Velouriah,https://thumbs2.modthesims2.com/img/9/7/7/8/8/3/7/1670623.largethumb.jpg?cb=1485186385,https://modthesims.info//m/9778837,https://modthesims.info//d/588834/grey-havens-no-cc.html,https://modthesims.info/downloads/ts4/38/page/6/?showType=1&t=picked&csort=0,260,173,21," 11,597 "," 37,601 ",Lots & Housing,Community,,23rd Jan 2017,23rd Jan 2017,12/02/2022
Tropical Drinks,ohmysims,https://thumbs2.modthesims2.com/img/7/0/6/6/4/8/9/1669778.largethumb.jpg?cb=1485037548,https://modthesims.info//m/7066489,https://modthesims.info//d/588674/tropical-drinks.html,https://modthesims.info/downloads/ts4/38/page/6/?showType=1&t=picked&csort=0,691,191,38," 64,773 "," 83,868 ",Game Mods,Miscellaneous,Other,21st Jan 2017,,12/02/2022
The Dragon's Lair Ride,Snowhaze,https://thumbs2.modthesims2.com/img/6/8/3/1/0/2/3/1665403.largethumb.jpg?cb=1483722640,https://modthesims.info//m/6831023,https://modthesims.info//d/587860/the-dragon-s-lair-ride.html,https://modthesims.info/downloads/ts4/38/page/6/?showType=1&t=picked&csort=0,89,62,5," 4,849 "," 31,986 ",Lots & Housing,Community,,6th Jan 2017,,12/02/2022
Simlish Font - Nootrasim,Franzilla,https://thumbs2.modthesims2.com/img/9/7/9/0/1/4/4/1652511.largethumb.jpg?cb=1477356104,https://modthesims.info//m/9790144,https://modthesims.info//d/584840/simlish-font-nootrasim.html,https://modthesims.info/downloads/ts4/38/page/6/?showType=1&t=picked&csort=0,139,47,6," 6,272 "," 46,681 ",Miscellaneous,Miscellaneous,,25th Oct 2016,25th Oct 2016,12/02/2022
City of the damned,Aya20,https://thumbs2.modthesims2.com/img/3/7/5/8/5/4/1/1651277.largethumb.jpg?cb=1476725854,https://modthesims.info//m/3758541,https://modthesims.info//d/584581/city-of-the-damned.html,https://modthesims.info/downloads/ts4/38/page/6/?showType=1&t=picked&csort=0,193,157,20," 9,133 "," 50,291 ",Lots & Housing,Residential,,17th Oct 2016,,12/02/2022
Lt Nyota Uhura - Communications Officer,Snowhaze,https://thumbs2.modthesims2.com/img/6/8/3/1/0/2/3/1650811.largethumb.jpg?cb=1476456902,https://modthesims.info//m/6831023,https://modthesims.info//d/584454/lt-nyota-uhura-communications-officer.html,https://modthesims.info/downloads/ts4/38/page/6/?showType=1&t=picked&csort=0,99,36,9," 2,691 "," 17,218 ",Sims,Sci-Fi,Female,14th Oct 2016,,12/02/2022
Revenge of the Mummy,Snowhaze,https://thumbs2.modthesims2.com/img/6/8/3/1/0/2/3/1645467.largethumb.jpg?cb=1474927955,https://modthesims.info//m/6831023,https://modthesims.info//d/583425/revenge-of-the-mummy.html,https://modthesims.info/downloads/ts4/38/page/7/?showType=1&t=picked&csort=0,50,20,8," 2,205 "," 22,253 ",Sims,Horror / Gothic,Male,27th Sep 2016,,12/02/2022
Simlish Handwriting Fonts - Part 1,Franzilla,https://thumbs.modthesims.info/getimage.php?file=1641910,https://modthesims.info//m/9790144,https://modthesims.info//d/582592/simlish-handwriting-fonts-part-1.html,https://modthesims.info/downloads/ts4/38/page/7/?showType=1&t=picked&csort=0,241,94,11," 16,588 "," 48,968 ",Miscellaneous,Miscellaneous,,3rd Sep 2016,,12/02/2022
Wolfie Werewolf,Snowhaze,https://thumbs2.modthesims2.com/img/6/8/3/1/0/2/3/1644488.largethumb.jpg?cb=1474161842,https://modthesims.info//m/6831023,https://modthesims.info//d/583197/wolfie-werewolf.html,https://modthesims.info/downloads/ts4/38/page/7/?showType=1&t=picked&csort=0,42,21,3," 3,647 "," 28,720 ",Sims,Horror / Gothic,Male,18th Sep 2016,,12/02/2022
Gold Digger Basegame Modern House (NOCC),NelcaRed,https://thumbs2.modthesims2.com/img/9/7/9/8/3/3/7/1637558.largethumb.jpg?cb=1470962760,https://modthesims.info//m/9798337,https://modthesims.info//d/581456/gold-digger-basegame-modern-house-nocc.html,https://modthesims.info/downloads/ts4/38/page/7/?showType=1&t=picked&csort=0,305,138,10," 20,252 "," 53,365 ",Lots & Housing,Residential,,12th Aug 2016,,12/02/2022
"Autumnal Colonial (Base+CC, 3Bd/3Ba)",gizky,https://thumbs2.modthesims2.com/img/1/7/2/9/8/8/0/1642453.largethumb.jpg?cb=1473096693,https://modthesims.info//m/1729880,https://modthesims.info//d/582744/autumnal-colonial-base-cc-3bd-3ba.html,https://modthesims.info/downloads/ts4/38/page/7/?showType=1&t=picked&csort=0,272,164,29," 9,638 "," 52,421 ",Lots & Housing,Residential,,5th Sep 2016,,12/02/2022
S4 CAS Tools - updated to V3.5.3.1 on 9/11/2021,CmarNYC,https://thumbs2.modthesims2.com/img/3/2/1/6/5/9/6/1640811.largethumb.jpg?cb=1472414020,https://modthesims.info//m/3216596,https://modthesims.info//d/582348/s4-cas-tools-updated-to-v3-5-3-1-on-9-11-2021.html,https://modthesims.info/downloads/ts4/38/page/7/?showType=1&t=picked&csort=0,"1,066",393,421," 96,162 "," 219,112 ",Programs and Utilities,,,28th Aug 2016,11th Sep 2021,12/02/2022
Lucille Ball,Snowhaze,https://thumbs2.modthesims2.com/img/6/8/3/1/0/2/3/1637405.largethumb.jpg?cb=1470789451,https://modthesims.info//m/6831023,https://modthesims.info//d/581412/lucille-ball.html,https://modthesims.info/downloads/ts4/38/page/7/?showType=1&t=picked&csort=0,200,75,20," 4,796 "," 25,561 ",Sims,Celebrities & Real People,Female,10th Aug 2016,,12/02/2022
Octopus Udon,ohmysims,https://thumbs2.modthesims2.com/img/7/0/6/6/4/8/9/1631465.largethumb.jpg?cb=1468179437,https://modthesims.info//m/7066489,https://modthesims.info//d/579883/octopus-udon.html,https://modthesims.info/downloads/ts4/38/page/7/?showType=1&t=picked&csort=0,981,309,45," 99,902 "," 101,073 ",Game Mods,Miscellaneous,Other,10th Jul 2016,21st Jan 2017,12/02/2022
Elmhurst Manor,Aibrean,https://thumbs2.modthesims2.com/img/1/0/8/3/3/3/1624859.largethumb.jpg?cb=1465175598,https://modthesims.info//m/108333,https://modthesims.info//d/578094/elmhurst-manor.html,https://modthesims.info/downloads/ts4/38/page/7/?showType=1&t=picked&csort=0,152,67,12," 7,049 "," 28,119 ",Lots & Housing,Residential,,6th Jun 2016,,12/02/2022
Vielle (Medieval Violin),Esmeralda,https://thumbs2.modthesims2.com/img/3/1/6/9/9/6/3/1621353.largethumb.jpg?cb=1463592383,https://modthesims.info//m/3169963,https://modthesims.info//d/577185/vielle-medieval-violin.html,https://modthesims.info/downloads/ts4/38/page/7/?showType=1&t=picked&csort=0,545,169,22," 23,181 "," 62,387 ",Hobbies,Creative,,18th May 2016,,12/02/2022
Lute (Medieval/Renaissance Guitar),Esmeralda,https://thumbs2.modthesims2.com/img/3/1/6/9/9/6/3/1619904.largethumb.jpg?cb=1462970939,https://modthesims.info//m/3169963,https://modthesims.info//d/576887/lute-medieval-renaissance-guitar.html,https://modthesims.info/downloads/ts4/38/page/7/?showType=1&t=picked&csort=0,563,164,27," 27,959 "," 59,574 ",Hobbies,Creative,,11th May 2016,16th May 2016,12/02/2022
Smarty Pants Science Club (CC Free),luvalphvle,https://thumbs2.modthesims2.com/img/9/8/7/9/1/1/1602231.largethumb.jpg?cb=1454965427,https://modthesims.info//m/987911,https://modthesims.info//d/572198/smarty-pants-science-club-cc-free.html,https://modthesims.info/downloads/ts4/38/page/7/?showType=1&t=picked&csort=0,147,73,5," 5,220 "," 24,296 ",Lots & Housing,Community,,8th Feb 2016,,12/02/2022
Country Craftsman - NO CC,pollycranopolis,https://thumbs2.modthesims2.com/img/8/7/3/5/1/8/3/1620007.largethumb.jpg?cb=1463000859,https://modthesims.info//m/8735183,https://modthesims.info//d/576904/country-craftsman-no-cc.html,https://modthesims.info/downloads/ts4/38/page/7/?showType=1&t=picked&csort=0,336,127,20," 10,590 "," 33,817 ",Lots & Housing,Residential,,11th May 2016,,12/02/2022
Mary Margaret(Once Upon a time)_AndrewF,AndrewF,https://thumbs2.modthesims2.com/img/9/8/1/5/2/6/9/1616971.largethumb.jpg?cb=1461794488,https://modthesims.info//m/9815269,https://modthesims.info//d/576165/mary-margaret-once-upon-a-time-andrewf.html,https://modthesims.info/downloads/ts4/38/page/7/?showType=1&t=picked&csort=0,106,50,15," 4,207 "," 26,974 ",Sims,Celebrities & Real People,Female,28th Apr 2016,,12/02/2022
Howl's Flying Home,jamspanumas,https://thumbs2.modthesims2.com/img/9/4/5/7/3/6/8/1616475.largethumb.jpg?cb=1461624101,https://modthesims.info//m/9457368,https://modthesims.info//d/576042/howl-s-flying-home.html,https://modthesims.info/downloads/ts4/38/page/7/?showType=1&t=picked&csort=0,264,205,41," 9,174 "," 61,865 ",Lots & Housing,Residential,,26th Apr 2016,,12/02/2022
Creole Court Retail Plaza,bubbajoe62,https://thumbs2.modthesims2.com/img/2/3/0/9/2/9/5/1535527.largethumb.jpg?cb=1433030033,https://modthesims.info//m/2309295,https://modthesims.info//d/556389/creole-court-retail-plaza.html,https://modthesims.info/downloads/ts4/38/page/7/?showType=1&t=picked&csort=0,165,103,13," 6,632 "," 41,354 ",Lots & Housing,Community,,31st May 2015,1st Jun 2015,12/02/2022
Lophiiformes,Zagy,https://thumbs2.modthesims2.com/img/7/9/3/2/7/8/1/1573190.largethumb.jpg?cb=1443664226,https://modthesims.info//m/7932781,https://modthesims.info//d/565094/lophiiformes.html,https://modthesims.info/downloads/ts4/38/page/7/?showType=1&t=picked&csort=0,169,114,14," 5,490 "," 33,495 ",Lots & Housing,Residential,,1st Oct 2015,,12/02/2022
"Fairview - 3BR 2BA, no CC",plasticbox,https://thumbs2.modthesims2.com/img/1/7/8/2/8/2/1582247.largethumb.jpg?cb=1447220074,https://modthesims.info//m/178282,https://modthesims.info//d/567241/fairview-8210-3br-2ba-no-cc.html,https://modthesims.info/downloads/ts4/38/page/7/?showType=1&t=picked&csort=0,498,143,17," 12,738 "," 35,279 ",Lots & Housing,Residential,,11th Nov 2015,,12/02/2022
Cacao Cabana,The Builder,https://thumbs2.modthesims2.com/img/2/0/4/4/1/8/1601402.largethumb.jpg?cb=1454727725,https://modthesims.info//m/204418,https://modthesims.info//d/571996/cacao-cabana.html,https://modthesims.info/downloads/ts4/38/page/7/?showType=1&t=picked&csort=0,250,109,6," 15,119 "," 53,334 ",Lots & Housing,Residential,,6th Feb 2016,,12/02/2022
K505 Terrains Replacement - Base Game + Seasons ONLY,Blackgryffin,https://thumbs2.modthesims2.com/img/3/9/5/2/7/5/1901690.largethumb.jpg?cb=1452094478,https://modthesims.info//m/395275,https://modthesims.info//d/570125/k505-terrains-replacement-base-game-seasons-only.html,https://modthesims.info/downloads/ts4/38/page/7/?showType=1&t=picked&csort=0,884,408,218," 165,099 "," 115,643 ",Game Mods,Overrides,Other,6th Jan 2016,16th Apr 2020,12/02/2022
S.A.M. - Sim Activated Machine,Esmeralda,https://thumbs2.modthesims2.com/img/3/1/6/9/9/6/3/1606066.largethumb.jpg?cb=1456238661,https://modthesims.info//m/3169963,https://modthesims.info//d/573160/s-a-m-sim-activated-machine.html,https://modthesims.info/downloads/ts4/38/page/8/?showType=1&t=picked&csort=0,247,105,54," 12,309 "," 71,760 ",Sims,Sci-Fi,Groups,23rd Feb 2016,22nd Jun 2018,12/02/2022
Food Delivery for your Sims! v1.2 - 2/21/2016 Update,simmythesim,https://thumbs2.modthesims2.com/img/8/4/4/2/6/0/0/1604782.largethumb.jpg?cb=1455823088,https://modthesims.info//m/8442600,https://modthesims.info//d/572855/food-delivery-for-your-sims-v1-2-2-21-2016-update.html,https://modthesims.info/downloads/ts4/38/page/8/?showType=1&t=picked&csort=0,858,387,93," 102,811 "," 142,073 ",Game Mods,Overrides,Other,18th Feb 2016,21st Feb 2016,12/02/2022
Maylenderton Victorian,CarlDillynson,https://thumbs2.modthesims2.com/img/8/8/8/9/9/8/9/1605097.largethumb.jpg?cb=1455935931,https://modthesims.info//m/8889989,https://modthesims.info//d/572947/maylenderton-victorian.html,https://modthesims.info/downloads/ts4/38/page/8/?showType=1&t=picked&csort=0,336,184,11," 12,629 "," 32,718 ",Lots & Housing,Residential,,20th Feb 2016,,12/02/2022
Plumbots from TS3: 13 Parts to Mix + Match,Esmeralda,https://thumbs2.modthesims2.com/img/3/1/6/9/9/6/3/1526925.largethumb.jpg?cb=1430509866,https://modthesims.info//m/3169963,https://modthesims.info//d/554364/plumbots-from-ts3-13-parts-to-mix-match.html,https://modthesims.info/downloads/ts4/38/page/8/?showType=1&t=picked&csort=0,414,219,59," 110,218 "," 109,403 ",Both Genders / Unisex,Mixed Sets,Adult,1st May 2015,24th Jun 2018,12/02/2022
"Regina Mills from ""Once Upon a Time""",luizgofman,https://thumbs2.modthesims2.com/img/8/5/6/5/7/8/1587732.largethumb.jpg?cb=1450037531,https://modthesims.info//m/856578,https://modthesims.info//d/568636/regina-mills-from-quot-once-upon-a-time-quot.html,https://modthesims.info/downloads/ts4/38/page/8/?showType=1&t=picked&csort=0,235,97,28," 10,854 "," 38,921 ",Sims,Celebrities & Real People,Female,13th Dec 2015,,12/02/2022
"Emma Swan from ""Once Upon a Time""",luizgofman,https://thumbs2.modthesims2.com/img/8/5/6/5/7/8/1587456.largethumb.jpg?cb=1449813145,https://modthesims.info//m/856578,https://modthesims.info//d/568544/emma-swan-from-quot-once-upon-a-time-quot.html,https://modthesims.info/downloads/ts4/38/page/8/?showType=1&t=picked&csort=0,241,100,42," 13,596 "," 47,035 ",Sims,Celebrities & Real People,Female,11th Dec 2015,12th Dec 2015,12/02/2022
Mod Conflict Detector [Update 03/03/2018],DmitryMalfatto,https://thumbs2.modthesims2.com/img/9/7/0/9/4/1/7/1701451.largethumb.jpg?cb=1438820628,https://modthesims.info//m/9709417,https://modthesims.info//d/561550/mod-conflict-detector-update-03-03-2018.html,https://modthesims.info/downloads/ts4/38/page/8/?showType=1&t=picked&csort=0,"7,723",1719,951," 5,141,617 "," 1,009,993 ",Programs and Utilities,,,6th Aug 2015,3rd Mar 2018,12/02/2022
Eucalyptus Trees (Yeronga Collection),Beefysim1,https://thumbs2.modthesims2.com/img/6/0/0/8/5/1597929.largethumb.jpg?cb=1453711568,https://modthesims.info//m/60085,https://modthesims.info//d/571265/eucalyptus-trees-yeronga-collection.html,https://modthesims.info/downloads/ts4/38/page/8/?showType=1&t=picked&csort=0,602,147,23," 34,363 "," 60,666 ",Build Mode,Garden Center,,25th Jan 2016,,12/02/2022
Old Mill Pub.,Mykuska,https://thumbs2.modthesims2.com/img/8/2/1/1/8/1/9/1601812.largethumb.jpg?cb=1454978276,https://modthesims.info//m/8211819,https://modthesims.info//d/572138/old-mill-pub.html,https://modthesims.info/downloads/ts4/38/page/8/?showType=1&t=picked&csort=0,125,66,7," 4,822 "," 39,665 ",Lots & Housing,Community,,9th Feb 2016,,12/02/2022
Harvestable Olive Tree,icemunmun,https://thumbs2.modthesims2.com/img/4/5/9/0/9/3/6/1599434.largethumb.jpg?cb=1454376841,https://modthesims.info//m/4590936,https://modthesims.info//d/571599/harvestable-olive-tree.html,https://modthesims.info/downloads/ts4/38/page/8/?showType=1&t=picked&csort=0,"1,845",335,71," 130,817 "," 140,185 ",Build Mode,Garden Center,,2nd Feb 2016,22nd Jul 2021,12/02/2022
Colonial Sanders - NO CC,pollycranopolis,https://thumbs2.modthesims2.com/img/8/7/3/5/1/8/3/1592121.largethumb.jpg?cb=1451768752,https://modthesims.info//m/8735183,https://modthesims.info//d/569833/colonial-sanders-no-cc.html,https://modthesims.info/downloads/ts4/38/page/8/?showType=1&t=picked&csort=0,398,158,19," 9,868 "," 30,202 ",Lots & Housing,Residential,,2nd Jan 2016,,12/02/2022
Working Alarm Clocks,scumbumbo,https://thumbs2.modthesims2.com/img/7/4/0/1/8/2/5/1598625.largethumb.jpg?cb=1453921104,https://modthesims.info//m/7401825,https://modthesims.info//d/571393/working-alarm-clocks.html,https://modthesims.info/downloads/ts4/38/page/8/?showType=1&t=picked&csort=0,"1,295",471,142," 148,259 "," 145,079 ",Game Mods,Miscellaneous,Other,27th Jan 2016,1st Feb 2019,12/02/2022
Queenslander Doors (Yeronga Collection),Beefysim1,https://thumbs2.modthesims2.com/img/6/0/0/8/5/1597547.largethumb.jpg?cb=1453643164,https://modthesims.info//m/60085,https://modthesims.info//d/571198/queenslander-doors-yeronga-collection.html,https://modthesims.info/downloads/ts4/38/page/8/?showType=1&t=picked&csort=0,797,209,17," 27,215 "," 44,195 ",Build Mode,Doors & Windows,,24th Jan 2016,,12/02/2022
Sylvan Glade Province Frog Exchange (no CC),Alrunia,https://thumbs2.modthesims2.com/img/3/0/9/9/3/0/4/1596465.largethumb.jpg?cb=1453343289,https://modthesims.info//m/3099304,https://modthesims.info//d/570967/sylvan-glade-province-frog-exchange-no-cc.html,https://modthesims.info/downloads/ts4/38/page/8/?showType=1&t=picked&csort=0,322,154,18," 7,974 "," 29,761 ",Lots & Housing,Community,,21st Jan 2016,,12/02/2022
"Church of Saint Circe (2br, 2bath) (no CC)",Alrunia,https://thumbs2.modthesims2.com/img/3/0/9/9/3/0/4/1599833.largethumb.jpg?cb=1454277174,https://modthesims.info//m/3099304,https://modthesims.info//d/571675/church-of-saint-circe-2br-2bath-no-cc.html,https://modthesims.info/downloads/ts4/38/page/8/?showType=1&t=picked&csort=0,123,61,3," 3,815 "," 15,922 ",Lots & Housing,Residential,,31st Jan 2016,,12/02/2022
Updated 31/07/2021 15 Hour Active Career Day with better Wages...,mummy_001,https://thumbs2.modthesims2.com/img/4/0/8/4/2/6/9/1686277.largethumb.jpg?cb=1452461874,https://modthesims.info//m/4084269,https://modthesims.info//d/569844/updated-31-07-2021-15-hour-active-career-day-with-better-wages.html,https://modthesims.info/downloads/ts4/38/page/8/?showType=1&t=picked&csort=0,943,454,151," 99,920 "," 141,430 ",Game Mods,Overrides,Tuning Mods,10th Jan 2016,31st Jul 2021,12/02/2022
Grilled Cheese Aspiration,r3m,https://thumbs2.modthesims2.com/img/9/7/7/3/3/5/2/MTS_r3m-1597763-icon.jpg?cb=1642334527,https://modthesims.info//m/9773352,https://modthesims.info//d/571249/grilled-cheese-aspiration.html,https://modthesims.info/downloads/ts4/38/page/8/?showType=1&t=picked&csort=0,580,287,66," 36,179 "," 80,264 ",Game Mods,Miscellaneous,Other,26th Jan 2016,31st Jan 2016,12/02/2022
More Columns in CAS v1.9.1 for Legacy Edition,weerbesu,https://thumbs2.modthesims2.com/img/1/6/6/1/0/2/1555923.largethumb.jpg?cb=1435173482,https://modthesims.info//m/166102,https://modthesims.info//d/558052/more-columns-in-cas-v1-9-1-for-legacy-edition.html,https://modthesims.info/downloads/ts4/38/page/8/?showType=1&t=picked&csort=0,"7,910",2190,733," 2,658,751 "," 800,546 ",Game Mods,Overrides,Other,24th Jun 2015,21st Jul 2021,12/02/2022
TS4 XML Compare - Version 1.3.21,scumbumbo,https://thumbs2.modthesims2.com/img/7/4/0/1/8/2/5/1595721.largethumb.jpg?cb=1452974146,https://modthesims.info//m/7401825,https://modthesims.info//d/570775/ts4-xml-compare-version-1-3-21.html,https://modthesims.info/downloads/ts4/38/page/8/?showType=1&t=picked&csort=0,251,91,18," 7,070 "," 34,520 ",Programs and Utilities,,,16th Jan 2016,7th Jul 2018,12/02/2022
Couch Together,artrui,https://thumbs2.modthesims2.com/img/2/6/8/2/9/8/3/1595217.largethumb.jpg?cb=1452781690,https://modthesims.info//m/2682983,https://modthesims.info//d/570647/couch-together.html,https://modthesims.info/downloads/ts4/38/page/8/?showType=1&t=picked&csort=0,674,392,58," 47,012 "," 96,849 ",Comfort,Living Chairs and Recliners,,14th Jan 2016,,12/02/2022
"TS4 Skininator - Version 2.4, 3/29/2021",CmarNYC,https://thumbs2.modthesims2.com/img/3/2/1/6/5/9/6/1587246.largethumb.jpg?cb=1449613174,https://modthesims.info//m/3216596,https://modthesims.info//d/568474/ts4-skininator-version-2-4-3-29-2021.html,https://modthesims.info/downloads/ts4/38/page/9/?showType=1&t=picked&csort=0,731,375,310," 68,860 "," 151,229 ",Programs and Utilities,,,8th Dec 2015,29th Mar 2021,12/02/2022
50s Themed Diner,clw8,https://thumbs2.modthesims2.com/img/9/0/2/6/8/4/1585847.largethumb.jpg?cb=1449016835,https://modthesims.info//m/902684,https://modthesims.info//d/568090/50s-themed-diner.html,https://modthesims.info/downloads/ts4/38/page/9/?showType=1&t=picked&csort=0,127,60,6," 5,485 "," 24,588 ",Lots & Housing,Community,,2nd Dec 2015,,12/02/2022
Little Amsterdam - NoCC - 6 Row House,una,https://thumbs2.modthesims2.com/img/3/3/8/8/3/4/1583564.largethumb.jpg?cb=1447800032,https://modthesims.info//m/338834,https://modthesims.info//d/567548/little-amsterdam-nocc-6-row-house.html,https://modthesims.info/downloads/ts4/38/page/9/?showType=1&t=picked&csort=0,159,78,6," 9,183 "," 29,504 ",Lots & Housing,Residential,,17th Nov 2015,,12/02/2022
Rose Valley - NoCC!,una,https://thumbs2.modthesims2.com/img/3/3/8/8/3/4/1579259.largethumb.jpg?cb=1445947188,https://modthesims.info//m/338834,https://modthesims.info//d/566587/rose-valley-nocc.html,https://modthesims.info/downloads/ts4/38/page/9/?showType=1&t=picked&csort=0,394,156,25," 24,806 "," 40,096 ",Lots & Housing,Residential,,27th Oct 2015,,12/02/2022
[Semi®amide] Up's House,TheSimsLoverOurCreation,https://thumbs2.modthesims2.com/img/9/7/3/5/0/8/2/1570123.largethumb.jpg?cb=1442622216,https://modthesims.info//m/9735082,https://modthesims.info//d/564535/semi-amide-up-s-house.html,https://modthesims.info/downloads/ts4/38/page/9/?showType=1&t=picked&csort=0,153,81,8," 4,556 "," 28,548 ",Lots & Housing,Residential,,19th Sep 2015,,12/02/2022
"Servo From TS2 *The first, original conversion. With extra features - wears hats, modified voice",Esmeralda,https://thumbs2.modthesims2.com/img/3/1/6/9/9/6/3/1484931.largethumb.jpg?cb=1417461144,https://modthesims.info//m/3169963,https://modthesims.info//d/542670/servo-from-ts2-the-first-original-conversion-with-extra-features-wears-hats-modified-voice.html,https://modthesims.info/downloads/ts4/38/page/9/?showType=1&t=picked&csort=0,296,149,65," 21,624 "," 67,361 ",Sims,"Anime, Comic & Gaming Characters",Male,1st Dec 2014,21st Jun 2018,12/02/2022
XML Extractor for The Sims 4,scumbumbo,https://thumbs2.modthesims2.com/img/7/4/0/1/8/2/5/1564247.largethumb.jpg?cb=1440738939,https://modthesims.info//m/7401825,https://modthesims.info//d/563256/xml-extractor-for-the-sims-4.html,https://modthesims.info/downloads/ts4/38/page/9/?showType=1&t=picked&csort=0,430,151,115," 24,238 "," 89,514 ",Programs and Utilities,,,28th Aug 2015,8th Dec 2018,12/02/2022
Journey to Orlais: Chateau D`Onterre - updated 2015-08-23,klein_svenni,https://thumbs2.modthesims2.com/img/2/6/7/9/6/9/9/1561808.largethumb.jpg?cb=1439916027,https://modthesims.info//m/2679699,https://modthesims.info//d/562589/journey-to-orlais-chateau-d-onterre-updated-2015-08-23.html,https://modthesims.info/downloads/ts4/38/page/9/?showType=1&t=picked&csort=0,139,85,17," 15,646 "," 26,436 ",Lots & Housing,Residential,,18th Aug 2015,23rd Aug 2015,12/02/2022
Butterfly Fairy Costume,VentusMatt,https://thumbs2.modthesims2.com/img/8/6/1/0/1/1/9/1618954.largethumb.jpg?cb=1444595362,https://modthesims.info//m/8610119,https://modthesims.info//d/565760/butterfly-fairy-costume.html,https://modthesims.info/downloads/ts4/38/page/9/?showType=1&t=picked&csort=0,312,124,23," 22,971 "," 25,824 ",Female,Party Wear,,11th Oct 2015,17th Nov 2017,12/02/2022
Mix and Match Kid's Pajamas,Amethyst555,https://thumbs2.modthesims2.com/img/7/0/0/3/0/5/1/1573962.largethumb.jpg?cb=1443994326,https://modthesims.info//m/7003051,https://modthesims.info//d/565277/mix-and-match-kid-s-pajamas.html,https://modthesims.info/downloads/ts4/38/page/9/?showType=1&t=picked&csort=0,436,107,14," 12,178 "," 25,743 ",Both Genders / Unisex,Sleepwear/Underwear,Child,4th Oct 2015,,12/02/2022
The Small Kingdom in 3rd period (no CC),artrui,https://thumbs2.modthesims2.com/img/2/6/8/2/9/8/3/1572365.largethumb.jpg?cb=1443290354,https://modthesims.info//m/2682983,https://modthesims.info//d/565013/the-small-kingdom-in-3rd-period-no-cc.html,https://modthesims.info/downloads/ts4/38/page/9/?showType=1&t=picked&csort=0,497,349,37," 28,266 "," 56,012 ",Lots & Housing,Residential,,26th Sep 2015,,12/02/2022
Glass Wings - All Ages,Esmeralda,https://thumbs2.modthesims2.com/img/3/1/6/9/9/6/3/1479856.largethumb.jpg?cb=1415723388,https://modthesims.info//m/3169963,https://modthesims.info//d/541205/glass-wings-all-ages.html,https://modthesims.info/downloads/ts4/38/page/9/?showType=1&t=picked&csort=0,899,378,102," 99,560 "," 113,730 ",Create-a-Sim,Glasses & Other Accessories,,11th Nov 2014,22nd Jan 2018,12/02/2022
The Habsburg Tavern -A Taste Of Deutschland- (NO CC),Amichan619,https://thumbs2.modthesims2.com/img/7/5/5/0/9/3/1/1556341.largethumb.jpg?cb=1438386939,https://modthesims.info//m/7550931,https://modthesims.info//d/561139/the-habsburg-tavern-a-taste-of-deutschland-no-cc.html,https://modthesims.info/downloads/ts4/38/page/9/?showType=1&t=picked&csort=0,233,92,14," 8,576 "," 27,855 ",Lots & Housing,Community,,1st Aug 2015,,12/02/2022
Seven Dwarfs' Fairyland (no CC),artrui,https://thumbs2.modthesims2.com/img/2/6/8/2/9/8/3/1538921.largethumb.jpg?cb=1433980492,https://modthesims.info//m/2682983,https://modthesims.info//d/557173/seven-dwarfs-fairyland-no-cc.html,https://modthesims.info/downloads/ts4/38/page/9/?showType=1&t=picked&csort=0,374,223,36," 9,917 "," 34,456 ",Lots & Housing,Residential,,11th Jun 2015,,12/02/2022
Class Clown Aspiration v4,scumbumbo,https://thumbs2.modthesims2.com/img/7/4/0/1/8/2/5/1510414.largethumb.jpg?cb=1425449252,https://modthesims.info//m/7401825,https://modthesims.info//d/549876/class-clown-aspiration-v4.html,https://modthesims.info/downloads/ts4/38/page/9/?showType=1&t=picked&csort=0,826,299,51," 83,166 "," 120,282 ",Game Mods,Miscellaneous,Other,4th Mar 2015,18th Apr 2019,12/02/2022
Bon Voyage,Zagy,https://thumbs2.modthesims2.com/img/7/9/3/2/7/8/1/1540028.largethumb.jpg?cb=1434311055,https://modthesims.info//m/7932781,https://modthesims.info//d/557207/bon-voyage.html,https://modthesims.info/downloads/ts4/38/page/9/?showType=1&t=picked&csort=0,125,63,15," 3,758 "," 21,989 ",Lots & Housing,Residential,,14th Jun 2015,14th Jun 2015,12/02/2022
Cephalopod,Zagy,https://thumbs2.modthesims2.com/img/7/9/3/2/7/8/1/1542586.largethumb.jpg?cb=1435704979,https://modthesims.info//m/7932781,https://modthesims.info//d/558098/cephalopod.html,https://modthesims.info/downloads/ts4/38/page/9/?showType=1&t=picked&csort=0,182,132,17," 8,511 "," 29,604 ",Lots & Housing,Residential,,1st Jul 2015,,12/02/2022
Cinema Mod v1.4,simmythesim,https://thumbs2.modthesims2.com/img/8/4/4/2/6/0/0/1545332.largethumb.jpg?cb=1435733882,https://modthesims.info//m/8442600,https://modthesims.info//d/558716/cinema-mod-v1-4.html,https://modthesims.info/downloads/ts4/38/page/9/?showType=1&t=picked&csort=0,976,457,136," 243,850 "," 215,167 ",Game Mods,Overrides,Tuning Mods,1st Jul 2015,16th Jul 2015,12/02/2022
The Ludwig - NO CC,pollycranopolis,https://thumbs2.modthesims2.com/img/8/7/3/5/1/8/3/1554159.largethumb.jpg?cb=1437752214,https://modthesims.info//m/8735183,https://modthesims.info//d/560653/the-ludwig-no-cc.html,https://modthesims.info/downloads/ts4/38/page/9/?showType=1&t=picked&csort=0,389,195,25," 8,112 "," 23,340 ",Lots & Housing,Residential,,24th Jul 2015,22nd Sep 2015,12/02/2022
Get Real -face overlay-,Vampire_aninyosaloh,https://thumbs2.modthesims2.com/img/2/4/0/4/9/6/9/1473981.largethumb.jpg?cb=1413737260,https://modthesims.info//m/2404969,https://modthesims.info//d/539115/get-real-face-overlay.html,https://modthesims.info/downloads/ts4/38/page/9/?showType=1&t=picked&csort=0,966,319,38," 97,036 "," 116,691 ",Create-a-Sim,Makeup,Special Effects,19th Oct 2014,,12/02/2022
Willow Lake Remastered - NO CC,pollycranopolis,https://thumbs2.modthesims2.com/img/8/7/3/5/1/8/3/1682084.largethumb.jpg?cb=1432259079,https://modthesims.info//m/8735183,https://modthesims.info//d/555676/willow-lake-remastered-no-cc.html,https://modthesims.info/downloads/ts4/38/page/10/?showType=1&t=picked&csort=0,510,270,50," 13,883 "," 40,791 ",Lots & Housing,Residential,,22nd May 2015,17th Mar 2017,12/02/2022
UPDATED: Fur Skin Overlay V2,EmuMaster2002,https://thumbs2.modthesims2.com/img/1/6/7/2/0/8/1829432.largethumb.jpg?cb=1434590410,https://modthesims.info//m/167208,https://modthesims.info//d/557301/updated-fur-skin-overlay-v2.html,https://modthesims.info/downloads/ts4/38/page/10/?showType=1&t=picked&csort=0,380,196,45," 45,001 "," 97,180 ",Create-a-Sim,Skintones,,18th Jun 2015,4th Mar 2019,12/02/2022
Fitness Time,RayanStar,https://thumbs2.modthesims2.com/img/7/4/6/2/8/3/9/1535289.largethumb.jpg?cb=1432973426,https://modthesims.info//m/7462839,https://modthesims.info//d/556333/fitness-time.html,https://modthesims.info/downloads/ts4/38/page/10/?showType=1&t=picked&csort=0,206,61,11," 7,782 "," 24,594 ",Lots & Housing,Community,,30th May 2015,,12/02/2022
"Oakendene - NO CC, 4 bd/3.5 ba",FakeHousesRealAwesome,https://thumbs2.modthesims2.com/img/8/5/6/9/7/1/7/1500057.largethumb.jpg?cb=1422338631,https://modthesims.info//m/8569717,https://modthesims.info//d/546951/oakendene-no-cc-4-bd-3-5-ba.html,https://modthesims.info/downloads/ts4/38/page/10/?showType=1&t=picked&csort=0,584,243,31," 13,952 "," 44,759 ",Lots & Housing,Residential,,27th Jan 2015,,12/02/2022
Working Medicine Cabinets,scumbumbo,https://thumbs2.modthesims2.com/img/7/4/0/1/8/2/5/1533997.largethumb.jpg?cb=1432513320,https://modthesims.info//m/7401825,https://modthesims.info//d/555994/working-medicine-cabinets.html,https://modthesims.info/downloads/ts4/38/page/10/?showType=1&t=picked&csort=0,"1,666",586,106," 59,632 "," 127,564 ",Game Mods,Overrides,Tuning Mods,25th May 2015,22nd Feb 2019,12/02/2022
Auto-Pause Pregnancy v3,scumbumbo,https://thumbs2.modthesims2.com/img/7/4/0/1/8/2/5/1504800.largethumb.jpg?cb=1423806961,https://modthesims.info//m/7401825,https://modthesims.info//d/548186/auto-pause-pregnancy-v3.html,https://modthesims.info/downloads/ts4/38/page/10/?showType=1&t=picked&csort=0,475,224,97," 12,586 "," 73,369 ",Game Mods,Script & Core Mods,Pure Scripting Mods,13th Feb 2015,19th Nov 2018,12/02/2022
Fire places,AdonisPluto,https://thumbs2.modthesims2.com/img/3/7/4/9/6/1/9/1524589.largethumb.jpg?cb=1429810111,https://modthesims.info//m/3749619,https://modthesims.info//d/553828/fire-places.html,https://modthesims.info/downloads/ts4/38/page/10/?showType=1&t=picked&csort=0,865,226,31," 82,661 "," 55,111 ",Build Mode,Miscellaneous,Fireplaces,23rd Apr 2015,13th May 2015,12/02/2022
Time Speed Changer - Change the Game Clock Speed (Updated for Get Together!),IceM,https://thumbs2.modthesims2.com/img/3/2/2/7/5/5/9/1519366.largethumb.jpg?cb=1410129217,https://modthesims.info//m/3227559,https://modthesims.info//d/533026/time-speed-changer-change-the-game-clock-speed-updated-for-get-together.html,https://modthesims.info/downloads/ts4/38/page/10/?showType=1&t=picked&csort=0,"1,795",707,455," 141,083 "," 361,236 ",Game Mods,Script & Core Mods,Pure Scripting Mods,8th Sep 2014,6th Apr 2015,12/02/2022
Florence Nightingale's Memorial Hospital,Mykuska,https://thumbs2.modthesims2.com/img/8/2/1/1/8/1/9/1523620.largethumb.jpg?cb=1429549530,https://modthesims.info//m/8211819,https://modthesims.info//d/553504/florence-nightingale-s-memorial-hospital.html,https://modthesims.info/downloads/ts4/38/page/10/?showType=1&t=picked&csort=0,679,309,110," 29,421 "," 97,446 ",Lots & Housing,Community,,20th Apr 2015,2nd Jun 2015,12/02/2022
Various placement edits that make stuff go against walls (and add slots),plasticbox,https://thumbs2.modthesims2.com/img/1/7/8/2/8/2/1510349.largethumb.jpg?cb=1425428676,https://modthesims.info//m/178282,https://modthesims.info//d/549858/various-placement-edits-that-make-stuff-go-against-walls-and-add-slots.html,https://modthesims.info/downloads/ts4/38/page/10/?showType=1&t=picked&csort=0,"1,853",602,64," 62,125 "," 109,880 ",Game Mods,Overrides,More Slot Mods,4th Mar 2015,7th Mar 2015,12/02/2022
CASIM Keyboard - Now portable!,ugly.breath,https://thumbs2.modthesims2.com/img/2/4/1/8/9/3/1507717.largethumb.jpg?cb=1424628806,https://modthesims.info//m/241893,https://modthesims.info//d/549040/casim-keyboard-now-portable.html,https://modthesims.info/downloads/ts4/38/page/10/?showType=1&t=picked&csort=0,"1,640",401,97," 61,153 "," 98,303 ",Hobbies,Creative,,22nd Feb 2015,23rd Feb 2015,12/02/2022
Operatic Occasion Dress,ginnawilson,https://thumbs2.modthesims2.com/img/7/4/8/7/5/6/2/1506706.largethumb.jpg?cb=1424617937,https://modthesims.info//m/7487562,https://modthesims.info//d/548820/operatic-occasion-dress.html,https://modthesims.info/downloads/ts4/38/page/10/?showType=1&t=picked&csort=0,479,126,16," 18,074 "," 33,436 ",Female,Formal,Adult,22nd Feb 2015,,12/02/2022
"Computer ""Karkulator-80""",Stanislav,https://thumbs2.modthesims2.com/img/2/5/7/6/9/0/1505437.largethumb.jpg?cb=1424221758,https://modthesims.info//m/257690,https://modthesims.info//d/548396/computer-quot-karkulator-80-quot.html,https://modthesims.info/downloads/ts4/38/page/10/?showType=1&t=picked&csort=0,369,103,25," 9,935 "," 28,690 ",Electronics,TVs and Computers,,18th Feb 2015,11th Feb 2018,12/02/2022
Stone Forest - no cc,una,https://thumbs2.modthesims2.com/img/3/3/8/8/3/4/1507391.largethumb.jpg?cb=1424549438,https://modthesims.info//m/338834,https://modthesims.info//d/548512/stone-forest-no-cc.html,https://modthesims.info/downloads/ts4/38/page/10/?showType=1&t=picked&csort=0,387,169,30," 9,967 "," 30,326 ",Lots & Housing,Residential,,21st Feb 2015,,12/02/2022
SimLotto,scumbumbo,https://thumbs2.modthesims2.com/img/7/4/0/1/8/2/5/1505530.largethumb.jpg?cb=1424037368,https://modthesims.info//m/7401825,https://modthesims.info//d/548444/simlotto.html,https://modthesims.info/downloads/ts4/38/page/10/?showType=1&t=picked&csort=0,"1,421",480,190," 127,616 "," 178,992 ",Game Mods,Script & Core Mods,Scripted Objects,15th Feb 2015,15th Nov 2018,12/02/2022
Alexander Palace -The Imperial Jewel- (NO CC),Amichan619,https://thumbs2.modthesims2.com/img/7/5/5/0/9/3/1/1505111.largethumb.jpg?cb=1423994365,https://modthesims.info//m/7550931,https://modthesims.info//d/548300/alexander-palace-the-imperial-jewel-no-cc.html,https://modthesims.info/downloads/ts4/38/page/10/?showType=1&t=picked&csort=0,337,149,26," 12,125 "," 47,992 ",Lots & Housing,Residential,,15th Feb 2015,,12/02/2022
Mix and Match Bedroom Furniture,Wee Albet,https://thumbs2.modthesims2.com/img/8/9/1/9/6/2/9/1504926.largethumb.jpg?cb=1423964029,https://modthesims.info//m/8919629,https://modthesims.info//d/548231/mix-and-match-bedroom-furniture.html,https://modthesims.info/downloads/ts4/38/page/10/?showType=1&t=picked&csort=0,724,209,36," 46,697 "," 41,782 ",Miscellaneous,Miscellaneous,,15th Feb 2015,,12/02/2022
Pregnancy Mega Mod v7,scumbumbo,https://thumbs2.modthesims2.com/img/7/4/0/1/8/2/5/1501156.largethumb.jpg?cb=1422669101,https://modthesims.info//m/7401825,https://modthesims.info//d/547232/pregnancy-mega-mod-v7.html,https://modthesims.info/downloads/ts4/38/page/10/?showType=1&t=picked&csort=0,"7,258",1748,1010," 1,153,970 "," 842,228 ",Game Mods,Script & Core Mods,Scripted Objects,31st Jan 2015,15th Nov 2018,12/02/2022
Downton Abbey -Highclere Castle- (NO CC),Amichan619,https://thumbs2.modthesims2.com/img/7/5/5/0/9/3/1/1499779.largethumb.jpg?cb=1422668645,https://modthesims.info//m/7550931,https://modthesims.info//d/546896/downton-abbey-highclere-castle-no-cc.html,https://modthesims.info/downloads/ts4/38/page/10/?showType=1&t=picked&csort=0,439,208,44," 12,173 "," 53,751 ",Lots & Housing,Residential,,31st Jan 2015,,12/02/2022
OR World Terrains Replacement,Shimrod101,https://thumbs2.modthesims2.com/img/3/0/6/6/0/8/9/1498433.largethumb.jpg?cb=1421873569,https://modthesims.info//m/3066089,https://modthesims.info//d/546506/or-world-terrains-replacement.html,https://modthesims.info/downloads/ts4/38/page/10/?showType=1&t=picked&csort=0,295,137,18," 11,125 "," 44,797 ",Game Mods,Overrides,Other,21st Jan 2015,,12/02/2022
"Vibrant Braids for Men + Women, Including New Men's Mesh",Esmeralda,https://thumbs2.modthesims2.com/img/3/1/6/9/9/6/3/1497789.largethumb.jpg?cb=1421699039,https://modthesims.info//m/3169963,https://modthesims.info//d/546319/vibrant-braids-for-men-women-including-new-men-s-mesh.html,https://modthesims.info/downloads/ts4/38/page/11/?showType=1&t=picked&csort=0,543,238,22," 35,648 "," 39,105 ",Hair,Both Genders,,19th Jan 2015,,12/02/2022
Irene Adler from BBC Sherlock (Lara Pulver),Vileda,https://thumbs2.modthesims2.com/img/7/3/8/3/4/8/4/1491336.largethumb.jpg?cb=1421022428,https://modthesims.info//m/7383484,https://modthesims.info//d/544218/irene-adler-from-bbc-sherlock-lara-pulver.html,https://modthesims.info/downloads/ts4/38/page/11/?showType=1&t=picked&csort=0,84,38,16," 2,596 "," 15,253 ",Sims,Celebrities & Real People,Female,12th Jan 2015,27th Dec 2014,12/02/2022
Smarter Baby Care v5,scumbumbo,https://thumbs2.modthesims2.com/img/7/4/0/1/8/2/5/1494084.largethumb.jpg?cb=1420438297,https://modthesims.info//m/7401825,https://modthesims.info//d/545100/smarter-baby-care-v5.html,https://modthesims.info/downloads/ts4/38/page/11/?showType=1&t=picked&csort=0,"1,915",717,146," 104,505 "," 184,731 ",Game Mods,Overrides,Other,5th Jan 2015,30th Aug 2018,12/02/2022
Gender Preference Commands,scumbumbo,https://thumbs2.modthesims2.com/img/7/4/0/1/8/2/5/1486942.largethumb.jpg?cb=1418198606,https://modthesims.info//m/7401825,https://modthesims.info//d/543228/gender-preference-commands.html,https://modthesims.info/downloads/ts4/38/page/11/?showType=1&t=picked&csort=0,626,275,69," 14,587 "," 107,301 ",Game Mods,Script & Core Mods,Pure Scripting Mods,10th Dec 2014,12th Dec 2018,12/02/2022
"Mermaid loved castle, 2 sizes available",artrui,https://thumbs2.modthesims2.com/img/2/6/8/2/9/8/3/1486678.largethumb.jpg?cb=1418305423,https://modthesims.info//m/2682983,https://modthesims.info//d/543181/mermaid-loved-castle-2-sizes-available.html,https://modthesims.info/downloads/ts4/38/page/11/?showType=1&t=picked&csort=0,280,205,19," 19,937 "," 53,227 ",Lots & Housing,Residential,,11th Dec 2014,,12/02/2022
"The small kingdom (pool update, and more)",artrui,https://thumbs2.modthesims2.com/img/2/6/8/2/9/8/3/1484262.largethumb.jpg?cb=1417697913,https://modthesims.info//m/2682983,https://modthesims.info//d/542451/the-small-kingdom-pool-update-and-more.html,https://modthesims.info/downloads/ts4/38/page/11/?showType=1&t=picked&csort=0,235,155,25," 11,619 "," 39,628 ",Lots & Housing,Residential,,4th Dec 2014,,12/02/2022
Summer Dress,Kiara24,https://thumbs2.modthesims2.com/img/2/7/2/2/2/6/0/1482047.largethumb.jpg?cb=1416381152,https://modthesims.info//m/2722260,https://modthesims.info//d/541832/summer-dress.html,https://modthesims.info/downloads/ts4/38/page/11/?showType=1&t=picked&csort=0,632,147,24," 15,927 "," 30,609 ",Female,Mixed Sets,Child,19th Nov 2014,,12/02/2022
No Deco Foundations,plasticbox,https://thumbs2.modthesims2.com/img/1/7/8/2/8/2/1480062.largethumb.jpg?cb=1415791624,https://modthesims.info//m/178282,https://modthesims.info//d/541291/no-deco-foundations.html,https://modthesims.info/downloads/ts4/38/page/11/?showType=1&t=picked&csort=0,944,185,18," 17,087 "," 45,160 ",Build Mode,Miscellaneous,Other,12th Nov 2014,,12/02/2022
"Less 'Musical Chairs', No Group Chat (V4 1.15.55)",Shimrod101,https://thumbs2.modthesims2.com/img/3/0/6/6/0/8/9/1479525.largethumb.jpg?cb=1415651102,https://modthesims.info//m/3066089,https://modthesims.info//d/541132/less-musical-chairs-no-group-chat-v4-1-15-55.html,https://modthesims.info/downloads/ts4/38/page/11/?showType=1&t=picked&csort=0,"1,767",644,268," 80,166 "," 245,603 ",Game Mods,Overrides,Tuning Mods,10th Nov 2014,2nd Mar 2016,12/02/2022
Modern Easel,HugeLunatic,https://thumbs2.modthesims2.com/img/3/6/8/1/7/9/1480771.largethumb.jpg?cb=1416023766,https://modthesims.info//m/368179,https://modthesims.info//d/541501/modern-easel.html,https://modthesims.info/downloads/ts4/38/page/11/?showType=1&t=picked&csort=0,"1,206",279,57," 29,242 "," 60,550 ",Hobbies,Creative,,15th Nov 2014,,12/02/2022
TS2 to TS4 - 48 Floor Conversions (Wood),Elias943,https://thumbs2.modthesims2.com/img/3/0/4/4/1/6/3/1478911.largethumb.jpg?cb=1415455145,https://modthesims.info//m/3044163,https://modthesims.info//d/540907/ts2-to-ts4-48-floor-conversions-wood.html,https://modthesims.info/downloads/ts4/38/page/11/?showType=1&t=picked&csort=0,"1,678",418,102," 34,690 "," 70,676 ",Build Mode,Walls and Floors,Floor Covering,8th Nov 2014,,12/02/2022
Gender Conversion for teen to elder - no mesh edit - UPDATE (March Patch),oepu,https://thumbs2.modthesims2.com/img/4/3/1/3/3/1473629.largethumb.jpg?cb=1413658021,https://modthesims.info//m/43133,https://modthesims.info//d/538974/gender-conversion-for-teen-to-elder-no-mesh-edit-update-march-patch.html,https://modthesims.info/downloads/ts4/38/page/11/?showType=1&t=picked&csort=0,668,202,39," 15,092 "," 53,972 ",Hair,Both Genders,,18th Oct 2014,1st Apr 2015,12/02/2022
Fewer Stalkbys | Impatient Stalkbys,plasticbox,https://thumbs2.modthesims2.com/img/1/7/8/2/8/2/1468451.largethumb.jpg?cb=1412377869,https://modthesims.info//m/178282,https://modthesims.info//d/537366/fewer-stalkbys-impatient-stalkbys.html,https://modthesims.info/downloads/ts4/38/page/11/?showType=1&t=picked&csort=0,890,275,96," 42,082 "," 93,282 ",Game Mods,Miscellaneous,Other,4th Oct 2014,31st Jul 2015,12/02/2022
CaS Modifiers bugfix: Aging & Randomization (update V3),Shimrod101,https://thumbs2.modthesims2.com/img/3/0/6/6/0/8/9/1473062.largethumb.jpg?cb=1413468967,https://modthesims.info//m/3066089,https://modthesims.info//d/538744/cas-modifiers-bugfix-aging-amp-randomization-update-v3.html,https://modthesims.info/downloads/ts4/38/page/11/?showType=1&t=picked&csort=0,"1,118",364,148," 42,928 "," 156,622 ",Game Mods,Overrides,Tuning Mods,16th Oct 2014,24th Oct 2014,12/02/2022
Britney Spears,Cleos,https://thumbs2.modthesims2.com/img/2/9/1/1/5/8/7/MTS_Cleos-1469248-Untitled-2.jpg?cb=1642334872,https://modthesims.info//m/2911587,https://modthesims.info//d/537578/britney-spears.html,https://modthesims.info/downloads/ts4/38/page/11/?showType=1&t=picked&csort=0,141,40,23," 11,975 "," 45,805 ",Sims,Celebrities & Real People,Female,10th Oct 2014,11th Oct 2014,12/02/2022
Simlish Forest,Vrain,https://thumbs2.modthesims2.com/img/8/3/2/2/7/0/0/1468678.largethumb.jpg?cb=1412816703,https://modthesims.info//m/8322700,https://modthesims.info//d/537428/simlish-forest.html,https://modthesims.info/downloads/ts4/38/page/11/?showType=1&t=picked&csort=0,214,139,25," 6,699 "," 36,647 ",Lots & Housing,Residential,,9th Oct 2014,23rd Oct 2014,12/02/2022
C3 Design,bubbajoe62,https://thumbs2.modthesims2.com/img/2/3/0/9/2/9/5/1469304.largethumb.jpg?cb=1412532017,https://modthesims.info//m/2309295,https://modthesims.info//d/537594/c3-design.html,https://modthesims.info/downloads/ts4/38/page/11/?showType=1&t=picked&csort=0,533,187,28," 13,305 "," 64,353 ",Lots & Housing,Residential,,5th Oct 2014,,12/02/2022
Live Mode and Tab Mode Camera Mods - No Drift & Lower Level!,Buckley,https://thumbs2.modthesims2.com/img/6/0/7/5/9/6/9/1467351.largethumb.jpg?cb=1412089721,https://modthesims.info//m/6075969,https://modthesims.info//d/536953/live-mode-and-tab-mode-camera-mods-no-drift-amp-lower-level.html,https://modthesims.info/downloads/ts4/38/page/11/?showType=1&t=picked&csort=0,"1,961",659,111," 173,777 "," 284,240 ",Game Mods,Config Mods,Lighting and Camera Mods,30th Sep 2014,,12/02/2022
[starter] lassen - 3br / 2ba,farfalle,https://thumbs2.modthesims2.com/img/3/2/5/5/8/2/2/1464659.largethumb.jpg?cb=1411604066,https://modthesims.info//m/3255822,https://modthesims.info//d/536174/starter-lassen-3br-2ba.html,https://modthesims.info/downloads/ts4/38/page/11/?showType=1&t=picked&csort=0,433,119,26," 13,436 "," 50,069 ",Lots & Housing,Residential,,25th Sep 2014,,12/02/2022
The Angela Skirt,Sadisticpyro,https://thumbs2.modthesims2.com/img/2/3/9/5/7/8/1463472.largethumb.jpg?cb=1411469054,https://modthesims.info//m/239578,https://modthesims.info//d/535740/the-angela-skirt.html,https://modthesims.info/downloads/ts4/38/page/11/?showType=1&t=picked&csort=0,466,107,17," 12,321 "," 26,647 ",Female,Everyday,Adult,23rd Sep 2014,,12/02/2022
MoveObjects on Cheat,TwistedMexi,https://thumbs2.modthesims2.com/img/8/9/9/1/6/3/4/1463687.largethumb.jpg?cb=1411432351,https://modthesims.info//m/8991634,https://modthesims.info//d/535846/moveobjects-on-cheat.html,https://modthesims.info/downloads/ts4/38/page/12/?showType=1&t=picked&csort=0,"2,222",805,321," 108,087 "," 272,083 ",Game Mods,Script & Core Mods,Pure Scripting Mods,23rd Sep 2014,,12/02/2022
American Flag Tops,Macavaty,https://thumbs2.modthesims2.com/img/9/0/0/9/6/5/6/1458755.largethumb.jpg?cb=1410780742,https://modthesims.info//m/9009656,https://modthesims.info//d/534053/american-flag-tops.html,https://modthesims.info/downloads/ts4/38/page/12/?showType=1&t=picked&csort=0,372,113,18," 15,639 "," 32,884 ",Female,Everyday,Young Adult,15th Sep 2014,,12/02/2022
[Script Mod] enable advanced debug/cheat interactions,clown,https://thumbs2.modthesims2.com/img/8/9/9/1/3/8/5/MTS_clown-1459535-enabledebugcheats.jpg?cb=1642334910,https://modthesims.info//m/8991385,https://modthesims.info//d/532735/script-mod-enable-advanced-debug-cheat-interactions.html,https://modthesims.info/downloads/ts4/38/page/12/?showType=1&t=picked&csort=0,"2,972",1194,825," 188,234 "," 615,428 ",Game Mods,Script & Core Mods,Pure Scripting Mods,13th Sep 2014,12th Sep 2014,12/02/2022
Villa Capra -An Italian Masterpiece- (NO CC),Amichan619,https://thumbs2.modthesims2.com/img/7/5/5/0/9/3/1/1458947.largethumb.jpg?cb=1410534674,https://modthesims.info//m/7550931,https://modthesims.info//d/534138/villa-capra-an-italian-masterpiece-no-cc.html,https://modthesims.info/downloads/ts4/38/page/12/?showType=1&t=picked&csort=0,530,198,38," 12,683 "," 56,112 ",Lots & Housing,Residential,,12th Sep 2014,,12/02/2022
Sofia - traditional Finnish house,BaronessTrash,https://thumbs2.modthesims2.com/img/1/8/4/4/9/5/9/1458631.largethumb.jpg?cb=1410533564,https://modthesims.info//m/1844959,https://modthesims.info//d/534009/sofia-traditional-finnish-house.html,https://modthesims.info/downloads/ts4/38/page/12/?showType=1&t=picked&csort=0,687,275,30," 13,165 "," 46,584 ",Lots & Housing,Residential,,12th Sep 2014,,12/02/2022
Floored Glass - small modern Starter Residence,jingols,https://thumbs2.modthesims2.com/img/9/0/0/3/6/0/8/1457592.largethumb.jpg?cb=1410309888,https://modthesims.info//m/9003608,https://modthesims.info//d/533701/floored-glass-small-modern-starter-residence.html,https://modthesims.info/downloads/ts4/38/page/12/?showType=1&t=picked&csort=0,483,139,21," 14,350 "," 52,959 ",Lots & Housing,Residential,,10th Sep 2014,,12/02/2022
