"id","ai_mode_id","autoplay","ai_win","ai_ships","square","games"
"1","3","0","0","0","1","4561"
"2","3","0","0","0","2","4257"
"3","3","0","0","0","3","4311"
"4","3","0","0","0","4","4069"
"5","3","0","0","0","5","4111"
"6","3","0","0","0","6","4009"
"7","3","0","0","0","7","4131"
"8","3","0","0","0","8","4226"
"9","3","0","0","0","9","4251"
"10","3","0","0","0","10","4313"
"11","3","0","0","0","11","4181"
"12","3","0","0","0","12","3215"
"13","3","0","0","0","13","3144"
"14","3","0","0","0","14","3137"
"15","3","0","0","0","15","3013"
"16","3","0","0","0","16","2975"
"17","3","0","0","0","17","3191"
"18","3","0","0","0","18","3247"
"19","3","0","0","0","19","3310"
"20","3","0","0","0","20","4335"
"21","3","0","0","0","21","4312"
"22","3","0","0","0","22","3200"
"23","3","0","0","0","23","2890"
"24","3","0","0","0","24","2875"
"25","3","0","0","0","25","2830"
"26","3","0","0","0","26","2744"
"27","3","0","0","0","27","2928"
"28","3","0","0","0","28","2962"
"29","3","0","0","0","29","3276"
"30","3","0","0","0","30","4483"
"31","3","0","0","0","31","4058"
"32","3","0","0","0","32","3195"
"33","3","0","0","0","33","2828"
"34","3","0","0","0","34","2829"
"35","3","0","0","0","35","2866"
"36","3","0","0","0","36","2814"
"37","3","0","0","0","37","2959"
"38","3","0","0","0","38","2880"
"39","3","0","0","0","39","3343"
"40","3","0","0","0","40","4180"
"41","3","0","0","0","41","3995"
"42","3","0","0","0","42","3089"
"43","3","0","0","0","43","2744"
"44","3","0","0","0","44","2787"
"45","3","0","0","0","45","2726"
"46","3","0","0","0","46","2687"
"47","3","0","0","0","47","2750"
"48","3","0","0","0","48","2852"
"49","3","0","0","0","49","3012"
"50","3","0","0","0","50","4131"
"51","3","0","0","0","51","3985"
"52","3","0","0","0","52","3158"
"53","3","0","0","0","53","2833"
"54","3","0","0","0","54","2902"
"55","3","0","0","0","55","2844"
"56","3","0","0","0","56","2738"
"57","3","0","0","0","57","2833"
"58","3","0","0","0","58","2857"
"59","3","0","0","0","59","2949"
"60","3","0","0","0","60","4044"
"61","3","0","0","0","61","4008"
"62","3","0","0","0","62","3116"
"63","3","0","0","0","63","2787"
"64","3","0","0","0","64","2778"
"65","3","0","0","0","65","2790"
"66","3","0","0","0","66","2735"
"67","3","0","0","0","67","2792"
"68","3","0","0","0","68","2772"
"69","3","0","0","0","69","3093"
"70","3","0","0","0","70","3986"
"71","3","0","0","0","71","4148"
"72","3","0","0","0","72","3027"
"73","3","0","0","0","73","2843"
"74","3","0","0","0","74","2798"
"75","3","0","0","0","75","2911"
"76","3","0","0","0","76","2845"
"77","3","0","0","0","77","2776"
"78","3","0","0","0","78","2826"
"79","3","0","0","0","79","3081"
"80","3","0","0","0","80","4176"
"81","3","0","0","0","81","4140"
"82","3","0","0","0","82","3099"
"83","3","0","0","0","83","3094"
"84","3","0","0","0","84","3102"
"85","3","0","0","0","85","2997"
"86","3","0","0","0","86","3018"
"87","3","0","0","0","87","2979"
"88","3","0","0","0","88","3020"
"89","3","0","0","0","89","3065"
"90","3","0","0","0","90","4361"
"91","3","0","0","0","91","4328"
"92","3","0","0","0","92","4168"
"93","3","0","0","0","93","4291"
"94","3","0","0","0","94","3973"
"95","3","0","0","0","95","4053"
"96","3","0","0","0","96","3879"
"97","3","0","0","0","97","3808"
"98","3","0","0","0","98","3930"
"99","3","0","0","0","99","4260"
"100","3","0","0","0","100","4755"
"101","3","0","0","1","1","1381"
"102","3","0","0","1","2","2104"
"103","3","0","0","1","3","2683"
"104","3","0","0","1","4","2915"
"105","3","0","0","1","5","3118"
"106","3","0","0","1","6","3068"
"107","3","0","0","1","7","2869"
"108","3","0","0","1","8","2680"
"109","3","0","0","1","9","2119"
"110","3","0","0","1","10","1362"
"111","3","0","0","1","11","2073"
"112","3","0","0","1","12","2837"
"113","3","0","0","1","13","3316"
"114","3","0","0","1","14","3571"
"115","3","0","0","1","15","3723"
"116","3","0","0","1","16","3681"
"117","3","0","0","1","17","3664"
"118","3","0","0","1","18","3387"
"119","3","0","0","1","19","2787"
"120","3","0","0","1","20","2008"
"121","3","0","0","1","21","2636"
"122","3","0","0","1","22","3307"
"123","3","0","0","1","23","3812"
"124","3","0","0","1","24","4078"
"125","3","0","0","1","25","4151"
"126","3","0","0","1","26","4113"
"127","3","0","0","1","27","4084"
"128","3","0","0","1","28","3771"
"129","3","0","0","1","29","3224"
"130","3","0","0","1","30","2568"
"131","3","0","0","1","31","2934"
"132","3","0","0","1","32","3551"
"133","3","0","0","1","33","4054"
"134","3","0","0","1","34","4337"
"135","3","0","0","1","35","4456"
"136","3","0","0","1","36","4393"
"137","3","0","0","1","37","4314"
"138","3","0","0","1","38","4096"
"139","3","0","0","1","39","3554"
"140","3","0","0","1","40","3003"
"141","3","0","0","1","41","3119"
"142","3","0","0","1","42","3701"
"143","3","0","0","1","43","4134"
"144","3","0","0","1","44","4352"
"145","3","0","0","1","45","4728"
"146","3","0","0","1","46","4664"
"147","3","0","0","1","47","4427"
"148","3","0","0","1","48","4130"
"149","3","0","0","1","49","3638"
"150","3","0","0","1","50","3115"
"151","3","0","0","1","51","3109"
"152","3","0","0","1","52","3714"
"153","3","0","0","1","53","4254"
"154","3","0","0","1","54","4359"
"155","3","0","0","1","55","4565"
"156","3","0","0","1","56","4610"
"157","3","0","0","1","57","4369"
"158","3","0","0","1","58","4050"
"159","3","0","0","1","59","3628"
"160","3","0","0","1","60","3109"
"161","3","0","0","1","61","2964"
"162","3","0","0","1","62","3625"
"163","3","0","0","1","63","4185"
"164","3","0","0","1","64","4330"
"165","3","0","0","1","65","4447"
"166","3","0","0","1","66","4424"
"167","3","0","0","1","67","4360"
"168","3","0","0","1","68","4101"
"169","3","0","0","1","69","3543"
"170","3","0","0","1","70","2955"
"171","3","0","0","1","71","2622"
"172","3","0","0","1","72","3370"
"173","3","0","0","1","73","3880"
"174","3","0","0","1","74","4130"
"175","3","0","0","1","75","4159"
"176","3","0","0","1","76","4082"
"177","3","0","0","1","77","4015"
"178","3","0","0","1","78","3882"
"179","3","0","0","1","79","3227"
"180","3","0","0","1","80","2581"
"181","3","0","0","1","81","2105"
"182","3","0","0","1","82","2858"
"183","3","0","0","1","83","3388"
"184","3","0","0","1","84","3621"
"185","3","0","0","1","85","3725"
"186","3","0","0","1","86","3619"
"187","3","0","0","1","87","3478"
"188","3","0","0","1","88","3352"
"189","3","0","0","1","89","2734"
"190","3","0","0","1","90","1979"
"191","3","0","0","1","91","1362"
"192","3","0","0","1","92","2078"
"193","3","0","0","1","93","2617"
"194","3","0","0","1","94","2909"
"195","3","0","0","1","95","3031"
"196","3","0","0","1","96","2941"
"197","3","0","0","1","97","2841"
"198","3","0","0","1","98","2548"
"199","3","0","0","1","99","2011"
"200","3","0","0","1","100","1327"
"201","3","0","1","0","1","4922"
"202","3","0","1","0","2","4931"
"203","3","0","1","0","3","5677"
"204","3","0","1","0","4","5774"
"205","3","0","1","0","5","5839"
"206","3","0","1","0","6","5646"
"207","3","0","1","0","7","5449"
"208","3","0","1","0","8","5517"
"209","3","0","1","0","9","4897"
"210","3","0","1","0","10","4570"
"211","3","0","1","0","11","5178"
"212","3","0","1","0","12","5212"
"213","3","0","1","0","13","5431"
"214","3","0","1","0","14","5534"
"215","3","0","1","0","15","5515"
"216","3","0","1","0","16","5561"
"217","3","0","1","0","17","5411"
"218","3","0","1","0","18","5311"
"219","3","0","1","0","19","5237"
"220","3","0","1","0","20","5467"
"221","3","0","1","0","21","6002"
"222","3","0","1","0","22","5363"
"223","3","0","1","0","23","4972"
"224","3","0","1","0","24","4789"
"225","3","0","1","0","25","4610"
"226","3","0","1","0","26","4659"
"227","3","0","1","0","27","4852"
"228","3","0","1","0","28","5056"
"229","3","0","1","0","29","5399"
"230","3","0","1","0","30","6160"
"231","3","0","1","0","31","6032"
"232","3","0","1","0","32","5626"
"233","3","0","1","0","33","4943"
"234","3","0","1","0","34","4663"
"235","3","0","1","0","35","4557"
"236","3","0","1","0","36","4812"
"237","3","0","1","0","37","4896"
"238","3","0","1","0","38","4977"
"239","3","0","1","0","39","5484"
"240","3","0","1","0","40","6037"
"241","3","0","1","0","41","6130"
"242","3","0","1","0","42","5790"
"243","3","0","1","0","43","4958"
"244","3","0","1","0","44","4838"
"245","3","0","1","0","45","5093"
"246","3","0","1","0","46","5280"
"247","3","0","1","0","47","4876"
"248","3","0","1","0","48","4909"
"249","3","0","1","0","49","5323"
"250","3","0","1","0","50","5879"
"251","3","0","1","0","51","5805"
"252","3","0","1","0","52","5803"
"253","3","0","1","0","53","4932"
"254","3","0","1","0","54","4774"
"255","3","0","1","0","55","4874"
"256","3","0","1","0","56","5208"
"257","3","0","1","0","57","4736"
"258","3","0","1","0","58","4866"
"259","3","0","1","0","59","5266"
"260","3","0","1","0","60","5701"
"261","3","0","1","0","61","5661"
"262","3","0","1","0","62","5709"
"263","3","0","1","0","63","5146"
"264","3","0","1","0","64","4923"
"265","3","0","1","0","65","4772"
"266","3","0","1","0","66","4888"
"267","3","0","1","0","67","4694"
"268","3","0","1","0","68","4986"
"269","3","0","1","0","69","5161"
"270","3","0","1","0","70","5471"
"271","3","0","1","0","71","5581"
"272","3","0","1","0","72","5359"
"273","3","0","1","0","73","5107"
"274","3","0","1","0","74","4915"
"275","3","0","1","0","75","4711"
"276","3","0","1","0","76","4789"
"277","3","0","1","0","77","4756"
"278","3","0","1","0","78","5041"
"279","3","0","1","0","79","5061"
"280","3","0","1","0","80","5459"
"281","3","0","1","0","81","4697"
"282","3","0","1","0","82","5200"
"283","3","0","1","0","83","5461"
"284","3","0","1","0","84","5528"
"285","3","0","1","0","85","5333"
"286","3","0","1","0","86","5356"
"287","3","0","1","0","87","5236"
"288","3","0","1","0","88","5266"
"289","3","0","1","0","89","4906"
"290","3","0","1","0","90","4989"
"291","3","0","1","0","91","4457"
"292","3","0","1","0","92","5275"
"293","3","0","1","0","93","5977"
"294","3","0","1","0","94","5825"
"295","3","0","1","0","95","5663"
"296","3","0","1","0","96","5368"
"297","3","0","1","0","97","5376"
"298","3","0","1","0","98","5504"
"299","3","0","1","0","99","5185"
"300","3","0","1","0","100","4918"
"301","3","0","1","1","1","2382"
"302","3","0","1","1","2","3367"
"303","3","0","1","1","3","4262"
"304","3","0","1","1","4","4587"
"305","3","0","1","1","5","4762"
"306","3","0","1","1","6","4793"
"307","3","0","1","1","7","4710"
"308","3","0","1","1","8","4193"
"309","3","0","1","1","9","3426"
"310","3","0","1","1","10","2361"
"311","3","0","1","1","11","3442"
"312","3","0","1","1","12","4162"
"313","3","0","1","1","13","4932"
"314","3","0","1","1","14","5414"
"315","3","0","1","1","15","5649"
"316","3","0","1","1","16","5697"
"317","3","0","1","1","17","5613"
"318","3","0","1","1","18","5049"
"319","3","0","1","1","19","4340"
"320","3","0","1","1","20","3454"
"321","3","0","1","1","21","4354"
"322","3","0","1","1","22","5119"
"323","3","0","1","1","23","5786"
"324","3","0","1","1","24","6264"
"325","3","0","1","1","25","6460"
"326","3","0","1","1","26","6449"
"327","3","0","1","1","27","6080"
"328","3","0","1","1","28","5706"
"329","3","0","1","1","29","5127"
"330","3","0","1","1","30","4415"
"331","3","0","1","1","31","4727"
"332","3","0","1","1","32","5488"
"333","3","0","1","1","33","6123"
"334","3","0","1","1","34","6516"
"335","3","0","1","1","35","6721"
"336","3","0","1","1","36","6694"
"337","3","0","1","1","37","6368"
"338","3","0","1","1","38","6141"
"339","3","0","1","1","39","5509"
"340","3","0","1","1","40","4821"
"341","3","0","1","1","41","4867"
"342","3","0","1","1","42","5576"
"343","3","0","1","1","43","6264"
"344","3","0","1","1","44","6635"
"345","3","0","1","1","45","6721"
"346","3","0","1","1","46","6675"
"347","3","0","1","1","47","6494"
"348","3","0","1","1","48","6343"
"349","3","0","1","1","49","5710"
"350","3","0","1","1","50","5053"
"351","3","0","1","1","51","4931"
"352","3","0","1","1","52","5702"
"353","3","0","1","1","53","6359"
"354","3","0","1","1","54","6678"
"355","3","0","1","1","55","6876"
"356","3","0","1","1","56","6639"
"357","3","0","1","1","57","6556"
"358","3","0","1","1","58","6315"
"359","3","0","1","1","59","5650"
"360","3","0","1","1","60","5019"
"361","3","0","1","1","61","4785"
"362","3","0","1","1","62","5548"
"363","3","0","1","1","63","6173"
"364","3","0","1","1","64","6420"
"365","3","0","1","1","65","6671"
"366","3","0","1","1","66","6653"
"367","3","0","1","1","67","6421"
"368","3","0","1","1","68","6261"
"369","3","0","1","1","69","5578"
"370","3","0","1","1","70","4844"
"371","3","0","1","1","71","4295"
"372","3","0","1","1","72","5042"
"373","3","0","1","1","73","5732"
"374","3","0","1","1","74","5940"
"375","3","0","1","1","75","6221"
"376","3","0","1","1","76","6288"
"377","3","0","1","1","77","6092"
"378","3","0","1","1","78","5763"
"379","3","0","1","1","79","5113"
"380","3","0","1","1","80","4416"
"381","3","0","1","1","81","3392"
"382","3","0","1","1","82","4254"
"383","3","0","1","1","83","5050"
"384","3","0","1","1","84","5387"
"385","3","0","1","1","85","5750"
"386","3","0","1","1","86","5718"
"387","3","0","1","1","87","5430"
"388","3","0","1","1","88","5019"
"389","3","0","1","1","89","4258"
"390","3","0","1","1","90","3485"
"391","3","0","1","1","91","2356"
"392","3","0","1","1","92","3337"
"393","3","0","1","1","93","4215"
"394","3","0","1","1","94","4616"
"395","3","0","1","1","95","4868"
"396","3","0","1","1","96","4882"
"397","3","0","1","1","97","4680"
"398","3","0","1","1","98","4317"
"399","3","0","1","1","99","3453"
"400","3","0","1","1","100","2419"
"401","3","1","0","0","1","2"
"402","3","1","0","0","2","1"
"403","3","1","0","0","3","1"
"404","3","1","0","0","4","0"
"405","3","1","0","0","5","0"
"406","3","1","0","0","6","0"
"407","3","1","0","0","7","0"
"408","3","1","0","0","8","0"
"409","3","1","0","0","9","1"
"410","3","1","0","0","10","0"
"411","3","1","0","0","11","2"
"412","3","1","0","0","12","2"
"413","3","1","0","0","13","3"
"414","3","1","0","0","14","3"
"415","3","1","0","0","15","2"
"416","3","1","0","0","16","2"
"417","3","1","0","0","17","2"
"418","3","1","0","0","18","2"
"419","3","1","0","0","19","3"
"420","3","1","0","0","20","1"
"421","3","1","0","0","21","1"
"422","3","1","0","0","22","1"
"423","3","1","0","0","23","2"
"424","3","1","0","0","24","1"
"425","3","1","0","0","25","0"
"426","3","1","0","0","26","0"
"427","3","1","0","0","27","0"
"428","3","1","0","0","28","0"
"429","3","1","0","0","29","1"
"430","3","1","0","0","30","0"
"431","3","1","0","0","31","0"
"432","3","1","0","0","32","1"
"433","3","1","0","0","33","2"
"434","3","1","0","0","34","3"
"435","3","1","0","0","35","1"
"436","3","1","0","0","36","0"
"437","3","1","0","0","37","0"
"438","3","1","0","0","38","0"
"439","3","1","0","0","39","1"
"440","3","1","0","0","40","0"
"441","3","1","0","0","41","0"
"442","3","1","0","0","42","1"
"443","3","1","0","0","43","2"
"444","3","1","0","0","44","2"
"445","3","1","0","0","45","2"
"446","3","1","0","0","46","2"
"447","3","1","0","0","47","1"
"448","3","1","0","0","48","0"
"449","3","1","0","0","49","0"
"450","3","1","0","0","50","0"
"451","3","1","0","0","51","0"
"452","3","1","0","0","52","1"
"453","3","1","0","0","53","1"
"454","3","1","0","0","54","3"
"455","3","1","0","0","55","2"
"456","3","1","0","0","56","1"
"457","3","1","0","0","57","0"
"458","3","1","0","0","58","0"
"459","3","1","0","0","59","0"
"460","3","1","0","0","60","0"
"461","3","1","0","0","61","0"
"462","3","1","0","0","62","1"
"463","3","1","0","0","63","1"
"464","3","1","0","0","64","2"
"465","3","1","0","0","65","2"
"466","3","1","0","0","66","0"
"467","3","1","0","0","67","0"
"468","3","1","0","0","68","0"
"469","3","1","0","0","69","1"
"470","3","1","0","0","70","0"
"471","3","1","0","0","71","0"
"472","3","1","0","0","72","2"
"473","3","1","0","0","73","1"
"474","3","1","0","0","74","2"
"475","3","1","0","0","75","1"
"476","3","1","0","0","76","0"
"477","3","1","0","0","77","0"
"478","3","1","0","0","78","0"
"479","3","1","0","0","79","1"
"480","3","1","0","0","80","0"
"481","3","1","0","0","81","0"
"482","3","1","0","0","82","1"
"483","3","1","0","0","83","0"
"484","3","1","0","0","84","0"
"485","3","1","0","0","85","1"
"486","3","1","0","0","86","0"
"487","3","1","0","0","87","0"
"488","3","1","0","0","88","1"
"489","3","1","0","0","89","0"
"490","3","1","0","0","90","0"
"491","3","1","0","0","91","0"
"492","3","1","0","0","92","1"
"493","3","1","0","0","93","1"
"494","3","1","0","0","94","1"
"495","3","1","0","0","95","1"
"496","3","1","0","0","96","1"
"497","3","1","0","0","97","0"
"498","3","1","0","0","98","2"
"499","3","1","0","0","99","1"
"500","3","1","0","0","100","1"
"501","3","1","0","1","1","0"
"502","3","1","0","1","2","0"
"503","3","1","0","1","3","0"
"504","3","1","0","1","4","0"
"505","3","1","0","1","5","0"
"506","3","1","0","1","6","0"
"507","3","1","0","1","7","0"
"508","3","1","0","1","8","0"
"509","3","1","0","1","9","1"
"510","3","1","0","1","10","0"
"511","3","1","0","1","11","0"
"512","3","1","0","1","12","0"
"513","3","1","0","1","13","0"
"514","3","1","0","1","14","1"
"515","3","1","0","1","15","1"
"516","3","1","0","1","16","1"
"517","3","1","0","1","17","1"
"518","3","1","0","1","18","1"
"519","3","1","0","1","19","2"
"520","3","1","0","1","20","0"
"521","3","1","0","1","21","0"
"522","3","1","0","1","22","0"
"523","3","1","0","1","23","0"
"524","3","1","0","1","24","0"
"525","3","1","0","1","25","0"
"526","3","1","0","1","26","1"
"527","3","1","0","1","27","1"
"528","3","1","0","1","28","1"
"529","3","1","0","1","29","3"
"530","3","1","0","1","30","0"
"531","3","1","0","1","31","0"
"532","3","1","0","1","32","2"
"533","3","1","0","1","33","1"
"534","3","1","0","1","34","1"
"535","3","1","0","1","35","2"
"536","3","1","0","1","36","0"
"537","3","1","0","1","37","1"
"538","3","1","0","1","38","1"
"539","3","1","0","1","39","2"
"540","3","1","0","1","40","1"
"541","3","1","0","1","41","0"
"542","3","1","0","1","42","1"
"543","3","1","0","1","43","1"
"544","3","1","0","1","44","1"
"545","3","1","0","1","45","2"
"546","3","1","0","1","46","0"
"547","3","1","0","1","47","1"
"548","3","1","0","1","48","1"
"549","3","1","0","1","49","1"
"550","3","1","0","1","50","1"
"551","3","1","0","1","51","1"
"552","3","1","0","1","52","1"
"553","3","1","0","1","53","2"
"554","3","1","0","1","54","0"
"555","3","1","0","1","55","2"
"556","3","1","0","1","56","2"
"557","3","1","0","1","57","2"
"558","3","1","0","1","58","2"
"559","3","1","0","1","59","2"
"560","3","1","0","1","60","2"
"561","3","1","0","1","61","0"
"562","3","1","0","1","62","0"
"563","3","1","0","1","63","1"
"564","3","1","0","1","64","0"
"565","3","1","0","1","65","2"
"566","3","1","0","1","66","1"
"567","3","1","0","1","67","1"
"568","3","1","0","1","68","1"
"569","3","1","0","1","69","2"
"570","3","1","0","1","70","1"
"571","3","1","0","1","71","1"
"572","3","1","0","1","72","1"
"573","3","1","0","1","73","2"
"574","3","1","0","1","74","1"
"575","3","1","0","1","75","3"
"576","3","1","0","1","76","1"
"577","3","1","0","1","77","1"
"578","3","1","0","1","78","1"
"579","3","1","0","1","79","1"
"580","3","1","0","1","80","0"
"581","3","1","0","1","81","0"
"582","3","1","0","1","82","0"
"583","3","1","0","1","83","1"
"584","3","1","0","1","84","1"
"585","3","1","0","1","85","2"
"586","3","1","0","1","86","1"
"587","3","1","0","1","87","1"
"588","3","1","0","1","88","0"
"589","3","1","0","1","89","1"
"590","3","1","0","1","90","0"
"591","3","1","0","1","91","0"
"592","3","1","0","1","92","1"
"593","3","1","0","1","93","1"
"594","3","1","0","1","94","1"
"595","3","1","0","1","95","1"
"596","3","1","0","1","96","0"
"597","3","1","0","1","97","0"
"598","3","1","0","1","98","1"
"599","3","1","0","1","99","1"
"600","3","1","0","1","100","1"
"601","3","1","1","0","1","226"
"602","3","1","1","0","2","202"
"603","3","1","1","0","3","221"
"604","3","1","1","0","4","238"
"605","3","1","1","0","5","238"
"606","3","1","1","0","6","223"
"607","3","1","1","0","7","217"
"608","3","1","1","0","8","230"
"609","3","1","1","0","9","204"
"610","3","1","1","0","10","180"
"611","3","1","1","0","11","238"
"612","3","1","1","0","12","245"
"613","3","1","1","0","13","236"
"614","3","1","1","0","14","279"
"615","3","1","1","0","15","247"
"616","3","1","1","0","16","229"
"617","3","1","1","0","17","219"
"618","3","1","1","0","18","235"
"619","3","1","1","0","19","210"
"620","3","1","1","0","20","205"
"621","3","1","1","0","21","284"
"622","3","1","1","0","22","271"
"623","3","1","1","0","23","250"
"624","3","1","1","0","24","293"
"625","3","1","1","0","25","243"
"626","3","1","1","0","26","243"
"627","3","1","1","0","27","245"
"628","3","1","1","0","28","260"
"629","3","1","1","0","29","221"
"630","3","1","1","0","30","226"
"631","3","1","1","0","31","277"
"632","3","1","1","0","32","269"
"633","3","1","1","0","33","267"
"634","3","1","1","0","34","302"
"635","3","1","1","0","35","266"
"636","3","1","1","0","36","249"
"637","3","1","1","0","37","219"
"638","3","1","1","0","38","239"
"639","3","1","1","0","39","233"
"640","3","1","1","0","40","246"
"641","3","1","1","0","41","266"
"642","3","1","1","0","42","274"
"643","3","1","1","0","43","241"
"644","3","1","1","0","44","264"
"645","3","1","1","0","45","252"
"646","3","1","1","0","46","263"
"647","3","1","1","0","47","252"
"648","3","1","1","0","48","250"
"649","3","1","1","0","49","243"
"650","3","1","1","0","50","237"
"651","3","1","1","0","51","246"
"652","3","1","1","0","52","283"
"653","3","1","1","0","53","272"
"654","3","1","1","0","54","278"
"655","3","1","1","0","55","267"
"656","3","1","1","0","56","285"
"657","3","1","1","0","57","250"
"658","3","1","1","0","58","244"
"659","3","1","1","0","59","239"
"660","3","1","1","0","60","245"
"661","3","1","1","0","61","229"
"662","3","1","1","0","62","293"
"663","3","1","1","0","63","270"
"664","3","1","1","0","64","282"
"665","3","1","1","0","65","258"
"666","3","1","1","0","66","265"
"667","3","1","1","0","67","239"
"668","3","1","1","0","68","229"
"669","3","1","1","0","69","223"
"670","3","1","1","0","70","244"
"671","3","1","1","0","71","216"
"672","3","1","1","0","72","254"
"673","3","1","1","0","73","252"
"674","3","1","1","0","74","257"
"675","3","1","1","0","75","263"
"676","3","1","1","0","76","285"
"677","3","1","1","0","77","245"
"678","3","1","1","0","78","223"
"679","3","1","1","0","79","221"
"680","3","1","1","0","80","247"
"681","3","1","1","0","81","187"
"682","3","1","1","0","82","234"
"683","3","1","1","0","83","213"
"684","3","1","1","0","84","227"
"685","3","1","1","0","85","232"
"686","3","1","1","0","86","258"
"687","3","1","1","0","87","236"
"688","3","1","1","0","88","236"
"689","3","1","1","0","89","205"
"690","3","1","1","0","90","205"
"691","3","1","1","0","91","177"
"692","3","1","1","0","92","204"
"693","3","1","1","0","93","223"
"694","3","1","1","0","94","239"
"695","3","1","1","0","95","239"
"696","3","1","1","0","96","244"
"697","3","1","1","0","97","217"
"698","3","1","1","0","98","218"
"699","3","1","1","0","99","175"
"700","3","1","1","0","100","166"
"701","3","1","1","1","1","106"
"702","3","1","1","1","2","147"
"703","3","1","1","1","3","180"
"704","3","1","1","1","4","219"
"705","3","1","1","1","5","234"
"706","3","1","1","1","6","225"
"707","3","1","1","1","7","208"
"708","3","1","1","1","8","192"
"709","3","1","1","1","9","150"
"710","3","1","1","1","10","117"
"711","3","1","1","1","11","139"
"712","3","1","1","1","12","181"
"713","3","1","1","1","13","237"
"714","3","1","1","1","14","256"
"715","3","1","1","1","15","260"
"716","3","1","1","1","16","249"
"717","3","1","1","1","17","245"
"718","3","1","1","1","18","235"
"719","3","1","1","1","19","212"
"720","3","1","1","1","20","158"
"721","3","1","1","1","21","198"
"722","3","1","1","1","22","232"
"723","3","1","1","1","23","276"
"724","3","1","1","1","24","317"
"725","3","1","1","1","25","306"
"726","3","1","1","1","26","304"
"727","3","1","1","1","27","263"
"728","3","1","1","1","28","281"
"729","3","1","1","1","29","266"
"730","3","1","1","1","30","203"
"731","3","1","1","1","31","208"
"732","3","1","1","1","32","242"
"733","3","1","1","1","33","286"
"734","3","1","1","1","34","309"
"735","3","1","1","1","35","312"
"736","3","1","1","1","36","300"
"737","3","1","1","1","37","279"
"738","3","1","1","1","38","288"
"739","3","1","1","1","39","255"
"740","3","1","1","1","40","205"
"741","3","1","1","1","41","227"
"742","3","1","1","1","42","262"
"743","3","1","1","1","43","319"
"744","3","1","1","1","44","324"
"745","3","1","1","1","45","303"
"746","3","1","1","1","46","304"
"747","3","1","1","1","47","291"
"748","3","1","1","1","48","279"
"749","3","1","1","1","49","259"
"750","3","1","1","1","50","220"
"751","3","1","1","1","51","216"
"752","3","1","1","1","52","239"
"753","3","1","1","1","53","281"
"754","3","1","1","1","54","289"
"755","3","1","1","1","55","301"
"756","3","1","1","1","56","328"
"757","3","1","1","1","57","320"
"758","3","1","1","1","58","284"
"759","3","1","1","1","59","267"
"760","3","1","1","1","60","220"
"761","3","1","1","1","61","194"
"762","3","1","1","1","62","249"
"763","3","1","1","1","63","284"
"764","3","1","1","1","64","285"
"765","3","1","1","1","65","317"
"766","3","1","1","1","66","356"
"767","3","1","1","1","67","321"
"768","3","1","1","1","68","273"
"769","3","1","1","1","69","252"
"770","3","1","1","1","70","213"
"771","3","1","1","1","71","199"
"772","3","1","1","1","72","239"
"773","3","1","1","1","73","264"
"774","3","1","1","1","74","274"
"775","3","1","1","1","75","291"
"776","3","1","1","1","76","299"
"777","3","1","1","1","77","300"
"778","3","1","1","1","78","255"
"779","3","1","1","1","79","238"
"780","3","1","1","1","80","200"
"781","3","1","1","1","81","166"
"782","3","1","1","1","82","218"
"783","3","1","1","1","83","255"
"784","3","1","1","1","84","253"
"785","3","1","1","1","85","260"
"786","3","1","1","1","86","262"
"787","3","1","1","1","87","265"
"788","3","1","1","1","88","243"
"789","3","1","1","1","89","205"
"790","3","1","1","1","90","152"
"791","3","1","1","1","91","102"
"792","3","1","1","1","92","150"
"793","3","1","1","1","93","185"
"794","3","1","1","1","94","197"
"795","3","1","1","1","95","212"
"796","3","1","1","1","96","203"
"797","3","1","1","1","97","196"
"798","3","1","1","1","98","189"
"799","3","1","1","1","99","159"
"800","3","1","1","1","100","118"
"801","2","0","0","0","1","376"
"802","2","0","0","0","2","319"
"803","2","0","0","0","3","351"
"804","2","0","0","0","4","336"
"805","2","0","0","0","5","350"
"806","2","0","0","0","6","332"
"807","2","0","0","0","7","362"
"808","2","0","0","0","8","362"
"809","2","0","0","0","9","305"
"810","2","0","0","0","10","338"
"811","2","0","0","0","11","333"
"812","2","0","0","0","12","239"
"813","2","0","0","0","13","219"
"814","2","0","0","0","14","262"
"815","2","0","0","0","15","232"
"816","2","0","0","0","16","254"
"817","2","0","0","0","17","244"
"818","2","0","0","0","18","248"
"819","2","0","0","0","19","227"
"820","2","0","0","0","20","340"
"821","2","0","0","0","21","367"
"822","2","0","0","0","22","255"
"823","2","0","0","0","23","213"
"824","2","0","0","0","24","208"
"825","2","0","0","0","25","182"
"826","2","0","0","0","26","196"
"827","2","0","0","0","27","195"
"828","2","0","0","0","28","215"
"829","2","0","0","0","29","230"
"830","2","0","0","0","30","339"
"831","2","0","0","0","31","360"
"832","2","0","0","0","32","257"
"833","2","0","0","0","33","223"
"834","2","0","0","0","34","228"
"835","2","0","0","0","35","225"
"836","2","0","0","0","36","222"
"837","2","0","0","0","37","190"
"838","2","0","0","0","38","211"
"839","2","0","0","0","39","231"
"840","2","0","0","0","40","320"
"841","2","0","0","0","41","365"
"842","2","0","0","0","42","286"
"843","2","0","0","0","43","238"
"844","2","0","0","0","44","232"
"845","2","0","0","0","45","198"
"846","2","0","0","0","46","206"
"847","2","0","0","0","47","210"
"848","2","0","0","0","48","224"
"849","2","0","0","0","49","258"
"850","2","0","0","0","50","311"
"851","2","0","0","0","51","324"
"852","2","0","0","0","52","250"
"853","2","0","0","0","53","197"
"854","2","0","0","0","54","217"
"855","2","0","0","0","55","201"
"856","2","0","0","0","56","185"
"857","2","0","0","0","57","184"
"858","2","0","0","0","58","198"
"859","2","0","0","0","59","230"
"860","2","0","0","0","60","319"
"861","2","0","0","0","61","336"
"862","2","0","0","0","62","276"
"863","2","0","0","0","63","233"
"864","2","0","0","0","64","236"
"865","2","0","0","0","65","222"
"866","2","0","0","0","66","202"
"867","2","0","0","0","67","194"
"868","2","0","0","0","68","183"
"869","2","0","0","0","69","228"
"870","2","0","0","0","70","318"
"871","2","0","0","0","71","326"
"872","2","0","0","0","72","252"
"873","2","0","0","0","73","184"
"874","2","0","0","0","74","219"
"875","2","0","0","0","75","217"
"876","2","0","0","0","76","204"
"877","2","0","0","0","77","201"
"878","2","0","0","0","78","175"
"879","2","0","0","0","79","218"
"880","2","0","0","0","80","309"
"881","2","0","0","0","81","312"
"882","2","0","0","0","82","240"
"883","2","0","0","0","83","230"
"884","2","0","0","0","84","247"
"885","2","0","0","0","85","220"
"886","2","0","0","0","86","231"
"887","2","0","0","0","87","225"
"888","2","0","0","0","88","217"
"889","2","0","0","0","89","227"
"890","2","0","0","0","90","306"
"891","2","0","0","0","91","308"
"892","2","0","0","0","92","317"
"893","2","0","0","0","93","342"
"894","2","0","0","0","94","323"
"895","2","0","0","0","95","313"
"896","2","0","0","0","96","299"
"897","2","0","0","0","97","330"
"898","2","0","0","0","98","364"
"899","2","0","0","0","99","358"
"900","2","0","0","0","100","360"
"901","2","0","0","1","1","103"
"902","2","0","0","1","2","172"
"903","2","0","0","1","3","221"
"904","2","0","0","1","4","236"
"905","2","0","0","1","5","255"
"906","2","0","0","1","6","233"
"907","2","0","0","1","7","223"
"908","2","0","0","1","8","186"
"909","2","0","0","1","9","162"
"910","2","0","0","1","10","120"
"911","2","0","0","1","11","152"
"912","2","0","0","1","12","242"
"913","2","0","0","1","13","245"
"914","2","0","0","1","14","265"
"915","2","0","0","1","15","295"
"916","2","0","0","1","16","301"
"917","2","0","0","1","17","270"
"918","2","0","0","1","18","255"
"919","2","0","0","1","19","238"
"920","2","0","0","1","20","164"
"921","2","0","0","1","21","194"
"922","2","0","0","1","22","260"
"923","2","0","0","1","23","264"
"924","2","0","0","1","24","302"
"925","2","0","0","1","25","298"
"926","2","0","0","1","26","310"
"927","2","0","0","1","27","292"
"928","2","0","0","1","28","290"
"929","2","0","0","1","29","265"
"930","2","0","0","1","30","207"
"931","2","0","0","1","31","237"
"932","2","0","0","1","32","280"
"933","2","0","0","1","33","295"
"934","2","0","0","1","34","331"
"935","2","0","0","1","35","350"
"936","2","0","0","1","36","358"
"937","2","0","0","1","37","320"
"938","2","0","0","1","38","291"
"939","2","0","0","1","39","259"
"940","2","0","0","1","40","205"
"941","2","0","0","1","41","263"
"942","2","0","0","1","42","291"
"943","2","0","0","1","43","314"
"944","2","0","0","1","44","353"
"945","2","0","0","1","45","369"
"946","2","0","0","1","46","370"
"947","2","0","0","1","47","359"
"948","2","0","0","1","48","312"
"949","2","0","0","1","49","279"
"950","2","0","0","1","50","225"
"951","2","0","0","1","51","252"
"952","2","0","0","1","52","283"
"953","2","0","0","1","53","335"
"954","2","0","0","1","54","338"
"955","2","0","0","1","55","356"
"956","2","0","0","1","56","348"
"957","2","0","0","1","57","353"
"958","2","0","0","1","58","326"
"959","2","0","0","1","59","294"
"960","2","0","0","1","60","251"
"961","2","0","0","1","61","229"
"962","2","0","0","1","62","272"
"963","2","0","0","1","63","324"
"964","2","0","0","1","64","331"
"965","2","0","0","1","65","355"
"966","2","0","0","1","66","340"
"967","2","0","0","1","67","376"
"968","2","0","0","1","68","334"
"969","2","0","0","1","69","264"
"970","2","0","0","1","70","227"
"971","2","0","0","1","71","173"
"972","2","0","0","1","72","267"
"973","2","0","0","1","73","295"
"974","2","0","0","1","74","300"
"975","2","0","0","1","75","302"
"976","2","0","0","1","76","313"
"977","2","0","0","1","77","323"
"978","2","0","0","1","78","287"
"979","2","0","0","1","79","222"
"980","2","0","0","1","80","199"
"981","2","0","0","1","81","132"
"982","2","0","0","1","82","219"
"983","2","0","0","1","83","273"
"984","2","0","0","1","84","283"
"985","2","0","0","1","85","278"
"986","2","0","0","1","86","278"
"987","2","0","0","1","87","282"
"988","2","0","0","1","88","253"
"989","2","0","0","1","89","195"
"990","2","0","0","1","90","155"
"991","2","0","0","1","91","106"
"992","2","0","0","1","92","189"
"993","2","0","0","1","93","226"
"994","2","0","0","1","94","228"
"995","2","0","0","1","95","237"
"996","2","0","0","1","96","236"
"997","2","0","0","1","97","229"
"998","2","0","0","1","98","212"
"999","2","0","0","1","99","165"
"1000","2","0","0","1","100","105"
"1001","2","0","1","0","1","345"
"1002","2","0","1","0","2","337"
"1003","2","0","1","0","3","388"
"1004","2","0","1","0","4","412"
"1005","2","0","1","0","5","426"
"1006","2","0","1","0","6","396"
"1007","2","0","1","0","7","358"
"1008","2","0","1","0","8","369"
"1009","2","0","1","0","9","343"
"1010","2","0","1","0","10","325"
"1011","2","0","1","0","11","349"
"1012","2","0","1","0","12","429"
"1013","2","0","1","0","13","429"
"1014","2","0","1","0","14","419"
"1015","2","0","1","0","15","464"
"1016","2","0","1","0","16","480"
"1017","2","0","1","0","17","433"
"1018","2","0","1","0","18","419"
"1019","2","0","1","0","19","416"
"1020","2","0","1","0","20","360"
"1021","2","0","1","0","21","418"
"1022","2","0","1","0","22","452"
"1023","2","0","1","0","23","400"
"1024","2","0","1","0","24","365"
"1025","2","0","1","0","25","388"
"1026","2","0","1","0","26","406"
"1027","2","0","1","0","27","370"
"1028","2","0","1","0","28","383"
"1029","2","0","1","0","29","428"
"1030","2","0","1","0","30","399"
"1031","2","0","1","0","31","440"
"1032","2","0","1","0","32","477"
"1033","2","0","1","0","33","398"
"1034","2","0","1","0","34","360"
"1035","2","0","1","0","35","382"
"1036","2","0","1","0","36","396"
"1037","2","0","1","0","37","389"
"1038","2","0","1","0","38","394"
"1039","2","0","1","0","39","430"
"1040","2","0","1","0","40","431"
"1041","2","0","1","0","41","460"
"1042","2","0","1","0","42","514"
"1043","2","0","1","0","43","412"
"1044","2","0","1","0","44","370"
"1045","2","0","1","0","45","385"
"1046","2","0","1","0","46","419"
"1047","2","0","1","0","47","374"
"1048","2","0","1","0","48","388"
"1049","2","0","1","0","49","428"
"1050","2","0","1","0","50","406"
"1051","2","0","1","0","51","424"
"1052","2","0","1","0","52","481"
"1053","2","0","1","0","53","396"
"1054","2","0","1","0","54","378"
"1055","2","0","1","0","55","394"
"1056","2","0","1","0","56","413"
"1057","2","0","1","0","57","368"
"1058","2","0","1","0","58","374"
"1059","2","0","1","0","59","432"
"1060","2","0","1","0","60","391"
"1061","2","0","1","0","61","421"
"1062","2","0","1","0","62","473"
"1063","2","0","1","0","63","383"
"1064","2","0","1","0","64","377"
"1065","2","0","1","0","65","402"
"1066","2","0","1","0","66","387"
"1067","2","0","1","0","67","388"
"1068","2","0","1","0","68","379"
"1069","2","0","1","0","69","422"
"1070","2","0","1","0","70","387"
"1071","2","0","1","0","71","409"
"1072","2","0","1","0","72","458"
"1073","2","0","1","0","73","407"
"1074","2","0","1","0","74","400"
"1075","2","0","1","0","75","392"
"1076","2","0","1","0","76","366"
"1077","2","0","1","0","77","375"
"1078","2","0","1","0","78","383"
"1079","2","0","1","0","79","404"
"1080","2","0","1","0","80","400"
"1081","2","0","1","0","81","328"
"1082","2","0","1","0","82","433"
"1083","2","0","1","0","83","408"
"1084","2","0","1","0","84","419"
"1085","2","0","1","0","85","434"
"1086","2","0","1","0","86","428"
"1087","2","0","1","0","87","436"
"1088","2","0","1","0","88","416"
"1089","2","0","1","0","89","408"
"1090","2","0","1","0","90","351"
"1091","2","0","1","0","91","304"
"1092","2","0","1","0","92","365"
"1093","2","0","1","0","93","409"
"1094","2","0","1","0","94","435"
"1095","2","0","1","0","95","432"
"1096","2","0","1","0","96","402"
"1097","2","0","1","0","97","426"
"1098","2","0","1","0","98","416"
"1099","2","0","1","0","99","365"
"1100","2","0","1","0","100","333"
"1101","2","0","1","1","1","169"
"1102","2","0","1","1","2","259"
"1103","2","0","1","1","3","314"
"1104","2","0","1","1","4","347"
"1105","2","0","1","1","5","363"
"1106","2","0","1","1","6","359"
"1107","2","0","1","1","7","369"
"1108","2","0","1","1","8","367"
"1109","2","0","1","1","9","289"
"1110","2","0","1","1","10","192"
"1111","2","0","1","1","11","261"
"1112","2","0","1","1","12","327"
"1113","2","0","1","1","13","384"
"1114","2","0","1","1","14","405"
"1115","2","0","1","1","15","417"
"1116","2","0","1","1","16","414"
"1117","2","0","1","1","17","419"
"1118","2","0","1","1","18","403"
"1119","2","0","1","1","19","328"
"1120","2","0","1","1","20","255"
"1121","2","0","1","1","21","313"
"1122","2","0","1","1","22","400"
"1123","2","0","1","1","23","434"
"1124","2","0","1","1","24","461"
"1125","2","0","1","1","25","501"
"1126","2","0","1","1","26","479"
"1127","2","0","1","1","27","447"
"1128","2","0","1","1","28","441"
"1129","2","0","1","1","29","405"
"1130","2","0","1","1","30","328"
"1131","2","0","1","1","31","384"
"1132","2","0","1","1","32","440"
"1133","2","0","1","1","33","466"
"1134","2","0","1","1","34","474"
"1135","2","0","1","1","35","500"
"1136","2","0","1","1","36","511"
"1137","2","0","1","1","37","488"
"1138","2","0","1","1","38","485"
"1139","2","0","1","1","39","429"
"1140","2","0","1","1","40","377"
"1141","2","0","1","1","41","387"
"1142","2","0","1","1","42","437"
"1143","2","0","1","1","43","456"
"1144","2","0","1","1","44","473"
"1145","2","0","1","1","45","513"
"1146","2","0","1","1","46","527"
"1147","2","0","1","1","47","514"
"1148","2","0","1","1","48","491"
"1149","2","0","1","1","49","437"
"1150","2","0","1","1","50","388"
"1151","2","0","1","1","51","383"
"1152","2","0","1","1","52","447"
"1153","2","0","1","1","53","493"
"1154","2","0","1","1","54","494"
"1155","2","0","1","1","55","536"
"1156","2","0","1","1","56","534"
"1157","2","0","1","1","57","515"
"1158","2","0","1","1","58","508"
"1159","2","0","1","1","59","438"
"1160","2","0","1","1","60","381"
"1161","2","0","1","1","61","369"
"1162","2","0","1","1","62","422"
"1163","2","0","1","1","63","480"
"1164","2","0","1","1","64","489"
"1165","2","0","1","1","65","542"
"1166","2","0","1","1","66","541"
"1167","2","0","1","1","67","520"
"1168","2","0","1","1","68","490"
"1169","2","0","1","1","69","402"
"1170","2","0","1","1","70","361"
"1171","2","0","1","1","71","344"
"1172","2","0","1","1","72","400"
"1173","2","0","1","1","73","426"
"1174","2","0","1","1","74","447"
"1175","2","0","1","1","75","476"
"1176","2","0","1","1","76","464"
"1177","2","0","1","1","77","447"
"1178","2","0","1","1","78","424"
"1179","2","0","1","1","79","362"
"1180","2","0","1","1","80","315"
"1181","2","0","1","1","81","302"
"1182","2","0","1","1","82","351"
"1183","2","0","1","1","83","399"
"1184","2","0","1","1","84","408"
"1185","2","0","1","1","85","421"
"1186","2","0","1","1","86","440"
"1187","2","0","1","1","87","417"
"1188","2","0","1","1","88","374"
"1189","2","0","1","1","89","326"
"1190","2","0","1","1","90","243"
"1191","2","0","1","1","91","177"
"1192","2","0","1","1","92","259"
"1193","2","0","1","1","93","328"
"1194","2","0","1","1","94","362"
"1195","2","0","1","1","95","359"
"1196","2","0","1","1","96","369"
"1197","2","0","1","1","97","391"
"1198","2","0","1","1","98","315"
"1199","2","0","1","1","99","264"
"1200","2","0","1","1","100","189"
"1201","2","1","0","0","1","0"
"1202","2","1","0","0","2","0"
"1203","2","1","0","0","3","0"
"1204","2","1","0","0","4","1"
"1205","2","1","0","0","5","0"
"1206","2","1","0","0","6","0"
"1207","2","1","0","0","7","0"
"1208","2","1","0","0","8","1"
"1209","2","1","0","0","9","0"
"1210","2","1","0","0","10","0"
"1211","2","1","0","0","11","0"
"1212","2","1","0","0","12","1"
"1213","2","1","0","0","13","1"
"1214","2","1","0","0","14","1"
"1215","2","1","0","0","15","0"
"1216","2","1","0","0","16","1"
"1217","2","1","0","0","17","0"
"1218","2","1","0","0","18","1"
"1219","2","1","0","0","19","0"
"1220","2","1","0","0","20","0"
"1221","2","1","0","0","21","0"
"1222","2","1","0","0","22","0"
"1223","2","1","0","0","23","0"
"1224","2","1","0","0","24","1"
"1225","2","1","0","0","25","0"
"1226","2","1","0","0","26","1"
"1227","2","1","0","0","27","0"
"1228","2","1","0","0","28","1"
"1229","2","1","0","0","29","0"
"1230","2","1","0","0","30","1"
"1231","2","1","0","0","31","1"
"1232","2","1","0","0","32","1"
"1233","2","1","0","0","33","0"
"1234","2","1","0","0","34","0"
"1235","2","1","0","0","35","0"
"1236","2","1","0","0","36","1"
"1237","2","1","0","0","37","0"
"1238","2","1","0","0","38","1"
"1239","2","1","0","0","39","0"
"1240","2","1","0","0","40","1"
"1241","2","1","0","0","41","2"
"1242","2","1","0","0","42","2"
"1243","2","1","0","0","43","1"
"1244","2","1","0","0","44","1"
"1245","2","1","0","0","45","1"
"1246","2","1","0","0","46","1"
"1247","2","1","0","0","47","0"
"1248","2","1","0","0","48","0"
"1249","2","1","0","0","49","0"
"1250","2","1","0","0","50","1"
"1251","2","1","0","0","51","1"
"1252","2","1","0","0","52","1"
"1253","2","1","0","0","53","0"
"1254","2","1","0","0","54","0"
"1255","2","1","0","0","55","0"
"1256","2","1","0","0","56","0"
"1257","2","1","0","0","57","0"
"1258","2","1","0","0","58","0"
"1259","2","1","0","0","59","0"
"1260","2","1","0","0","60","1"
"1261","2","1","0","0","61","1"
"1262","2","1","0","0","62","1"
"1263","2","1","0","0","63","0"
"1264","2","1","0","0","64","0"
"1265","2","1","0","0","65","0"
"1266","2","1","0","0","66","1"
"1267","2","1","0","0","67","0"
"1268","2","1","0","0","68","0"
"1269","2","1","0","0","69","0"
"1270","2","1","0","0","70","0"
"1271","2","1","0","0","71","0"
"1272","2","1","0","0","72","1"
"1273","2","1","0","0","73","0"
"1274","2","1","0","0","74","0"
"1275","2","1","0","0","75","0"
"1276","2","1","0","0","76","1"
"1277","2","1","0","0","77","0"
"1278","2","1","0","0","78","0"
"1279","2","1","0","0","79","0"
"1280","2","1","0","0","80","0"
"1281","2","1","0","0","81","0"
"1282","2","1","0","0","82","0"
"1283","2","1","0","0","83","0"
"1284","2","1","0","0","84","0"
"1285","2","1","0","0","85","0"
"1286","2","1","0","0","86","1"
"1287","2","1","0","0","87","0"
"1288","2","1","0","0","88","0"
"1289","2","1","0","0","89","0"
"1290","2","1","0","0","90","0"
"1291","2","1","0","0","91","0"
"1292","2","1","0","0","92","0"
"1293","2","1","0","0","93","0"
"1294","2","1","0","0","94","0"
"1295","2","1","0","0","95","0"
"1296","2","1","0","0","96","0"
"1297","2","1","0","0","97","0"
"1298","2","1","0","0","98","0"
"1299","2","1","0","0","99","0"
"1300","2","1","0","0","100","0"
"1301","2","1","0","1","1","1"
"1302","2","1","0","1","2","0"
"1303","2","1","0","1","3","0"
"1304","2","1","0","1","4","0"
"1305","2","1","0","1","5","0"
"1306","2","1","0","1","6","0"
"1307","2","1","0","1","7","0"
"1308","2","1","0","1","8","0"
"1309","2","1","0","1","9","0"
"1310","2","1","0","1","10","0"
"1311","2","1","0","1","11","1"
"1312","2","1","0","1","12","0"
"1313","2","1","0","1","13","0"
"1314","2","1","0","1","14","0"
"1315","2","1","0","1","15","0"
"1316","2","1","0","1","16","0"
"1317","2","1","0","1","17","1"
"1318","2","1","0","1","18","0"
"1319","2","1","0","1","19","0"
"1320","2","1","0","1","20","0"
"1321","2","1","0","1","21","1"
"1322","2","1","0","1","22","0"
"1323","2","1","0","1","23","0"
"1324","2","1","0","1","24","0"
"1325","2","1","0","1","25","1"
"1326","2","1","0","1","26","0"
"1327","2","1","0","1","27","1"
"1328","2","1","0","1","28","0"
"1329","2","1","0","1","29","0"
"1330","2","1","0","1","30","0"
"1331","2","1","0","1","31","1"
"1332","2","1","0","1","32","1"
"1333","2","1","0","1","33","1"
"1334","2","1","0","1","34","0"
"1335","2","1","0","1","35","1"
"1336","2","1","0","1","36","0"
"1337","2","1","0","1","37","1"
"1338","2","1","0","1","38","1"
"1339","2","1","0","1","39","0"
"1340","2","1","0","1","40","0"
"1341","2","1","0","1","41","0"
"1342","2","1","0","1","42","0"
"1343","2","1","0","1","43","0"
"1344","2","1","0","1","44","1"
"1345","2","1","0","1","45","2"
"1346","2","1","0","1","46","1"
"1347","2","1","0","1","47","1"
"1348","2","1","0","1","48","1"
"1349","2","1","0","1","49","0"
"1350","2","1","0","1","50","1"
"1351","2","1","0","1","51","0"
"1352","2","1","0","1","52","0"
"1353","2","1","0","1","53","0"
"1354","2","1","0","1","54","0"
"1355","2","1","0","1","55","1"
"1356","2","1","0","1","56","0"
"1357","2","1","0","1","57","1"
"1358","2","1","0","1","58","1"
"1359","2","1","0","1","59","0"
"1360","2","1","0","1","60","1"
"1361","2","1","0","1","61","0"
"1362","2","1","0","1","62","0"
"1363","2","1","0","1","63","0"
"1364","2","1","0","1","64","1"
"1365","2","1","0","1","65","1"
"1366","2","1","0","1","66","1"
"1367","2","1","0","1","67","0"
"1368","2","1","0","1","68","1"
"1369","2","1","0","1","69","1"
"1370","2","1","0","1","70","1"
"1371","2","1","0","1","71","0"
"1372","2","1","0","1","72","0"
"1373","2","1","0","1","73","0"
"1374","2","1","0","1","74","0"
"1375","2","1","0","1","75","0"
"1376","2","1","0","1","76","0"
"1377","2","1","0","1","77","0"
"1378","2","1","0","1","78","1"
"1379","2","1","0","1","79","0"
"1380","2","1","0","1","80","0"
"1381","2","1","0","1","81","1"
"1382","2","1","0","1","82","1"
"1383","2","1","0","1","83","1"
"1384","2","1","0","1","84","1"
"1385","2","1","0","1","85","0"
"1386","2","1","0","1","86","0"
"1387","2","1","0","1","87","0"
"1388","2","1","0","1","88","0"
"1389","2","1","0","1","89","0"
"1390","2","1","0","1","90","0"
"1391","2","1","0","1","91","0"
"1392","2","1","0","1","92","0"
"1393","2","1","0","1","93","0"
"1394","2","1","0","1","94","0"
"1395","2","1","0","1","95","0"
"1396","2","1","0","1","96","0"
"1397","2","1","0","1","97","0"
"1398","2","1","0","1","98","0"
"1399","2","1","0","1","99","0"
"1400","2","1","0","1","100","0"
"1401","2","1","1","0","1","105"
"1402","2","1","1","0","2","125"
"1403","2","1","1","0","3","154"
"1404","2","1","1","0","4","176"
"1405","2","1","1","0","5","181"
"1406","2","1","1","0","6","206"
"1407","2","1","1","0","7","184"
"1408","2","1","1","0","8","159"
"1409","2","1","1","0","9","140"
"1410","2","1","1","0","10","103"
"1411","2","1","1","0","11","134"
"1412","2","1","1","0","12","162"
"1413","2","1","1","0","13","192"
"1414","2","1","1","0","14","188"
"1415","2","1","1","0","15","196"
"1416","2","1","1","0","16","197"
"1417","2","1","1","0","17","193"
"1418","2","1","1","0","18","178"
"1419","2","1","1","0","19","164"
"1420","2","1","1","0","20","131"
"1421","2","1","1","0","21","176"
"1422","2","1","1","0","22","188"
"1423","2","1","1","0","23","199"
"1424","2","1","1","0","24","225"
"1425","2","1","1","0","25","206"
"1426","2","1","1","0","26","220"
"1427","2","1","1","0","27","190"
"1428","2","1","1","0","28","202"
"1429","2","1","1","0","29","180"
"1430","2","1","1","0","30","164"
"1431","2","1","1","0","31","179"
"1432","2","1","1","0","32","202"
"1433","2","1","1","0","33","203"
"1434","2","1","1","0","34","218"
"1435","2","1","1","0","35","236"
"1436","2","1","1","0","36","218"
"1437","2","1","1","0","37","223"
"1438","2","1","1","0","38","215"
"1439","2","1","1","0","39","193"
"1440","2","1","1","0","40","180"
"1441","2","1","1","0","41","177"
"1442","2","1","1","0","42","214"
"1443","2","1","1","0","43","239"
"1444","2","1","1","0","44","230"
"1445","2","1","1","0","45","254"
"1446","2","1","1","0","46","221"
"1447","2","1","1","0","47","237"
"1448","2","1","1","0","48","230"
"1449","2","1","1","0","49","209"
"1450","2","1","1","0","50","178"
"1451","2","1","1","0","51","167"
"1452","2","1","1","0","52","199"
"1453","2","1","1","0","53","232"
"1454","2","1","1","0","54","229"
"1455","2","1","1","0","55","254"
"1456","2","1","1","0","56","234"
"1457","2","1","1","0","57","237"
"1458","2","1","1","0","58","247"
"1459","2","1","1","0","59","216"
"1460","2","1","1","0","60","184"
"1461","2","1","1","0","61","170"
"1462","2","1","1","0","62","204"
"1463","2","1","1","0","63","213"
"1464","2","1","1","0","64","215"
"1465","2","1","1","0","65","231"
"1466","2","1","1","0","66","226"
"1467","2","1","1","0","67","223"
"1468","2","1","1","0","68","249"
"1469","2","1","1","0","69","210"
"1470","2","1","1","0","70","184"
"1471","2","1","1","0","71","157"
"1472","2","1","1","0","72","183"
"1473","2","1","1","0","73","206"
"1474","2","1","1","0","74","206"
"1475","2","1","1","0","75","211"
"1476","2","1","1","0","76","206"
"1477","2","1","1","0","77","212"
"1478","2","1","1","0","78","229"
"1479","2","1","1","0","79","181"
"1480","2","1","1","0","80","176"
"1481","2","1","1","0","81","126"
"1482","2","1","1","0","82","156"
"1483","2","1","1","0","83","180"
"1484","2","1","1","0","84","196"
"1485","2","1","1","0","85","194"
"1486","2","1","1","0","86","201"
"1487","2","1","1","0","87","200"
"1488","2","1","1","0","88","195"
"1489","2","1","1","0","89","153"
"1490","2","1","1","0","90","122"
"1491","2","1","1","0","91","98"
"1492","2","1","1","0","92","129"
"1493","2","1","1","0","93","173"
"1494","2","1","1","0","94","193"
"1495","2","1","1","0","95","204"
"1496","2","1","1","0","96","197"
"1497","2","1","1","0","97","202"
"1498","2","1","1","0","98","178"
"1499","2","1","1","0","99","125"
"1500","2","1","1","0","100","87"
"1501","2","1","1","1","1","101"
"1502","2","1","1","1","2","128"
"1503","2","1","1","1","3","176"
"1504","2","1","1","1","4","161"
"1505","2","1","1","1","5","164"
"1506","2","1","1","1","6","173"
"1507","2","1","1","1","7","149"
"1508","2","1","1","1","8","165"
"1509","2","1","1","1","9","138"
"1510","2","1","1","1","10","91"
"1511","2","1","1","1","11","138"
"1512","2","1","1","1","12","167"
"1513","2","1","1","1","13","228"
"1514","2","1","1","1","14","212"
"1515","2","1","1","1","15","206"
"1516","2","1","1","1","16","209"
"1517","2","1","1","1","17","183"
"1518","2","1","1","1","18","183"
"1519","2","1","1","1","19","155"
"1520","2","1","1","1","20","120"
"1521","2","1","1","1","21","165"
"1522","2","1","1","1","22","192"
"1523","2","1","1","1","23","238"
"1524","2","1","1","1","24","240"
"1525","2","1","1","1","25","221"
"1526","2","1","1","1","26","237"
"1527","2","1","1","1","27","215"
"1528","2","1","1","1","28","224"
"1529","2","1","1","1","29","200"
"1530","2","1","1","1","30","153"
"1531","2","1","1","1","31","160"
"1532","2","1","1","1","32","197"
"1533","2","1","1","1","33","233"
"1534","2","1","1","1","34","252"
"1535","2","1","1","1","35","208"
"1536","2","1","1","1","36","238"
"1537","2","1","1","1","37","226"
"1538","2","1","1","1","38","251"
"1539","2","1","1","1","39","221"
"1540","2","1","1","1","40","172"
"1541","2","1","1","1","41","162"
"1542","2","1","1","1","42","194"
"1543","2","1","1","1","43","236"
"1544","2","1","1","1","44","256"
"1545","2","1","1","1","45","231"
"1546","2","1","1","1","46","239"
"1547","2","1","1","1","47","247"
"1548","2","1","1","1","48","231"
"1549","2","1","1","1","49","221"
"1550","2","1","1","1","50","169"
"1551","2","1","1","1","51","171"
"1552","2","1","1","1","52","180"
"1553","2","1","1","1","53","216"
"1554","2","1","1","1","54","263"
"1555","2","1","1","1","55","236"
"1556","2","1","1","1","56","238"
"1557","2","1","1","1","57","265"
"1558","2","1","1","1","58","222"
"1559","2","1","1","1","59","228"
"1560","2","1","1","1","60","164"
"1561","2","1","1","1","61","163"
"1562","2","1","1","1","62","180"
"1563","2","1","1","1","63","206"
"1564","2","1","1","1","64","226"
"1565","2","1","1","1","65","201"
"1566","2","1","1","1","66","214"
"1567","2","1","1","1","67","225"
"1568","2","1","1","1","68","211"
"1569","2","1","1","1","69","211"
"1570","2","1","1","1","70","164"
"1571","2","1","1","1","71","154"
"1572","2","1","1","1","72","168"
"1573","2","1","1","1","73","222"
"1574","2","1","1","1","74","214"
"1575","2","1","1","1","75","213"
"1576","2","1","1","1","76","239"
"1577","2","1","1","1","77","229"
"1578","2","1","1","1","78","222"
"1579","2","1","1","1","79","207"
"1580","2","1","1","1","80","168"
"1581","2","1","1","1","81","120"
"1582","2","1","1","1","82","155"
"1583","2","1","1","1","83","183"
"1584","2","1","1","1","84","175"
"1585","2","1","1","1","85","184"
"1586","2","1","1","1","86","207"
"1587","2","1","1","1","87","207"
"1588","2","1","1","1","88","189"
"1589","2","1","1","1","89","178"
"1590","2","1","1","1","90","147"
"1591","2","1","1","1","91","87"
"1592","2","1","1","1","92","146"
"1593","2","1","1","1","93","173"
"1594","2","1","1","1","94","171"
"1595","2","1","1","1","95","175"
"1596","2","1","1","1","96","179"
"1597","2","1","1","1","97","155"
"1598","2","1","1","1","98","143"
"1599","2","1","1","1","99","123"
"1600","2","1","1","1","100","81"
"1601","1","0","0","0","1","194"
"1602","1","0","0","0","2","222"
"1603","1","0","0","0","3","245"
"1604","1","0","0","0","4","242"
"1605","1","0","0","0","5","264"
"1606","1","0","0","0","6","253"
"1607","1","0","0","0","7","250"
"1608","1","0","0","0","8","240"
"1609","1","0","0","0","9","237"
"1610","1","0","0","0","10","194"
"1611","1","0","0","0","11","232"
"1612","1","0","0","0","12","263"
"1613","1","0","0","0","13","301"
"1614","1","0","0","0","14","311"
"1615","1","0","0","0","15","309"
"1616","1","0","0","0","16","279"
"1617","1","0","0","0","17","269"
"1618","1","0","0","0","18","256"
"1619","1","0","0","0","19","234"
"1620","1","0","0","0","20","223"
"1621","1","0","0","0","21","245"
"1622","1","0","0","0","22","263"
"1623","1","0","0","0","23","293"
"1624","1","0","0","0","24","280"
"1625","1","0","0","0","25","293"
"1626","1","0","0","0","26","284"
"1627","1","0","0","0","27","284"
"1628","1","0","0","0","28","264"
"1629","1","0","0","0","29","240"
"1630","1","0","0","0","30","231"
"1631","1","0","0","0","31","262"
"1632","1","0","0","0","32","275"
"1633","1","0","0","0","33","298"
"1634","1","0","0","0","34","293"
"1635","1","0","0","0","35","293"
"1636","1","0","0","0","36","291"
"1637","1","0","0","0","37","296"
"1638","1","0","0","0","38","284"
"1639","1","0","0","0","39","267"
"1640","1","0","0","0","40","239"
"1641","1","0","0","0","41","268"
"1642","1","0","0","0","42","268"
"1643","1","0","0","0","43","293"
"1644","1","0","0","0","44","271"
"1645","1","0","0","0","45","285"
"1646","1","0","0","0","46","278"
"1647","1","0","0","0","47","278"
"1648","1","0","0","0","48","285"
"1649","1","0","0","0","49","278"
"1650","1","0","0","0","50","261"
"1651","1","0","0","0","51","263"
"1652","1","0","0","0","52","265"
"1653","1","0","0","0","53","272"
"1654","1","0","0","0","54","269"
"1655","1","0","0","0","55","287"
"1656","1","0","0","0","56","286"
"1657","1","0","0","0","57","283"
"1658","1","0","0","0","58","292"
"1659","1","0","0","0","59","271"
"1660","1","0","0","0","60","255"
"1661","1","0","0","0","61","256"
"1662","1","0","0","0","62","269"
"1663","1","0","0","0","63","283"
"1664","1","0","0","0","64","292"
"1665","1","0","0","0","65","294"
"1666","1","0","0","0","66","284"
"1667","1","0","0","0","67","269"
"1668","1","0","0","0","68","273"
"1669","1","0","0","0","69","236"
"1670","1","0","0","0","70","229"
"1671","1","0","0","0","71","254"
"1672","1","0","0","0","72","244"
"1673","1","0","0","0","73","274"
"1674","1","0","0","0","74","288"
"1675","1","0","0","0","75","302"
"1676","1","0","0","0","76","271"
"1677","1","0","0","0","77","272"
"1678","1","0","0","0","78","258"
"1679","1","0","0","0","79","235"
"1680","1","0","0","0","80","242"
"1681","1","0","0","0","81","209"
"1682","1","0","0","0","82","215"
"1683","1","0","0","0","83","244"
"1684","1","0","0","0","84","268"
"1685","1","0","0","0","85","259"
"1686","1","0","0","0","86","247"
"1687","1","0","0","0","87","247"
"1688","1","0","0","0","88","212"
"1689","1","0","0","0","89","205"
"1690","1","0","0","0","90","202"
"1691","1","0","0","0","91","162"
"1692","1","0","0","0","92","202"
"1693","1","0","0","0","93","219"
"1694","1","0","0","0","94","248"
"1695","1","0","0","0","95","265"
"1696","1","0","0","0","96","275"
"1697","1","0","0","0","97","256"
"1698","1","0","0","0","98","240"
"1699","1","0","0","0","99","217"
"1700","1","0","0","0","100","173"
"1701","1","0","0","1","1","126"
"1702","1","0","0","1","2","179"
"1703","1","0","0","1","3","208"
"1704","1","0","0","1","4","221"
"1705","1","0","0","1","5","240"
"1706","1","0","0","1","6","223"
"1707","1","0","0","1","7","210"
"1708","1","0","0","1","8","195"
"1709","1","0","0","1","9","164"
"1710","1","0","0","1","10","108"
"1711","1","0","0","1","11","182"
"1712","1","0","0","1","12","222"
"1713","1","0","0","1","13","263"
"1714","1","0","0","1","14","263"
"1715","1","0","0","1","15","291"
"1716","1","0","0","1","16","274"
"1717","1","0","0","1","17","259"
"1718","1","0","0","1","18","253"
"1719","1","0","0","1","19","214"
"1720","1","0","0","1","20","173"
"1721","1","0","0","1","21","212"
"1722","1","0","0","1","22","218"
"1723","1","0","0","1","23","271"
"1724","1","0","0","1","24","273"
"1725","1","0","0","1","25","289"
"1726","1","0","0","1","26","314"
"1727","1","0","0","1","27","291"
"1728","1","0","0","1","28","294"
"1729","1","0","0","1","29","257"
"1730","1","0","0","1","30","203"
"1731","1","0","0","1","31","239"
"1732","1","0","0","1","32","264"
"1733","1","0","0","1","33","313"
"1734","1","0","0","1","34","326"
"1735","1","0","0","1","35","328"
"1736","1","0","0","1","36","359"
"1737","1","0","0","1","37","323"
"1738","1","0","0","1","38","297"
"1739","1","0","0","1","39","273"
"1740","1","0","0","1","40","228"
"1741","1","0","0","1","41","239"
"1742","1","0","0","1","42","268"
"1743","1","0","0","1","43","340"
"1744","1","0","0","1","44","340"
"1745","1","0","0","1","45","333"
"1746","1","0","0","1","46","364"
"1747","1","0","0","1","47","333"
"1748","1","0","0","1","48","315"
"1749","1","0","0","1","49","302"
"1750","1","0","0","1","50","227"
"1751","1","0","0","1","51","248"
"1752","1","0","0","1","52","284"
"1753","1","0","0","1","53","325"
"1754","1","0","0","1","54","344"
"1755","1","0","0","1","55","354"
"1756","1","0","0","1","56","363"
"1757","1","0","0","1","57","323"
"1758","1","0","0","1","58","307"
"1759","1","0","0","1","59","283"
"1760","1","0","0","1","60","213"
"1761","1","0","0","1","61","241"
"1762","1","0","0","1","62","249"
"1763","1","0","0","1","63","298"
"1764","1","0","0","1","64","304"
"1765","1","0","0","1","65","334"
"1766","1","0","0","1","66","334"
"1767","1","0","0","1","67","312"
"1768","1","0","0","1","68","310"
"1769","1","0","0","1","69","271"
"1770","1","0","0","1","70","220"
"1771","1","0","0","1","71","218"
"1772","1","0","0","1","72","246"
"1773","1","0","0","1","73","281"
"1774","1","0","0","1","74","314"
"1775","1","0","0","1","75","336"
"1776","1","0","0","1","76","331"
"1777","1","0","0","1","77","326"
"1778","1","0","0","1","78","289"
"1779","1","0","0","1","79","258"
"1780","1","0","0","1","80","194"
"1781","1","0","0","1","81","171"
"1782","1","0","0","1","82","209"
"1783","1","0","0","1","83","252"
"1784","1","0","0","1","84","279"
"1785","1","0","0","1","85","303"
"1786","1","0","0","1","86","297"
"1787","1","0","0","1","87","282"
"1788","1","0","0","1","88","246"
"1789","1","0","0","1","89","221"
"1790","1","0","0","1","90","162"
"1791","1","0","0","1","91","109"
"1792","1","0","0","1","92","149"
"1793","1","0","0","1","93","210"
"1794","1","0","0","1","94","243"
"1795","1","0","0","1","95","253"
"1796","1","0","0","1","96","241"
"1797","1","0","0","1","97","211"
"1798","1","0","0","1","98","186"
"1799","1","0","0","1","99","158"
"1800","1","0","0","1","100","98"
"1801","1","0","1","0","1","55"
"1802","1","0","1","0","2","65"
"1803","1","0","1","0","3","88"
"1804","1","0","1","0","4","100"
"1805","1","0","1","0","5","98"
"1806","1","0","1","0","6","103"
"1807","1","0","1","0","7","95"
"1808","1","0","1","0","8","76"
"1809","1","0","1","0","9","73"
"1810","1","0","1","0","10","47"
"1811","1","0","1","0","11","77"
"1812","1","0","1","0","12","86"
"1813","1","0","1","0","13","113"
"1814","1","0","1","0","14","122"
"1815","1","0","1","0","15","118"
"1816","1","0","1","0","16","130"
"1817","1","0","1","0","17","116"
"1818","1","0","1","0","18","105"
"1819","1","0","1","0","19","104"
"1820","1","0","1","0","20","67"
"1821","1","0","1","0","21","115"
"1822","1","0","1","0","22","134"
"1823","1","0","1","0","23","149"
"1824","1","0","1","0","24","148"
"1825","1","0","1","0","25","140"
"1826","1","0","1","0","26","137"
"1827","1","0","1","0","27","119"
"1828","1","0","1","0","28","121"
"1829","1","0","1","0","29","108"
"1830","1","0","1","0","30","94"
"1831","1","0","1","0","31","115"
"1832","1","0","1","0","32","118"
"1833","1","0","1","0","33","139"
"1834","1","0","1","0","34","138"
"1835","1","0","1","0","35","128"
"1836","1","0","1","0","36","140"
"1837","1","0","1","0","37","118"
"1838","1","0","1","0","38","135"
"1839","1","0","1","0","39","127"
"1840","1","0","1","0","40","111"
"1841","1","0","1","0","41","111"
"1842","1","0","1","0","42","109"
"1843","1","0","1","0","43","135"
"1844","1","0","1","0","44","149"
"1845","1","0","1","0","45","144"
"1846","1","0","1","0","46","147"
"1847","1","0","1","0","47","133"
"1848","1","0","1","0","48","145"
"1849","1","0","1","0","49","124"
"1850","1","0","1","0","50","104"
"1851","1","0","1","0","51","100"
"1852","1","0","1","0","52","109"
"1853","1","0","1","0","53","137"
"1854","1","0","1","0","54","140"
"1855","1","0","1","0","55","137"
"1856","1","0","1","0","56","148"
"1857","1","0","1","0","57","165"
"1858","1","0","1","0","58","139"
"1859","1","0","1","0","59","127"
"1860","1","0","1","0","60","116"
"1861","1","0","1","0","61","85"
"1862","1","0","1","0","62","104"
"1863","1","0","1","0","63","125"
"1864","1","0","1","0","64","140"
"1865","1","0","1","0","65","135"
"1866","1","0","1","0","66","139"
"1867","1","0","1","0","67","152"
"1868","1","0","1","0","68","131"
"1869","1","0","1","0","69","123"
"1870","1","0","1","0","70","115"
"1871","1","0","1","0","71","83"
"1872","1","0","1","0","72","98"
"1873","1","0","1","0","73","128"
"1874","1","0","1","0","74","142"
"1875","1","0","1","0","75","125"
"1876","1","0","1","0","76","139"
"1877","1","0","1","0","77","151"
"1878","1","0","1","0","78","113"
"1879","1","0","1","0","79","103"
"1880","1","0","1","0","80","98"
"1881","1","0","1","0","81","60"
"1882","1","0","1","0","82","92"
"1883","1","0","1","0","83","115"
"1884","1","0","1","0","84","107"
"1885","1","0","1","0","85","102"
"1886","1","0","1","0","86","117"
"1887","1","0","1","0","87","127"
"1888","1","0","1","0","88","103"
"1889","1","0","1","0","89","102"
"1890","1","0","1","0","90","81"
"1891","1","0","1","0","91","38"
"1892","1","0","1","0","92","57"
"1893","1","0","1","0","93","93"
"1894","1","0","1","0","94","85"
"1895","1","0","1","0","95","95"
"1896","1","0","1","0","96","107"
"1897","1","0","1","0","97","112"
"1898","1","0","1","0","98","89"
"1899","1","0","1","0","99","88"
"1900","1","0","1","0","100","64"
"1901","1","0","1","1","1","51"
"1902","1","0","1","1","2","85"
"1903","1","0","1","1","3","96"
"1904","1","0","1","1","4","98"
"1905","1","0","1","1","5","98"
"1906","1","0","1","1","6","109"
"1907","1","0","1","1","7","91"
"1908","1","0","1","1","8","94"
"1909","1","0","1","1","9","64"
"1910","1","0","1","1","10","49"
"1911","1","0","1","1","11","67"
"1912","1","0","1","1","12","95"
"1913","1","0","1","1","13","99"
"1914","1","0","1","1","14","102"
"1915","1","0","1","1","15","114"
"1916","1","0","1","1","16","112"
"1917","1","0","1","1","17","113"
"1918","1","0","1","1","18","117"
"1919","1","0","1","1","19","89"
"1920","1","0","1","1","20","68"
"1921","1","0","1","1","21","97"
"1922","1","0","1","1","22","126"
"1923","1","0","1","1","23","130"
"1924","1","0","1","1","24","129"
"1925","1","0","1","1","25","126"
"1926","1","0","1","1","26","143"
"1927","1","0","1","1","27","137"
"1928","1","0","1","1","28","136"
"1929","1","0","1","1","29","106"
"1930","1","0","1","1","30","94"
"1931","1","0","1","1","31","90"
"1932","1","0","1","1","32","118"
"1933","1","0","1","1","33","132"
"1934","1","0","1","1","34","142"
"1935","1","0","1","1","35","145"
"1936","1","0","1","1","36","143"
"1937","1","0","1","1","37","135"
"1938","1","0","1","1","38","133"
"1939","1","0","1","1","39","97"
"1940","1","0","1","1","40","94"
"1941","1","0","1","1","41","92"
"1942","1","0","1","1","42","127"
"1943","1","0","1","1","43","131"
"1944","1","0","1","1","44","134"
"1945","1","0","1","1","45","129"
"1946","1","0","1","1","46","130"
"1947","1","0","1","1","47","130"
"1948","1","0","1","1","48","145"
"1949","1","0","1","1","49","102"
"1950","1","0","1","1","50","97"
"1951","1","0","1","1","51","85"
"1952","1","0","1","1","52","128"
"1953","1","0","1","1","53","127"
"1954","1","0","1","1","54","135"
"1955","1","0","1","1","55","139"
"1956","1","0","1","1","56","145"
"1957","1","0","1","1","57","147"
"1958","1","0","1","1","58","147"
"1959","1","0","1","1","59","115"
"1960","1","0","1","1","60","104"
"1961","1","0","1","1","61","88"
"1962","1","0","1","1","62","134"
"1963","1","0","1","1","63","142"
"1964","1","0","1","1","64","146"
"1965","1","0","1","1","65","165"
"1966","1","0","1","1","66","155"
"1967","1","0","1","1","67","152"
"1968","1","0","1","1","68","136"
"1969","1","0","1","1","69","117"
"1970","1","0","1","1","70","101"
"1971","1","0","1","1","71","84"
"1972","1","0","1","1","72","126"
"1973","1","0","1","1","73","117"
"1974","1","0","1","1","74","114"
"1975","1","0","1","1","75","140"
"1976","1","0","1","1","76","122"
"1977","1","0","1","1","77","134"
"1978","1","0","1","1","78","129"
"1979","1","0","1","1","79","110"
"1980","1","0","1","1","80","90"
"1981","1","0","1","1","81","80"
"1982","1","0","1","1","82","115"
"1983","1","0","1","1","83","116"
"1984","1","0","1","1","84","120"
"1985","1","0","1","1","85","128"
"1986","1","0","1","1","86","126"
"1987","1","0","1","1","87","138"
"1988","1","0","1","1","88","127"
"1989","1","0","1","1","89","96"
"1990","1","0","1","1","90","68"
"1991","1","0","1","1","91","63"
"1992","1","0","1","1","92","98"
"1993","1","0","1","1","93","100"
"1994","1","0","1","1","94","104"
"1995","1","0","1","1","95","103"
"1996","1","0","1","1","96","100"
"1997","1","0","1","1","97","95"
"1998","1","0","1","1","98","88"
"1999","1","0","1","1","99","78"
"2000","1","0","1","1","100","56"
"2001","1","1","0","0","1","19"
"2002","1","1","0","0","2","34"
"2003","1","1","0","0","3","27"
"2004","1","1","0","0","4","32"
"2005","1","1","0","0","5","36"
"2006","1","1","0","0","6","36"
"2007","1","1","0","0","7","36"
"2008","1","1","0","0","8","28"
"2009","1","1","0","0","9","20"
"2010","1","1","0","0","10","13"
"2011","1","1","0","0","11","20"
"2012","1","1","0","0","12","26"
"2013","1","1","0","0","13","22"
"2014","1","1","0","0","14","29"
"2015","1","1","0","0","15","32"
"2016","1","1","0","0","16","30"
"2017","1","1","0","0","17","34"
"2018","1","1","0","0","18","36"
"2019","1","1","0","0","19","29"
"2020","1","1","0","0","20","21"
"2021","1","1","0","0","21","33"
"2022","1","1","0","0","22","28"
"2023","1","1","0","0","23","27"
"2024","1","1","0","0","24","27"
"2025","1","1","0","0","25","31"
"2026","1","1","0","0","26","38"
"2027","1","1","0","0","27","36"
"2028","1","1","0","0","28","28"
"2029","1","1","0","0","29","27"
"2030","1","1","0","0","30","20"
"2031","1","1","0","0","31","33"
"2032","1","1","0","0","32","35"
"2033","1","1","0","0","33","36"
"2034","1","1","0","0","34","35"
"2035","1","1","0","0","35","40"
"2036","1","1","0","0","36","44"
"2037","1","1","0","0","37","34"
"2038","1","1","0","0","38","29"
"2039","1","1","0","0","39","35"
"2040","1","1","0","0","40","27"
"2041","1","1","0","0","41","30"
"2042","1","1","0","0","42","46"
"2043","1","1","0","0","43","41"
"2044","1","1","0","0","44","45"
"2045","1","1","0","0","45","54"
"2046","1","1","0","0","46","53"
"2047","1","1","0","0","47","42"
"2048","1","1","0","0","48","41"
"2049","1","1","0","0","49","40"
"2050","1","1","0","0","50","27"
"2051","1","1","0","0","51","37"
"2052","1","1","0","0","52","48"
"2053","1","1","0","0","53","45"
"2054","1","1","0","0","54","41"
"2055","1","1","0","0","55","36"
"2056","1","1","0","0","56","35"
"2057","1","1","0","0","57","28"
"2058","1","1","0","0","58","37"
"2059","1","1","0","0","59","40"
"2060","1","1","0","0","60","35"
"2061","1","1","0","0","61","34"
"2062","1","1","0","0","62","38"
"2063","1","1","0","0","63","30"
"2064","1","1","0","0","64","40"
"2065","1","1","0","0","65","36"
"2066","1","1","0","0","66","48"
"2067","1","1","0","0","67","36"
"2068","1","1","0","0","68","45"
"2069","1","1","0","0","69","40"
"2070","1","1","0","0","70","32"
"2071","1","1","0","0","71","30"
"2072","1","1","0","0","72","37"
"2073","1","1","0","0","73","33"
"2074","1","1","0","0","74","39"
"2075","1","1","0","0","75","29"
"2076","1","1","0","0","76","32"
"2077","1","1","0","0","77","31"
"2078","1","1","0","0","78","31"
"2079","1","1","0","0","79","31"
"2080","1","1","0","0","80","25"
"2081","1","1","0","0","81","29"
"2082","1","1","0","0","82","37"
"2083","1","1","0","0","83","33"
"2084","1","1","0","0","84","38"
"2085","1","1","0","0","85","35"
"2086","1","1","0","0","86","42"
"2087","1","1","0","0","87","43"
"2088","1","1","0","0","88","40"
"2089","1","1","0","0","89","34"
"2090","1","1","0","0","90","23"
"2091","1","1","0","0","91","23"
"2092","1","1","0","0","92","25"
"2093","1","1","0","0","93","23"
"2094","1","1","0","0","94","20"
"2095","1","1","0","0","95","25"
"2096","1","1","0","0","96","27"
"2097","1","1","0","0","97","30"
"2098","1","1","0","0","98","30"
"2099","1","1","0","0","99","27"
"2100","1","1","0","0","100","13"
"2101","1","1","0","1","1","18"
"2102","1","1","0","1","2","28"
"2103","1","1","0","1","3","22"
"2104","1","1","0","1","4","29"
"2105","1","1","0","1","5","26"
"2106","1","1","0","1","6","29"
"2107","1","1","0","1","7","28"
"2108","1","1","0","1","8","32"
"2109","1","1","0","1","9","20"
"2110","1","1","0","1","10","11"
"2111","1","1","0","1","11","31"
"2112","1","1","0","1","12","27"
"2113","1","1","0","1","13","25"
"2114","1","1","0","1","14","28"
"2115","1","1","0","1","15","27"
"2116","1","1","0","1","16","40"
"2117","1","1","0","1","17","36"
"2118","1","1","0","1","18","38"
"2119","1","1","0","1","19","22"
"2120","1","1","0","1","20","19"
"2121","1","1","0","1","21","37"
"2122","1","1","0","1","22","32"
"2123","1","1","0","1","23","38"
"2124","1","1","0","1","24","41"
"2125","1","1","0","1","25","30"
"2126","1","1","0","1","26","43"
"2127","1","1","0","1","27","32"
"2128","1","1","0","1","28","29"
"2129","1","1","0","1","29","22"
"2130","1","1","0","1","30","22"
"2131","1","1","0","1","31","33"
"2132","1","1","0","1","32","28"
"2133","1","1","0","1","33","39"
"2134","1","1","0","1","34","40"
"2135","1","1","0","1","35","34"
"2136","1","1","0","1","36","46"
"2137","1","1","0","1","37","40"
"2138","1","1","0","1","38","33"
"2139","1","1","0","1","39","28"
"2140","1","1","0","1","40","26"
"2141","1","1","0","1","41","38"
"2142","1","1","0","1","42","34"
"2143","1","1","0","1","43","44"
"2144","1","1","0","1","44","41"
"2145","1","1","0","1","45","39"
"2146","1","1","0","1","46","53"
"2147","1","1","0","1","47","55"
"2148","1","1","0","1","48","39"
"2149","1","1","0","1","49","30"
"2150","1","1","0","1","50","36"
"2151","1","1","0","1","51","34"
"2152","1","1","0","1","52","37"
"2153","1","1","0","1","53","42"
"2154","1","1","0","1","54","42"
"2155","1","1","0","1","55","40"
"2156","1","1","0","1","56","41"
"2157","1","1","0","1","57","43"
"2158","1","1","0","1","58","42"
"2159","1","1","0","1","59","33"
"2160","1","1","0","1","60","28"
"2161","1","1","0","1","61","29"
"2162","1","1","0","1","62","34"
"2163","1","1","0","1","63","37"
"2164","1","1","0","1","64","45"
"2165","1","1","0","1","65","45"
"2166","1","1","0","1","66","39"
"2167","1","1","0","1","67","37"
"2168","1","1","0","1","68","40"
"2169","1","1","0","1","69","28"
"2170","1","1","0","1","70","29"
"2171","1","1","0","1","71","26"
"2172","1","1","0","1","72","32"
"2173","1","1","0","1","73","36"
"2174","1","1","0","1","74","47"
"2175","1","1","0","1","75","49"
"2176","1","1","0","1","76","39"
"2177","1","1","0","1","77","38"
"2178","1","1","0","1","78","43"
"2179","1","1","0","1","79","35"
"2180","1","1","0","1","80","25"
"2181","1","1","0","1","81","22"
"2182","1","1","0","1","82","30"
"2183","1","1","0","1","83","31"
"2184","1","1","0","1","84","34"
"2185","1","1","0","1","85","33"
"2186","1","1","0","1","86","21"
"2187","1","1","0","1","87","25"
"2188","1","1","0","1","88","32"
"2189","1","1","0","1","89","33"
"2190","1","1","0","1","90","23"
"2191","1","1","0","1","91","17"
"2192","1","1","0","1","92","22"
"2193","1","1","0","1","93","27"
"2194","1","1","0","1","94","34"
"2195","1","1","0","1","95","38"
"2196","1","1","0","1","96","34"
"2197","1","1","0","1","97","32"
"2198","1","1","0","1","98","33"
"2199","1","1","0","1","99","32"
"2200","1","1","0","1","100","12"
"2201","1","1","1","0","1","18"
"2202","1","1","1","0","2","15"
"2203","1","1","1","0","3","19"
"2204","1","1","1","0","4","17"
"2205","1","1","1","0","5","23"
"2206","1","1","1","0","6","28"
"2207","1","1","1","0","7","23"
"2208","1","1","1","0","8","19"
"2209","1","1","1","0","9","15"
"2210","1","1","1","0","10","11"
"2211","1","1","1","0","11","19"
"2212","1","1","1","0","12","21"
"2213","1","1","1","0","13","24"
"2214","1","1","1","0","14","27"
"2215","1","1","1","0","15","28"
"2216","1","1","1","0","16","26"
"2217","1","1","1","0","17","21"
"2218","1","1","1","0","18","25"
"2219","1","1","1","0","19","20"
"2220","1","1","1","0","20","14"
"2221","1","1","1","0","21","21"
"2222","1","1","1","0","22","26"
"2223","1","1","1","0","23","28"
"2224","1","1","1","0","24","31"
"2225","1","1","1","0","25","30"
"2226","1","1","1","0","26","25"
"2227","1","1","1","0","27","29"
"2228","1","1","1","0","28","30"
"2229","1","1","1","0","29","23"
"2230","1","1","1","0","30","12"
"2231","1","1","1","0","31","23"
"2232","1","1","1","0","32","26"
"2233","1","1","1","0","33","28"
"2234","1","1","1","0","34","32"
"2235","1","1","1","0","35","29"
"2236","1","1","1","0","36","21"
"2237","1","1","1","0","37","23"
"2238","1","1","1","0","38","24"
"2239","1","1","1","0","39","24"
"2240","1","1","1","0","40","12"
"2241","1","1","1","0","41","21"
"2242","1","1","1","0","42","26"
"2243","1","1","1","0","43","25"
"2244","1","1","1","0","44","33"
"2245","1","1","1","0","45","28"
"2246","1","1","1","0","46","22"
"2247","1","1","1","0","47","20"
"2248","1","1","1","0","48","21"
"2249","1","1","1","0","49","22"
"2250","1","1","1","0","50","15"
"2251","1","1","1","0","51","20"
"2252","1","1","1","0","52","24"
"2253","1","1","1","0","53","29"
"2254","1","1","1","0","54","36"
"2255","1","1","1","0","55","29"
"2256","1","1","1","0","56","27"
"2257","1","1","1","0","57","24"
"2258","1","1","1","0","58","26"
"2259","1","1","1","0","59","23"
"2260","1","1","1","0","60","15"
"2261","1","1","1","0","61","20"
"2262","1","1","1","0","62","16"
"2263","1","1","1","0","63","24"
"2264","1","1","1","0","64","30"
"2265","1","1","1","0","65","30"
"2266","1","1","1","0","66","20"
"2267","1","1","1","0","67","20"
"2268","1","1","1","0","68","23"
"2269","1","1","1","0","69","26"
"2270","1","1","1","0","70","19"
"2271","1","1","1","0","71","16"
"2272","1","1","1","0","72","12"
"2273","1","1","1","0","73","19"
"2274","1","1","1","0","74","23"
"2275","1","1","1","0","75","27"
"2276","1","1","1","0","76","25"
"2277","1","1","1","0","77","26"
"2278","1","1","1","0","78","25"
"2279","1","1","1","0","79","19"
"2280","1","1","1","0","80","15"
"2281","1","1","1","0","81","16"
"2282","1","1","1","0","82","15"
"2283","1","1","1","0","83","17"
"2284","1","1","1","0","84","25"
"2285","1","1","1","0","85","31"
"2286","1","1","1","0","86","31"
"2287","1","1","1","0","87","25"
"2288","1","1","1","0","88","22"
"2289","1","1","1","0","89","15"
"2290","1","1","1","0","90","9"
"2291","1","1","1","0","91","8"
"2292","1","1","1","0","92","13"
"2293","1","1","1","0","93","19"
"2294","1","1","1","0","94","25"
"2295","1","1","1","0","95","27"
"2296","1","1","1","0","96","25"
"2297","1","1","1","0","97","18"
"2298","1","1","1","0","98","16"
"2299","1","1","1","0","99","14"
"2300","1","1","1","0","100","8"
"2301","1","1","1","1","1","8"
"2302","1","1","1","1","2","12"
"2303","1","1","1","1","3","13"
"2304","1","1","1","1","4","15"
"2305","1","1","1","1","5","13"
"2306","1","1","1","1","6","17"
"2307","1","1","1","1","7","14"
"2308","1","1","1","1","8","15"
"2309","1","1","1","1","9","10"
"2310","1","1","1","1","10","11"
"2311","1","1","1","1","11","17"
"2312","1","1","1","1","12","22"
"2313","1","1","1","1","13","29"
"2314","1","1","1","1","14","26"
"2315","1","1","1","1","15","29"
"2316","1","1","1","1","16","32"
"2317","1","1","1","1","17","22"
"2318","1","1","1","1","18","24"
"2319","1","1","1","1","19","24"
"2320","1","1","1","1","20","19"
"2321","1","1","1","1","21","26"
"2322","1","1","1","1","22","26"
"2323","1","1","1","1","23","31"
"2324","1","1","1","1","24","26"
"2325","1","1","1","1","25","25"
"2326","1","1","1","1","26","28"
"2327","1","1","1","1","27","20"
"2328","1","1","1","1","28","19"
"2329","1","1","1","1","29","22"
"2330","1","1","1","1","30","19"
"2331","1","1","1","1","31","26"
"2332","1","1","1","1","32","22"
"2333","1","1","1","1","33","25"
"2334","1","1","1","1","34","26"
"2335","1","1","1","1","35","19"
"2336","1","1","1","1","36","24"
"2337","1","1","1","1","37","18"
"2338","1","1","1","1","38","25"
"2339","1","1","1","1","39","25"
"2340","1","1","1","1","40","24"
"2341","1","1","1","1","41","28"
"2342","1","1","1","1","42","22"
"2343","1","1","1","1","43","29"
"2344","1","1","1","1","44","26"
"2345","1","1","1","1","45","21"
"2346","1","1","1","1","46","17"
"2347","1","1","1","1","47","20"
"2348","1","1","1","1","48","30"
"2349","1","1","1","1","49","24"
"2350","1","1","1","1","50","22"
"2351","1","1","1","1","51","26"
"2352","1","1","1","1","52","24"
"2353","1","1","1","1","53","24"
"2354","1","1","1","1","54","29"
"2355","1","1","1","1","55","19"
"2356","1","1","1","1","56","16"
"2357","1","1","1","1","57","21"
"2358","1","1","1","1","58","27"
"2359","1","1","1","1","59","24"
"2360","1","1","1","1","60","26"
"2361","1","1","1","1","61","24"
"2362","1","1","1","1","62","23"
"2363","1","1","1","1","63","24"
"2364","1","1","1","1","64","32"
"2365","1","1","1","1","65","30"
"2366","1","1","1","1","66","20"
"2367","1","1","1","1","67","21"
"2368","1","1","1","1","68","27"
"2369","1","1","1","1","69","20"
"2370","1","1","1","1","70","20"
"2371","1","1","1","1","71","13"
"2372","1","1","1","1","72","17"
"2373","1","1","1","1","73","22"
"2374","1","1","1","1","74","26"
"2375","1","1","1","1","75","29"
"2376","1","1","1","1","76","27"
"2377","1","1","1","1","77","25"
"2378","1","1","1","1","78","34"
"2379","1","1","1","1","79","23"
"2380","1","1","1","1","80","16"
"2381","1","1","1","1","81","13"
"2382","1","1","1","1","82","16"
"2383","1","1","1","1","83","23"
"2384","1","1","1","1","84","32"
"2385","1","1","1","1","85","26"
"2386","1","1","1","1","86","24"
"2387","1","1","1","1","87","23"
"2388","1","1","1","1","88","29"
"2389","1","1","1","1","89","22"
"2390","1","1","1","1","90","11"
"2391","1","1","1","1","91","13"
"2392","1","1","1","1","92","15"
"2393","1","1","1","1","93","23"
"2394","1","1","1","1","94","30"
"2395","1","1","1","1","95","26"
"2396","1","1","1","1","96","26"
"2397","1","1","1","1","97","16"
"2398","1","1","1","1","98","21"
"2399","1","1","1","1","99","17"
"2400","1","1","1","1","100","8"
