player_name,time,time_in_seconds,date,video,level,difficulty,url
DuskyLW,0m 50s,50,01-May-20,https://www.speedrun.com/ge60fps/run/mrk9qjdy,Dam,Agent,https://www.speedrun.com/ge60fps/level/Dam
Acadie,0m 50s,50,10-Dec-21,https://www.speedrun.com/ge60fps/run/y6n7496z,Dam,Agent,https://www.speedrun.com/ge60fps/level/Dam
JDBlack721,0m 51s,51,24-Jun-18,https://www.speedrun.com/ge60fps/run/y8v20gdz,Dam,Agent,https://www.speedrun.com/ge60fps/level/Dam
LQwerty,0m 51s,51,21-Sep-18,https://www.speedrun.com/ge60fps/run/z15dpxry,Dam,Agent,https://www.speedrun.com/ge60fps/level/Dam
Marc-André_Morin,0m 51s,51,24-Feb-19,https://www.speedrun.com/ge60fps/run/y4wj4pqm,Dam,Agent,https://www.speedrun.com/ge60fps/level/Dam
SleeperJohns,0m 51s,51,27-Mar-20,https://www.speedrun.com/ge60fps/run/yw8e653y,Dam,Agent,https://www.speedrun.com/ge60fps/level/Dam
Kierkan,0m 51s,51,28-Apr-20,https://www.speedrun.com/ge60fps/run/yokkeo7z,Dam,Agent,https://www.speedrun.com/ge60fps/level/Dam
DaGuy,0m 51s,51,25-Aug-20,https://www.speedrun.com/ge60fps/run/znknj4vz,Dam,Agent,https://www.speedrun.com/ge60fps/level/Dam
BK,0m 51s,51,09-Sep-20,https://www.speedrun.com/ge60fps/run/yo3vqojy,Dam,Agent,https://www.speedrun.com/ge60fps/level/Dam
MOOMAN,0m 51s,51,19-Sep-20,https://www.speedrun.com/ge60fps/run/ylv4052m,Dam,Agent,https://www.speedrun.com/ge60fps/level/Dam
Onslatt,0m 51s,51,03-Nov-20,https://www.speedrun.com/ge60fps/run/zn30ee3y,Dam,Agent,https://www.speedrun.com/ge60fps/level/Dam
darkstar12,0m 51s,51,23-Nov-20,https://www.speedrun.com/ge60fps/run/yo3lx2jy,Dam,Agent,https://www.speedrun.com/ge60fps/level/Dam
fruitwhoops,0m 51s,51,26-Jan-21,https://www.speedrun.com/ge60fps/run/ylok353y,Dam,Agent,https://www.speedrun.com/ge60fps/level/Dam
Deyrenkenin,0m 51s,51,31-Jan-21,https://www.speedrun.com/ge60fps/run/yd90g6qz,Dam,Agent,https://www.speedrun.com/ge60fps/level/Dam
jgn,0m 51s,51,19-Feb-21,https://www.speedrun.com/ge60fps/run/y2vpoewz,Dam,Agent,https://www.speedrun.com/ge60fps/level/Dam
joshtheghost56k,0m 51s,51,21-Sep-21,https://www.speedrun.com/ge60fps/run/m772qj0m,Dam,Agent,https://www.speedrun.com/ge60fps/level/Dam
DistractedInsanity,0m 51s,51,15-Oct-21,https://www.speedrun.com/ge60fps/run/zn0x1gly,Dam,Agent,https://www.speedrun.com/ge60fps/level/Dam
iiFever,0m 51s,51,27-Oct-21,https://www.speedrun.com/ge60fps/run/y93e092y,Dam,Agent,https://www.speedrun.com/ge60fps/level/Dam
Vesly,0m 51s,51,04-Jan-22,https://www.speedrun.com/ge60fps/run/m7w8lowz,Dam,Agent,https://www.speedrun.com/ge60fps/level/Dam
qaexd,0m 51s,51,04-Jan-22,https://www.speedrun.com/ge60fps/run/y20g2p6m,Dam,Agent,https://www.speedrun.com/ge60fps/level/Dam
g0dz,0m 52s,52,29-Jul-20,https://www.speedrun.com/ge60fps/run/yw82dvpy,Dam,Agent,https://www.speedrun.com/ge60fps/level/Dam
Thetrashmaster,0m 52s,52,21-Sep-20,https://www.speedrun.com/ge60fps/run/ylv477km,Dam,Agent,https://www.speedrun.com/ge60fps/level/Dam
erikthedirector,0m 52s,52,29-Sep-20,https://www.speedrun.com/ge60fps/run/yd06exxz,Dam,Agent,https://www.speedrun.com/ge60fps/level/Dam
Arumin,0m 52s,52,04-Jan-21,https://www.speedrun.com/ge60fps/run/zgv04nnz,Dam,Agent,https://www.speedrun.com/ge60fps/level/Dam
teny,0m 52s,52,20-Jan-21,https://www.speedrun.com/ge60fps/run/z063rnez,Dam,Agent,https://www.speedrun.com/ge60fps/level/Dam
Nana7ZX,0m 52s,52,12-Apr-21,https://www.speedrun.com/ge60fps/run/zq1k271m,Dam,Agent,https://www.speedrun.com/ge60fps/level/Dam
Retroflex,0m 52s,52,20-Jun-21,https://www.speedrun.com/ge60fps/run/me7g370y,Dam,Agent,https://www.speedrun.com/ge60fps/level/Dam
Saber64,0m 52s,52,19-Jul-21,https://www.speedrun.com/ge60fps/run/zn1drq8m,Dam,Agent,https://www.speedrun.com/ge60fps/level/Dam
200Rounds,0m 52s,52,04-Oct-21,https://www.speedrun.com/ge60fps/run/zgr8ewvm,Dam,Agent,https://www.speedrun.com/ge60fps/level/Dam
kuwuabarra,0m 52s,52,08-Oct-21,https://www.speedrun.com/ge60fps/run/ylrd0kxy,Dam,Agent,https://www.speedrun.com/ge60fps/level/Dam
ScottyAV,0m 52s,52,15-Oct-21,https://www.speedrun.com/ge60fps/run/me4g93qy,Dam,Agent,https://www.speedrun.com/ge60fps/level/Dam
Toad_N64,0m 52s,52,04-Dec-21,https://www.speedrun.com/ge60fps/run/zgdnrevz,Dam,Agent,https://www.speedrun.com/ge60fps/level/Dam
jdlockefeller2002,0m 53s,53,01-Apr-20,https://www.speedrun.com/ge60fps/run/z1531ery,Dam,Agent,https://www.speedrun.com/ge60fps/level/Dam
SuperTiaanBro,0m 53s,53,10-Jan-21,https://www.speedrun.com/ge60fps/run/ylvgxwkm,Dam,Agent,https://www.speedrun.com/ge60fps/level/Dam
DeloreanWc,0m 53s,53,16-Jan-21,https://www.speedrun.com/ge60fps/run/ylo94rry,Dam,Agent,https://www.speedrun.com/ge60fps/level/Dam
trapmixRCF,0m 53s,53,22-Jan-21,https://www.speedrun.com/ge60fps/run/y66pjr6y,Dam,Agent,https://www.speedrun.com/ge60fps/level/Dam
SPOOKDOGG111,0m 53s,53,24-May-21,https://www.speedrun.com/ge60fps/run/yo7r195m,Dam,Agent,https://www.speedrun.com/ge60fps/level/Dam
bhow,0m 53s,53,13-Aug-21,https://www.speedrun.com/ge60fps/run/zqvw3n9m,Dam,Agent,https://www.speedrun.com/ge60fps/level/Dam
artificial,0m 53s,53,03-Sep-21,https://www.speedrun.com/ge60fps/run/zqvvnkrm,Dam,Agent,https://www.speedrun.com/ge60fps/level/Dam
QRoodle,0m 53s,53,04-Sep-21,https://www.speedrun.com/ge60fps/run/yj5xj6dm,Dam,Agent,https://www.speedrun.com/ge60fps/level/Dam
DondeluceGamingTTV,0m 53s,53,20-Sep-21,https://www.speedrun.com/ge60fps/run/zgrq01dm,Dam,Agent,https://www.speedrun.com/ge60fps/level/Dam
Moonlitembers,0m 53s,53,23-Sep-21,https://www.speedrun.com/ge60fps/run/zp8g8pvy,Dam,Agent,https://www.speedrun.com/ge60fps/level/Dam
Tomatoswallow,0m 53s,53,21-Dec-21,https://www.speedrun.com/ge60fps/run/mr6e3rgm,Dam,Agent,https://www.speedrun.com/ge60fps/level/Dam
CatSydromde,0m 53s,53,01-Jan-22,https://www.speedrun.com/ge60fps/run/zxl6275z,Dam,Agent,https://www.speedrun.com/ge60fps/level/Dam
Waterish,0m 53s,53,14-Feb-22,https://www.speedrun.com/ge60fps/run/ydwnl60m,Dam,Agent,https://www.speedrun.com/ge60fps/level/Dam
kiraa96,0m 54s,54,28-Oct-20,https://www.speedrun.com/ge60fps/run/y8rdoqxm,Dam,Agent,https://www.speedrun.com/ge60fps/level/Dam
ACSmurfs,0m 54s,54,27-Nov-20,https://www.speedrun.com/ge60fps/run/z09jqgjz,Dam,Agent,https://www.speedrun.com/ge60fps/level/Dam
Heavy_Q,0m 54s,54,04-Feb-21,https://www.speedrun.com/ge60fps/run/yv21446m,Dam,Agent,https://www.speedrun.com/ge60fps/level/Dam
marco2142,0m 54s,54,28-Jan-22,https://www.speedrun.com/ge60fps/run/yjx8g1gz,Dam,Agent,https://www.speedrun.com/ge60fps/level/Dam
CJs,0m 55s,55,10-Jan-21,https://www.speedrun.com/ge60fps/run/y8r5kwnm,Dam,Agent,https://www.speedrun.com/ge60fps/level/Dam
Acadie,1m 11s,71,18-Jul-20,https://www.speedrun.com/ge60fps/run/ywkqrp2y,Dam,Secret Agent,https://www.speedrun.com/ge60fps/level/Dam
RaskeShades,1m 11s,71,16-Sep-21,https://www.speedrun.com/ge60fps/run/zqv94j1m,Dam,Secret Agent,https://www.speedrun.com/ge60fps/level/Dam
DuskyLW,1m 12s,72,15-Feb-20,https://www.speedrun.com/ge60fps/run/z05wp78m,Dam,Secret Agent,https://www.speedrun.com/ge60fps/level/Dam
fruitwhoops,1m 12s,72,01-Feb-21,https://www.speedrun.com/ge60fps/run/yw0dlknm,Dam,Secret Agent,https://www.speedrun.com/ge60fps/level/Dam
Marc-André_Morin,1m 13s,73,08-May-21,https://www.speedrun.com/ge60fps/run/ylqolxrz,Dam,Secret Agent,https://www.speedrun.com/ge60fps/level/Dam
XSESupremebanana,1m 14s,74,25-Oct-20,https://www.speedrun.com/ge60fps/run/zxdg625y,Dam,Secret Agent,https://www.speedrun.com/ge60fps/level/Dam
Retroflex,1m 14s,74,16-Sep-21,https://www.speedrun.com/ge60fps/run/yde15vqm,Dam,Secret Agent,https://www.speedrun.com/ge60fps/level/Dam
g0dz,1m 17s,77,29-Jul-20,https://www.speedrun.com/ge60fps/run/zqwp485z,Dam,Secret Agent,https://www.speedrun.com/ge60fps/level/Dam
Herppaderpp,1m 48s,108,20-Nov-20,https://www.speedrun.com/ge60fps/run/zplg0lvm,Dam,00 Agent,https://www.speedrun.com/ge60fps/level/Dam
DuskyLW,1m 49s,109,26-Mar-20,https://www.speedrun.com/ge60fps/run/m7g16oem,Dam,00 Agent,https://www.speedrun.com/ge60fps/level/Dam
APBGamerPlay,1m 49s,109,25-Apr-21,https://www.speedrun.com/ge60fps/run/z0r189oz,Dam,00 Agent,https://www.speedrun.com/ge60fps/level/Dam
Acadie,1m 51s,111,07-Jul-21,https://www.speedrun.com/ge60fps/run/me47loqy,Dam,00 Agent,https://www.speedrun.com/ge60fps/level/Dam
g0dz,2m 04s,124,29-Jul-20,https://www.speedrun.com/ge60fps/run/zpror6gm,Dam,00 Agent,https://www.speedrun.com/ge60fps/level/Dam
Herppaderpp,0m 40s,40,01-Aug-20,https://www.speedrun.com/ge60fps/run/z5jwg3nm,Facility,Agent,https://www.speedrun.com/ge60fps/level/Facility
DuskyLW,0m 40s,40,31-Aug-20,https://www.speedrun.com/ge60fps/run/mk3jk4lz,Facility,Agent,https://www.speedrun.com/ge60fps/level/Facility
APBGamerPlay,0m 43s,43,27-Feb-21,https://www.speedrun.com/ge60fps/run/zx636j8z,Facility,Agent,https://www.speedrun.com/ge60fps/level/Facility
Retroflex,0m 43s,43,06-Feb-22,https://www.speedrun.com/ge60fps/run/y6nq7xqz,Facility,Agent,https://www.speedrun.com/ge60fps/level/Facility
Acadie,0m 44s,44,01-Sep-21,https://www.speedrun.com/ge60fps/run/y9330p2y,Facility,Agent,https://www.speedrun.com/ge60fps/level/Facility
Hovezipwn,0m 45s,45,14-Nov-21,https://www.speedrun.com/ge60fps/run/zxor795z,Facility,Agent,https://www.speedrun.com/ge60fps/level/Facility
Kierkan,0m 46s,46,02-May-20,https://www.speedrun.com/ge60fps/run/y65r5lpz,Facility,Agent,https://www.speedrun.com/ge60fps/level/Facility
qaexd,0m 46s,46,03-Feb-22,https://www.speedrun.com/ge60fps/run/z0ox5eez,Facility,Agent,https://www.speedrun.com/ge60fps/level/Facility
jgn,0m 47s,47,25-Feb-21,https://www.speedrun.com/ge60fps/run/znojeo8y,Facility,Agent,https://www.speedrun.com/ge60fps/level/Facility
Saber64,0m 49s,49,04-Jul-21,https://www.speedrun.com/ge60fps/run/y99wrwry,Facility,Agent,https://www.speedrun.com/ge60fps/level/Facility
Toad_N64,0m 52s,52,13-Dec-21,https://www.speedrun.com/ge60fps/run/ydw5v1qm,Facility,Agent,https://www.speedrun.com/ge60fps/level/Facility
DeloreanWc,0m 53s,53,16-Jan-21,https://www.speedrun.com/ge60fps/run/y4253rdm,Facility,Agent,https://www.speedrun.com/ge60fps/level/Facility
CJs,0m 55s,55,10-Jan-21,https://www.speedrun.com/ge60fps/run/zq4xdoxm,Facility,Agent,https://www.speedrun.com/ge60fps/level/Facility
trapmixRCF,0m 57s,57,22-Jan-21,https://www.speedrun.com/ge60fps/run/m78plw9z,Facility,Agent,https://www.speedrun.com/ge60fps/level/Facility
Herppaderpp,0m 47s,47,03-Dec-20,https://www.speedrun.com/ge60fps/run/ywdn789z,Facility,Secret Agent,https://www.speedrun.com/ge60fps/level/Facility
DuskyLW,0m 50s,50,27-May-20,https://www.speedrun.com/ge60fps/run/mk35ojlz,Facility,Secret Agent,https://www.speedrun.com/ge60fps/level/Facility
BulletTimeTails,1m 05s,65,24-May-20,https://www.speedrun.com/ge60fps/run/z15xx1gy,Facility,Secret Agent,https://www.speedrun.com/ge60fps/level/Facility
Herppaderpp,0m 48s,48,16-Aug-20,https://www.speedrun.com/ge60fps/run/yjlrv8dz,Facility,00 Agent,https://www.speedrun.com/ge60fps/level/Facility
DuskyLW,0m 50s,50,27-May-20,https://www.speedrun.com/ge60fps/run/m7g7er9m,Facility,00 Agent,https://www.speedrun.com/ge60fps/level/Facility
DuskyLW,0m 21s,21,05-Mar-19,https://www.speedrun.com/ge60fps/run/meov3j8z,Runway,Agent,https://www.speedrun.com/ge60fps/level/Runway
Deyrenkenin,0m 22s,22,02-Jun-21,https://www.speedrun.com/ge60fps/run/ydr17j0z,Runway,Agent,https://www.speedrun.com/ge60fps/level/Runway
Retroflex,0m 22s,22,20-Jun-21,https://www.speedrun.com/ge60fps/run/zp1x93xz,Runway,Agent,https://www.speedrun.com/ge60fps/level/Runway
bigtomiman,0m 22s,22,06-Sep-21,https://www.speedrun.com/ge60fps/run/zgrdd2em,Runway,Agent,https://www.speedrun.com/ge60fps/level/Runway
mubeblue,0m 22s,22,15-Oct-21,https://www.speedrun.com/ge60fps/run/ylrx0kxy,Runway,Agent,https://www.speedrun.com/ge60fps/level/Runway
DistractedInsanity,0m 22s,22,19-Oct-21,https://www.speedrun.com/ge60fps/run/yvoxkq4z,Runway,Agent,https://www.speedrun.com/ge60fps/level/Runway
jgn,0m 23s,23,04-Feb-21,https://www.speedrun.com/ge60fps/run/m7884q4z,Runway,Agent,https://www.speedrun.com/ge60fps/level/Runway
SPOOKDOGG111,0m 23s,23,01-Jun-21,https://www.speedrun.com/ge60fps/run/z1rgql7m,Runway,Agent,https://www.speedrun.com/ge60fps/level/Runway
QRoodle,0m 23s,23,14-Sep-21,https://www.speedrun.com/ge60fps/run/ylr7w5ry,Runway,Agent,https://www.speedrun.com/ge60fps/level/Runway
qaexd,0m 23s,23,28-Dec-21,https://www.speedrun.com/ge60fps/run/zq0d4x5y,Runway,Agent,https://www.speedrun.com/ge60fps/level/Runway
Vesly,0m 23s,23,28-Dec-21,https://www.speedrun.com/ge60fps/run/yor3900y,Runway,Agent,https://www.speedrun.com/ge60fps/level/Runway
DeloreanWc,0m 24s,24,18-Jun-20,https://www.speedrun.com/ge60fps/run/z15g467y,Runway,Agent,https://www.speedrun.com/ge60fps/level/Runway
artificial,0m 24s,24,03-Sep-21,https://www.speedrun.com/ge60fps/run/yj55rp7m,Runway,Agent,https://www.speedrun.com/ge60fps/level/Runway
DondeluceGamingTTV,0m 24s,24,21-Sep-21,https://www.speedrun.com/ge60fps/run/z5deo9nm,Runway,Agent,https://www.speedrun.com/ge60fps/level/Runway
Tomatoswallow,0m 24s,24,23-Dec-21,https://www.speedrun.com/ge60fps/run/mr6k6o2m,Runway,Agent,https://www.speedrun.com/ge60fps/level/Runway
SuperTiaanBro,0m 25s,25,09-Jan-21,https://www.speedrun.com/ge60fps/run/yo31pw0y,Runway,Agent,https://www.speedrun.com/ge60fps/level/Runway
CJs,0m 25s,25,10-Jan-21,https://www.speedrun.com/ge60fps/run/ywdlgp3z,Runway,Agent,https://www.speedrun.com/ge60fps/level/Runway
Moonlitembers,0m 25s,25,21-Sep-21,https://www.speedrun.com/ge60fps/run/y936o1ry,Runway,Agent,https://www.speedrun.com/ge60fps/level/Runway
n64man098,0m 25s,25,25-Jan-22,https://www.speedrun.com/ge60fps/run/ywj6wk9z,Runway,Agent,https://www.speedrun.com/ge60fps/level/Runway
bhow,0m 26s,26,12-Aug-21,https://www.speedrun.com/ge60fps/run/y8e178dy,Runway,Agent,https://www.speedrun.com/ge60fps/level/Runway
kuwuabarra,0m 26s,26,05-Oct-21,https://www.speedrun.com/ge60fps/run/zxowxn5z,Runway,Agent,https://www.speedrun.com/ge60fps/level/Runway
trapmixRCF,0m 28s,28,22-Jan-21,https://www.speedrun.com/ge60fps/run/yw0p2j2m,Runway,Agent,https://www.speedrun.com/ge60fps/level/Runway
Czargameing,0m 28s,28,05-Dec-21,https://www.speedrun.com/ge60fps/run/ydwqqrwm,Runway,Agent,https://www.speedrun.com/ge60fps/level/Runway
DuskyLW,0m 22s,22,26-Mar-20,https://www.speedrun.com/ge60fps/run/y259pk9y,Runway,Secret Agent,https://www.speedrun.com/ge60fps/level/Runway
Acadie,0m 22s,22,18-Jul-20,https://www.speedrun.com/ge60fps/run/zgrge70m,Runway,Secret Agent,https://www.speedrun.com/ge60fps/level/Runway
Retroflex,0m 22s,22,06-Jul-21,https://www.speedrun.com/ge60fps/run/ydrpwwqz,Runway,Secret Agent,https://www.speedrun.com/ge60fps/level/Runway
DistractedInsanity,0m 23s,23,19-Oct-21,https://www.speedrun.com/ge60fps/run/yj59vx3m,Runway,Secret Agent,https://www.speedrun.com/ge60fps/level/Runway
SPOOKDOGG111,0m 26s,26,02-Jun-21,https://www.speedrun.com/ge60fps/run/y6dxe40m,Runway,Secret Agent,https://www.speedrun.com/ge60fps/level/Runway
erikthedirector,0m 27s,27,26-Nov-20,https://www.speedrun.com/ge60fps/run/z09jr59z,Runway,Secret Agent,https://www.speedrun.com/ge60fps/level/Runway
DuskyLW,0m 37s,37,14-Jan-21,https://www.speedrun.com/ge60fps/run/ylo3lvxy,Runway,00 Agent,https://www.speedrun.com/ge60fps/level/Runway
Retroflex,0m 37s,37,18-Jul-21,https://www.speedrun.com/ge60fps/run/zp1jvvnz,Runway,00 Agent,https://www.speedrun.com/ge60fps/level/Runway
APBGamerPlay,0m 38s,38,29-Mar-21,https://www.speedrun.com/ge60fps/run/z064e18z,Runway,00 Agent,https://www.speedrun.com/ge60fps/level/Runway
SPOOKDOGG111,0m 39s,39,07-Jun-21,https://www.speedrun.com/ge60fps/run/y996q4ey,Runway,00 Agent,https://www.speedrun.com/ge60fps/level/Runway
erikthedirector,0m 41s,41,24-Dec-20,https://www.speedrun.com/ge60fps/run/m75vq3ez,Runway,00 Agent,https://www.speedrun.com/ge60fps/level/Runway
AlanUranus,0m 52s,52,04-Nov-20,https://www.speedrun.com/ge60fps/run/mk8elglm,Runway,00 Agent,https://www.speedrun.com/ge60fps/level/Runway
DuskyLW,0m 59s,59,30-Jul-20,https://www.speedrun.com/ge60fps/run/m7gl689m,Surface 1,Agent,https://www.speedrun.com/ge60fps/level/Surface 1
Herppaderpp,1m 00s,60,14-Jul-20,https://www.speedrun.com/ge60fps/run/m7gn4j9m,Surface 1,Agent,https://www.speedrun.com/ge60fps/level/Surface 1
RaskeShades,1m 00s,60,11-Jul-21,https://www.speedrun.com/ge60fps/run/z0r4o7jz,Surface 1,Agent,https://www.speedrun.com/ge60fps/level/Surface 1
Deyrenkenin,1m 00s,60,12-Sep-21,https://www.speedrun.com/ge60fps/run/ywk3np2y,Surface 1,Agent,https://www.speedrun.com/ge60fps/level/Surface 1
XSESupremebanana,1m 01s,61,08-Aug-21,https://www.speedrun.com/ge60fps/run/y935n72y,Surface 1,Agent,https://www.speedrun.com/ge60fps/level/Surface 1
DistractedInsanity,1m 01s,61,16-Oct-21,https://www.speedrun.com/ge60fps/run/y69e000y,Surface 1,Agent,https://www.speedrun.com/ge60fps/level/Surface 1
Retroflex,1m 01s,61,06-Feb-22,https://www.speedrun.com/ge60fps/run/y6nq7oqz,Surface 1,Agent,https://www.speedrun.com/ge60fps/level/Surface 1
jgn,1m 03s,63,06-Feb-21,https://www.speedrun.com/ge60fps/run/y66dd8qy,Surface 1,Agent,https://www.speedrun.com/ge60fps/level/Surface 1
Saber64,1m 03s,63,13-Jul-21,https://www.speedrun.com/ge60fps/run/zxgr1k8y,Surface 1,Agent,https://www.speedrun.com/ge60fps/level/Surface 1
Toad_N64,1m 03s,63,04-Dec-21,https://www.speedrun.com/ge60fps/run/zp2q8w8y,Surface 1,Agent,https://www.speedrun.com/ge60fps/level/Surface 1
AlanUranus,1m 04s,64,10-Nov-20,https://www.speedrun.com/ge60fps/run/ywd31g9z,Surface 1,Agent,https://www.speedrun.com/ge60fps/level/Surface 1
DeloreanWc,1m 05s,65,02-Dec-20,https://www.speedrun.com/ge60fps/run/mr92rngm,Surface 1,Agent,https://www.speedrun.com/ge60fps/level/Surface 1
CJs,1m 07s,67,10-Jan-21,https://www.speedrun.com/ge60fps/run/zpl76prm,Surface 1,Agent,https://www.speedrun.com/ge60fps/level/Surface 1
DondeluceGamingTTV,1m 07s,67,20-Sep-21,https://www.speedrun.com/ge60fps/run/m77x4n0m,Surface 1,Agent,https://www.speedrun.com/ge60fps/level/Surface 1
kuwuabarra,1m 08s,68,06-Oct-21,https://www.speedrun.com/ge60fps/run/yde2onjm,Surface 1,Agent,https://www.speedrun.com/ge60fps/level/Surface 1
Czargameing,1m 10s,70,18-Oct-21,https://www.speedrun.com/ge60fps/run/ywkx59ny,Surface 1,Agent,https://www.speedrun.com/ge60fps/level/Surface 1
trapmixRCF,1m 11s,71,22-Jan-21,https://www.speedrun.com/ge60fps/run/yj14qp7y,Surface 1,Agent,https://www.speedrun.com/ge60fps/level/Surface 1
DuskyLW,1m 44s,104,28-May-20,https://www.speedrun.com/ge60fps/run/ylkrwn3z,Surface 1,Secret Agent,https://www.speedrun.com/ge60fps/level/Surface 1
RaskeShades,1m 44s,104,11-Jul-21,https://www.speedrun.com/ge60fps/run/ylqwevxz,Surface 1,Secret Agent,https://www.speedrun.com/ge60fps/level/Surface 1
Retroflex,1m 46s,106,03-Jan-22,https://www.speedrun.com/ge60fps/run/zxl685ez,Surface 1,Secret Agent,https://www.speedrun.com/ge60fps/level/Surface 1
Deyrenkenin,1m 48s,108,05-Apr-21,https://www.speedrun.com/ge60fps/run/m3nppn4y,Surface 1,Secret Agent,https://www.speedrun.com/ge60fps/level/Surface 1
DuskyLW,1m 44s,104,28-May-20,https://www.speedrun.com/ge60fps/run/m7g742wm,Surface 1,00 Agent,https://www.speedrun.com/ge60fps/level/Surface 1
erikthedirector,1m 55s,115,30-Nov-20,https://www.speedrun.com/ge60fps/run/mk8qkp3m,Surface 1,00 Agent,https://www.speedrun.com/ge60fps/level/Surface 1
JDBlack721,0m 15s,15,20-Dec-18,https://www.speedrun.com/ge60fps/run/mr4kle4z,Bunker 1,Agent,https://www.speedrun.com/ge60fps/level/Bunker 1
DuskyLW,0m 15s,15,07-Feb-19,https://www.speedrun.com/ge60fps/run/y4w9q8km,Bunker 1,Agent,https://www.speedrun.com/ge60fps/level/Bunker 1
Herppaderpp,0m 15s,15,05-Jul-20,https://www.speedrun.com/ge60fps/run/mrk2707y,Bunker 1,Agent,https://www.speedrun.com/ge60fps/level/Bunker 1
BK,0m 15s,15,26-Sep-20,https://www.speedrun.com/ge60fps/run/zpl4qwvm,Bunker 1,Agent,https://www.speedrun.com/ge60fps/level/Bunker 1
Onslatt,0m 15s,15,31-Oct-20,https://www.speedrun.com/ge60fps/run/m7575vwz,Bunker 1,Agent,https://www.speedrun.com/ge60fps/level/Bunker 1
Addict_Park,0m 15s,15,23-May-21,https://www.speedrun.com/ge60fps/run/y6dnjdqm,Bunker 1,Agent,https://www.speedrun.com/ge60fps/level/Bunker 1
Deyrenkenin,0m 15s,15,15-Jul-21,https://www.speedrun.com/ge60fps/run/zq1l48xm,Bunker 1,Agent,https://www.speedrun.com/ge60fps/level/Bunker 1
Retroflex,0m 15s,15,23-Oct-21,https://www.speedrun.com/ge60fps/run/z078njoy,Bunker 1,Agent,https://www.speedrun.com/ge60fps/level/Bunker 1
DistractedInsanity,0m 15s,15,24-Oct-21,https://www.speedrun.com/ge60fps/run/mk5owwlm,Bunker 1,Agent,https://www.speedrun.com/ge60fps/level/Bunker 1
Acadie,0m 16s,16,26-Aug-21,https://www.speedrun.com/ge60fps/run/m376lvdz,Bunker 1,Agent,https://www.speedrun.com/ge60fps/level/Bunker 1
Kierkan,0m 17s,17,02-May-20,https://www.speedrun.com/ge60fps/run/zgwvwkdy,Bunker 1,Agent,https://www.speedrun.com/ge60fps/level/Bunker 1
jgn,0m 17s,17,22-Feb-21,https://www.speedrun.com/ge60fps/run/zqg9pw9m,Bunker 1,Agent,https://www.speedrun.com/ge60fps/level/Bunker 1
Saber64,0m 17s,17,27-Jul-21,https://www.speedrun.com/ge60fps/run/zqvknk5m,Bunker 1,Agent,https://www.speedrun.com/ge60fps/level/Bunker 1
qaexd,0m 18s,18,07-Feb-22,https://www.speedrun.com/ge60fps/run/y20kvd5m,Bunker 1,Agent,https://www.speedrun.com/ge60fps/level/Bunker 1
QRoodle,0m 19s,19,21-Sep-21,https://www.speedrun.com/ge60fps/run/yo6lj90y,Bunker 1,Agent,https://www.speedrun.com/ge60fps/level/Bunker 1
CJs,0m 20s,20,10-Jan-21,https://www.speedrun.com/ge60fps/run/yd0knowz,Bunker 1,Agent,https://www.speedrun.com/ge60fps/level/Bunker 1
DondeluceGamingTTV,0m 21s,21,23-Sep-21,https://www.speedrun.com/ge60fps/run/zqve7o9m,Bunker 1,Agent,https://www.speedrun.com/ge60fps/level/Bunker 1
kuwuabarra,0m 22s,22,10-Oct-21,https://www.speedrun.com/ge60fps/run/zp86ggxy,Bunker 1,Agent,https://www.speedrun.com/ge60fps/level/Bunker 1
Moonlitembers,0m 23s,23,23-Sep-21,https://www.speedrun.com/ge60fps/run/m37l3vgz,Bunker 1,Agent,https://www.speedrun.com/ge60fps/level/Bunker 1
trapmixRCF,0m 27s,27,22-Jan-21,https://www.speedrun.com/ge60fps/run/mk79wv3y,Bunker 1,Agent,https://www.speedrun.com/ge60fps/level/Bunker 1
DuskyLW,0m 19s,19,09-Jul-20,https://www.speedrun.com/ge60fps/run/mk3p2qvz,Bunker 1,Secret Agent,https://www.speedrun.com/ge60fps/level/Bunker 1
Addict_Park,0m 19s,19,10-Jun-21,https://www.speedrun.com/ge60fps/run/ywqrvppy,Bunker 1,Secret Agent,https://www.speedrun.com/ge60fps/level/Bunker 1
RaskeShades,0m 19s,19,04-Sep-21,https://www.speedrun.com/ge60fps/run/zp82nqgy,Bunker 1,Secret Agent,https://www.speedrun.com/ge60fps/level/Bunker 1
Retroflex,0m 19s,19,24-Oct-21,https://www.speedrun.com/ge60fps/run/z1xv65rm,Bunker 1,Secret Agent,https://www.speedrun.com/ge60fps/level/Bunker 1
Herppaderpp,0m 21s,21,05-Jul-20,https://www.speedrun.com/ge60fps/run/zgw8qpjy,Bunker 1,Secret Agent,https://www.speedrun.com/ge60fps/level/Bunker 1
Acadie,1m 06s,66,09-Sep-20,https://www.speedrun.com/ge60fps/run/y8ed61wy,Bunker 1,00 Agent,https://www.speedrun.com/ge60fps/level/Bunker 1
Addict_Park,1m 06s,66,23-Dec-21,https://www.speedrun.com/ge60fps/run/y205d06m,Bunker 1,00 Agent,https://www.speedrun.com/ge60fps/level/Bunker 1
APBGamerPlay,1m 10s,70,27-Jan-21,https://www.speedrun.com/ge60fps/run/y9n0vdez,Bunker 1,00 Agent,https://www.speedrun.com/ge60fps/level/Bunker 1
alkamaass,1m 12s,72,28-Dec-20,https://www.speedrun.com/ge60fps/run/m75jq95z,Bunker 1,00 Agent,https://www.speedrun.com/ge60fps/level/Bunker 1
AlanUranus,1m 27s,87,04-Nov-20,https://www.speedrun.com/ge60fps/run/zq406rrm,Bunker 1,00 Agent,https://www.speedrun.com/ge60fps/level/Bunker 1
erikthedirector,1m 31s,91,06-Dec-20,https://www.speedrun.com/ge60fps/run/z1o980gm,Bunker 1,00 Agent,https://www.speedrun.com/ge60fps/level/Bunker 1
DuskyLW,0m 55s,55,26-Oct-20,https://www.speedrun.com/ge60fps/run/ywdqq8pz,Silo,Agent,https://www.speedrun.com/ge60fps/level/Silo
iiFever,0m 55s,55,27-Oct-21,https://www.speedrun.com/ge60fps/run/m77lg75m,Silo,Agent,https://www.speedrun.com/ge60fps/level/Silo
Acadie,0m 57s,57,19-Sep-20,https://www.speedrun.com/ge60fps/run/ywkqr42y,Silo,Agent,https://www.speedrun.com/ge60fps/level/Silo
Shiva007,0m 59s,59,12-May-21,https://www.speedrun.com/ge60fps/run/z0rrxdez,Silo,Agent,https://www.speedrun.com/ge60fps/level/Silo
XSESupremebanana,1m 00s,60,16-Oct-20,https://www.speedrun.com/ge60fps/run/z533w95y,Silo,Agent,https://www.speedrun.com/ge60fps/level/Silo
Lazyturtle,1m 00s,60,21-Aug-21,https://www.speedrun.com/ge60fps/run/zxo69lez,Silo,Agent,https://www.speedrun.com/ge60fps/level/Silo
Retroflex,1m 00s,60,08-Jan-22,https://www.speedrun.com/ge60fps/run/y20x655m,Silo,Agent,https://www.speedrun.com/ge60fps/level/Silo
APBGamerPlay,1m 01s,61,02-Feb-21,https://www.speedrun.com/ge60fps/run/mr447xgz,Silo,Agent,https://www.speedrun.com/ge60fps/level/Silo
Hovezipwn,1m 03s,63,14-Nov-21,https://www.speedrun.com/ge60fps/run/mrnp7jdy,Silo,Agent,https://www.speedrun.com/ge60fps/level/Silo
erikthedirector,1m 05s,65,24-Dec-20,https://www.speedrun.com/ge60fps/run/zgv9k8dz,Silo,Agent,https://www.speedrun.com/ge60fps/level/Silo
Saber64,1m 08s,68,25-Jul-21,https://www.speedrun.com/ge60fps/run/zqvk0v9m,Silo,Agent,https://www.speedrun.com/ge60fps/level/Silo
MOOMAN,1m 10s,70,19-Sep-20,https://www.speedrun.com/ge60fps/run/yd03580z,Silo,Agent,https://www.speedrun.com/ge60fps/level/Silo
BulletTimeTails,1m 13s,73,05-Jun-20,https://www.speedrun.com/ge60fps/run/y90vo32y,Silo,Agent,https://www.speedrun.com/ge60fps/level/Silo
CJs,1m 14s,74,10-Jan-21,https://www.speedrun.com/ge60fps/run/y8r5p8wm,Silo,Agent,https://www.speedrun.com/ge60fps/level/Silo
DuskyLW,0m 59s,59,25-Oct-20,https://www.speedrun.com/ge60fps/run/y9195xrm,Silo,Secret Agent,https://www.speedrun.com/ge60fps/level/Silo
Acadie,1m 00s,60,16-Sep-20,https://www.speedrun.com/ge60fps/run/yvo1p3xz,Silo,Secret Agent,https://www.speedrun.com/ge60fps/level/Silo
Herppaderpp,1m 02s,62,24-Oct-20,https://www.speedrun.com/ge60fps/run/z53r59ny,Silo,Secret Agent,https://www.speedrun.com/ge60fps/level/Silo
XSESupremebanana,1m 10s,70,20-Jan-21,https://www.speedrun.com/ge60fps/run/y423qwqm,Silo,Secret Agent,https://www.speedrun.com/ge60fps/level/Silo
erikthedirector,1m 34s,94,20-Oct-20,https://www.speedrun.com/ge60fps/run/me69jg2z,Silo,Secret Agent,https://www.speedrun.com/ge60fps/level/Silo
Herppaderpp,1m 14s,74,25-Feb-21,https://www.speedrun.com/ge60fps/run/z06nqq9z,Silo,00 Agent,https://www.speedrun.com/ge60fps/level/Silo
APBGamerPlay,1m 26s,86,08-Feb-21,https://www.speedrun.com/ge60fps/run/y66dk0qy,Silo,00 Agent,https://www.speedrun.com/ge60fps/level/Silo
JDBlack721,1m 30s,90,27-Jan-21,https://www.speedrun.com/ge60fps/run/y42woonm,Silo,00 Agent,https://www.speedrun.com/ge60fps/level/Silo
alkamaass,8m 33s,513,26-Dec-20,https://www.speedrun.com/ge60fps/run/zpl52x8m,Silo,00 Agent,https://www.speedrun.com/ge60fps/level/Silo
DuskyLW,0m 21s,21,09-Apr-20,https://www.speedrun.com/ge60fps/run/y25qxqwy,Frigate,Agent,https://www.speedrun.com/ge60fps/level/Frigate
DistractedInsanity,0m 23s,23,18-Oct-21,https://www.speedrun.com/ge60fps/run/m77ojdwm,Frigate,Agent,https://www.speedrun.com/ge60fps/level/Frigate
jdlockefeller2002,0m 24s,24,02-Apr-20,https://www.speedrun.com/ge60fps/run/yv6gq3ez,Frigate,Agent,https://www.speedrun.com/ge60fps/level/Frigate
jgn,0m 24s,24,09-Feb-21,https://www.speedrun.com/ge60fps/run/m3n7d8wy,Frigate,Agent,https://www.speedrun.com/ge60fps/level/Frigate
DeloreanWc,0m 33s,33,01-Aug-20,https://www.speedrun.com/ge60fps/run/meo2059z,Frigate,Agent,https://www.speedrun.com/ge60fps/level/Frigate
CJs,0m 35s,35,10-Jan-21,https://www.speedrun.com/ge60fps/run/yj6n9p7z,Frigate,Agent,https://www.speedrun.com/ge60fps/level/Frigate
kuwuabarra,0m 35s,35,05-Oct-21,https://www.speedrun.com/ge60fps/run/zn0exv3y,Frigate,Agent,https://www.speedrun.com/ge60fps/level/Frigate
DuskyLW,0m 58s,58,31-Aug-20,https://www.speedrun.com/ge60fps/run/z05vo49m,Frigate,Secret Agent,https://www.speedrun.com/ge60fps/level/Frigate
Hovezipwn,1m 05s,65,31-Dec-21,https://www.speedrun.com/ge60fps/run/mke8x15m,Frigate,Secret Agent,https://www.speedrun.com/ge60fps/level/Frigate
Deyrenkenin,1m 08s,68,10-Apr-21,https://www.speedrun.com/ge60fps/run/y6d3dx1m,Frigate,Secret Agent,https://www.speedrun.com/ge60fps/level/Frigate
BulletTimeTails,2m 04s,124,05-Jun-20,https://www.speedrun.com/ge60fps/run/z15pdxjy,Frigate,Secret Agent,https://www.speedrun.com/ge60fps/level/Frigate
Acadie,1m 04s,64,02-Sep-20,https://www.speedrun.com/ge60fps/run/y69d2lqy,Frigate,00 Agent,https://www.speedrun.com/ge60fps/level/Frigate
alkamaass,1m 05s,65,28-Dec-20,https://www.speedrun.com/ge60fps/run/y8rlqv5m,Frigate,00 Agent,https://www.speedrun.com/ge60fps/level/Frigate
Deyrenkenin,1m 18s,78,11-Jul-21,https://www.speedrun.com/ge60fps/run/mr1p6o7z,Frigate,00 Agent,https://www.speedrun.com/ge60fps/level/Frigate
AlanUranus,1m 25s,85,05-Nov-20,https://www.speedrun.com/ge60fps/run/yj6xkgoz,Frigate,00 Agent,https://www.speedrun.com/ge60fps/level/Frigate
erikthedirector,1m 26s,86,24-Dec-20,https://www.speedrun.com/ge60fps/run/yd0o6ljz,Frigate,00 Agent,https://www.speedrun.com/ge60fps/level/Frigate
Acadie,0m 46s,46,24-Jun-20,https://www.speedrun.com/ge60fps/run/zxog34gz,Surface 2,Agent,https://www.speedrun.com/ge60fps/level/Surface 2
Onslatt,0m 47s,47,08-Jan-21,https://www.speedrun.com/ge60fps/run/y2doo79z,Surface 2,Agent,https://www.speedrun.com/ge60fps/level/Surface 2
DuskyLW,0m 48s,48,15-Feb-20,https://www.speedrun.com/ge60fps/run/y6530njz,Surface 2,Agent,https://www.speedrun.com/ge60fps/level/Surface 2
Retroflex,0m 52s,52,21-Aug-21,https://www.speedrun.com/ge60fps/run/yvo9ee4z,Surface 2,Agent,https://www.speedrun.com/ge60fps/level/Surface 2
jgn,0m 54s,54,06-Feb-21,https://www.speedrun.com/ge60fps/run/yj1gg77y,Surface 2,Agent,https://www.speedrun.com/ge60fps/level/Surface 2
AlanUranus,0m 55s,55,10-Nov-20,https://www.speedrun.com/ge60fps/run/y91v7dnm,Surface 2,Agent,https://www.speedrun.com/ge60fps/level/Surface 2
erikthedirector,0m 56s,56,22-Oct-20,https://www.speedrun.com/ge60fps/run/z096qn4z,Surface 2,Agent,https://www.speedrun.com/ge60fps/level/Surface 2
DondeluceGamingTTV,0m 56s,56,20-Sep-21,https://www.speedrun.com/ge60fps/run/z07lgw9y,Surface 2,Agent,https://www.speedrun.com/ge60fps/level/Surface 2
CJs,0m 59s,59,11-Jan-21,https://www.speedrun.com/ge60fps/run/zq4xnn8m,Surface 2,Agent,https://www.speedrun.com/ge60fps/level/Surface 2
Onslatt,0m 50s,50,13-Dec-20,https://www.speedrun.com/ge60fps/run/y8rpgd1m,Surface 2,Secret Agent,https://www.speedrun.com/ge60fps/level/Surface 2
Retroflex,0m 52s,52,28-Aug-21,https://www.speedrun.com/ge60fps/run/z1xrxg9m,Surface 2,Secret Agent,https://www.speedrun.com/ge60fps/level/Surface 2
DuskyLW,0m 53s,53,17-Oct-20,https://www.speedrun.com/ge60fps/run/z099vnjz,Surface 2,Secret Agent,https://www.speedrun.com/ge60fps/level/Surface 2
XSESupremebanana,0m 53s,53,07-Nov-20,https://www.speedrun.com/ge60fps/run/z0r25o8z,Surface 2,Secret Agent,https://www.speedrun.com/ge60fps/level/Surface 2
Onslatt,1m 18s,78,22-Dec-20,https://www.speedrun.com/ge60fps/run/zq4p2d1m,Surface 2,00 Agent,https://www.speedrun.com/ge60fps/level/Surface 2
DuskyLW,1m 21s,81,28-Oct-20,https://www.speedrun.com/ge60fps/run/y4er6qnm,Surface 2,00 Agent,https://www.speedrun.com/ge60fps/level/Surface 2
Retroflex,1m 27s,87,19-Nov-21,https://www.speedrun.com/ge60fps/run/z07g9l8y,Surface 2,00 Agent,https://www.speedrun.com/ge60fps/level/Surface 2
Acadie,0m 19s,19,24-Aug-21,https://www.speedrun.com/ge60fps/run/y69d2rjy,Bunker 2,Agent,https://www.speedrun.com/ge60fps/level/Bunker 2
Onslatt,0m 20s,20,08-Aug-21,https://www.speedrun.com/ge60fps/run/zqvrg48m,Bunker 2,Agent,https://www.speedrun.com/ge60fps/level/Bunker 2
Deyrenkenin,0m 20s,20,13-Aug-21,https://www.speedrun.com/ge60fps/run/y8e21oxy,Bunker 2,Agent,https://www.speedrun.com/ge60fps/level/Bunker 2
Retroflex,0m 21s,21,29-Aug-21,https://www.speedrun.com/ge60fps/run/zn01x53y,Bunker 2,Agent,https://www.speedrun.com/ge60fps/level/Bunker 2
DuskyLW,0m 24s,24,30-Jun-20,https://www.speedrun.com/ge60fps/run/ylk6x0kz,Bunker 2,Agent,https://www.speedrun.com/ge60fps/level/Bunker 2
XSESupremebanana,0m 24s,24,08-Aug-21,https://www.speedrun.com/ge60fps/run/zn0r3o8y,Bunker 2,Agent,https://www.speedrun.com/ge60fps/level/Bunker 2
Kierkan,0m 26s,26,29-Jun-20,https://www.speedrun.com/ge60fps/run/y652vj0z,Bunker 2,Agent,https://www.speedrun.com/ge60fps/level/Bunker 2
jgn,0m 26s,26,02-Mar-21,https://www.speedrun.com/ge60fps/run/z18le69y,Bunker 2,Agent,https://www.speedrun.com/ge60fps/level/Bunker 2
Saber64,0m 30s,30,01-Jul-21,https://www.speedrun.com/ge60fps/run/z1r7rkrm,Bunker 2,Agent,https://www.speedrun.com/ge60fps/level/Bunker 2
BulletTimeTails,0m 31s,31,05-Jun-20,https://www.speedrun.com/ge60fps/run/meo3vjqz,Bunker 2,Agent,https://www.speedrun.com/ge60fps/level/Bunker 2
CJs,0m 33s,33,11-Jan-21,https://www.speedrun.com/ge60fps/run/y6rkwwjy,Bunker 2,Agent,https://www.speedrun.com/ge60fps/level/Bunker 2
Onslatt,0m 40s,40,12-Aug-21,https://www.speedrun.com/ge60fps/run/yo6kvgjy,Bunker 2,Secret Agent,https://www.speedrun.com/ge60fps/level/Bunker 2
Herppaderpp,0m 41s,41,10-Oct-20,https://www.speedrun.com/ge60fps/run/yo3k5gdy,Bunker 2,Secret Agent,https://www.speedrun.com/ge60fps/level/Bunker 2
DuskyLW,0m 42s,42,02-Oct-20,https://www.speedrun.com/ge60fps/run/y8r1nn5m,Bunker 2,Secret Agent,https://www.speedrun.com/ge60fps/level/Bunker 2
Retroflex,0m 43s,43,10-Oct-21,https://www.speedrun.com/ge60fps/run/ylrd73ky,Bunker 2,Secret Agent,https://www.speedrun.com/ge60fps/level/Bunker 2
Acadie,0m 44s,44,06-Nov-21,https://www.speedrun.com/ge60fps/run/z5dn59jm,Bunker 2,00 Agent,https://www.speedrun.com/ge60fps/level/Bunker 2
Retroflex,0m 50s,50,31-Oct-21,https://www.speedrun.com/ge60fps/run/y8eg44xy,Bunker 2,00 Agent,https://www.speedrun.com/ge60fps/level/Bunker 2
AlanUranus,1m 30s,90,04-Nov-20,https://www.speedrun.com/ge60fps/run/ylvrgoxm,Bunker 2,00 Agent,https://www.speedrun.com/ge60fps/level/Bunker 2
Acadie,2m 16s,136,15-Aug-20,https://www.speedrun.com/ge60fps/run/z07rj1jy,Statue,Agent,https://www.speedrun.com/ge60fps/level/Statue
DuskyLW,2m 17s,137,22-Oct-20,https://www.speedrun.com/ge60fps/run/me692q0z,Statue,Agent,https://www.speedrun.com/ge60fps/level/Statue
Deyrenkenin,2m 24s,144,01-Mar-21,https://www.speedrun.com/ge60fps/run/zgxejxvm,Statue,Agent,https://www.speedrun.com/ge60fps/level/Statue
erikthedirector,2m 33s,153,20-Oct-20,https://www.speedrun.com/ge60fps/run/z530vljy,Statue,Agent,https://www.speedrun.com/ge60fps/level/Statue
CJs,2m 46s,166,11-Jan-21,https://www.speedrun.com/ge60fps/run/mk8jxn5m,Statue,Agent,https://www.speedrun.com/ge60fps/level/Statue
Thetrashmaster,3m 12s,192,19-Sep-20,https://www.speedrun.com/ge60fps/run/y4e3w9km,Statue,Agent,https://www.speedrun.com/ge60fps/level/Statue
Acadie,2m 16s,136,03-Aug-20,https://www.speedrun.com/ge60fps/run/zqv1jr9m,Statue,Secret Agent,https://www.speedrun.com/ge60fps/level/Statue
Addict_Park,2m 18s,138,19-Jan-21,https://www.speedrun.com/ge60fps/run/y6671ppy,Statue,Secret Agent,https://www.speedrun.com/ge60fps/level/Statue
APBGamerPlay,2m 20s,140,18-Jan-21,https://www.speedrun.com/ge60fps/run/ylo9j0ny,Statue,Secret Agent,https://www.speedrun.com/ge60fps/level/Statue
erikthedirector,2m 39s,159,24-Oct-20,https://www.speedrun.com/ge60fps/run/ywdq103z,Statue,Secret Agent,https://www.speedrun.com/ge60fps/level/Statue
Acadie,2m 16s,136,30-Jul-20,https://www.speedrun.com/ge60fps/run/m37rq16z,Statue,00 Agent,https://www.speedrun.com/ge60fps/level/Statue
Addict_Park,2m 18s,138,22-Jan-21,https://www.speedrun.com/ge60fps/run/z181q79y,Statue,00 Agent,https://www.speedrun.com/ge60fps/level/Statue
APBGamerPlay,2m 20s,140,27-Jan-21,https://www.speedrun.com/ge60fps/run/z50j2qjy,Statue,00 Agent,https://www.speedrun.com/ge60fps/level/Statue
AlanUranus,2m 33s,153,04-Nov-20,https://www.speedrun.com/ge60fps/run/zgvr4xjz,Statue,00 Agent,https://www.speedrun.com/ge60fps/level/Statue
erikthedirector,2m 37s,157,24-Oct-20,https://www.speedrun.com/ge60fps/run/me67k90z,Statue,00 Agent,https://www.speedrun.com/ge60fps/level/Statue
DuskyLW,0m 13s,13,19-Jul-21,https://www.speedrun.com/ge60fps/run/y2xlve6m,Archives,Agent,https://www.speedrun.com/ge60fps/level/Archives
LQwerty,0m 14s,14,28-Mar-20,https://www.speedrun.com/ge60fps/run/znkwve8z,Archives,Agent,https://www.speedrun.com/ge60fps/level/Archives
Acadie,0m 14s,14,01-Jul-20,https://www.speedrun.com/ge60fps/run/zqv1j39m,Archives,Agent,https://www.speedrun.com/ge60fps/level/Archives
Herppaderpp,0m 14s,14,04-Jul-20,https://www.speedrun.com/ge60fps/run/m35krq6y,Archives,Agent,https://www.speedrun.com/ge60fps/level/Archives
BK,0m 14s,14,27-Sep-20,https://www.speedrun.com/ge60fps/run/zpl4r48m,Archives,Agent,https://www.speedrun.com/ge60fps/level/Archives
Onslatt,0m 14s,14,28-Jan-21,https://www.speedrun.com/ge60fps/run/zgxw21em,Archives,Agent,https://www.speedrun.com/ge60fps/level/Archives
Retroflex,0m 14s,14,05-Jul-21,https://www.speedrun.com/ge60fps/run/z0r23goz,Archives,Agent,https://www.speedrun.com/ge60fps/level/Archives
Deyrenkenin,0m 14s,14,07-Jul-21,https://www.speedrun.com/ge60fps/run/z5rne9gy,Archives,Agent,https://www.speedrun.com/ge60fps/level/Archives
RaskeShades,0m 14s,14,09-Jul-21,https://www.speedrun.com/ge60fps/run/zn1l8w9m,Archives,Agent,https://www.speedrun.com/ge60fps/level/Archives
Kierkan,0m 15s,15,01-May-20,https://www.speedrun.com/ge60fps/run/z5j31ejm,Archives,Agent,https://www.speedrun.com/ge60fps/level/Archives
Arumin,0m 15s,15,05-Jan-21,https://www.speedrun.com/ge60fps/run/z09gp4ez,Archives,Agent,https://www.speedrun.com/ge60fps/level/Archives
APBGamerPlay,0m 15s,15,08-Feb-21,https://www.speedrun.com/ge60fps/run/m78drx5z,Archives,Agent,https://www.speedrun.com/ge60fps/level/Archives
DaGuy,0m 15s,15,11-Feb-21,https://www.speedrun.com/ge60fps/run/zqgvpqxm,Archives,Agent,https://www.speedrun.com/ge60fps/level/Archives
Marc-André_Morin,0m 15s,15,06-May-21,https://www.speedrun.com/ge60fps/run/ywq0kdpy,Archives,Agent,https://www.speedrun.com/ge60fps/level/Archives
Saber64,0m 15s,15,17-Jul-21,https://www.speedrun.com/ge60fps/run/yjg0qlgy,Archives,Agent,https://www.speedrun.com/ge60fps/level/Archives
g0dz,0m 15s,15,22-Nov-21,https://www.speedrun.com/ge60fps/run/zxo1jjgz,Archives,Agent,https://www.speedrun.com/ge60fps/level/Archives
qaexd,0m 15s,15,08-Feb-22,https://www.speedrun.com/ge60fps/run/ylel122z,Archives,Agent,https://www.speedrun.com/ge60fps/level/Archives
MOOMAN,0m 16s,16,19-Sep-20,https://www.speedrun.com/ge60fps/run/y8r91nwm,Archives,Agent,https://www.speedrun.com/ge60fps/level/Archives
Lazyturtle,0m 16s,16,22-Jan-21,https://www.speedrun.com/ge60fps/run/m78prvwz,Archives,Agent,https://www.speedrun.com/ge60fps/level/Archives
jgn,0m 16s,16,29-Jan-21,https://www.speedrun.com/ge60fps/run/zno3wr3y,Archives,Agent,https://www.speedrun.com/ge60fps/level/Archives
erikthedirector,0m 17s,17,11-Sep-20,https://www.speedrun.com/ge60fps/run/yo34d21y,Archives,Agent,https://www.speedrun.com/ge60fps/level/Archives
CJs,0m 18s,18,12-Jan-21,https://www.speedrun.com/ge60fps/run/znow4xvy,Archives,Agent,https://www.speedrun.com/ge60fps/level/Archives
BulletTimeTails,0m 19s,19,05-Jun-20,https://www.speedrun.com/ge60fps/run/z5j25ddm,Archives,Agent,https://www.speedrun.com/ge60fps/level/Archives
DuskyLW,0m 51s,51,09-Dec-19,https://www.speedrun.com/ge60fps/run/ylk377kz,Archives,Secret Agent,https://www.speedrun.com/ge60fps/level/Archives
Retroflex,0m 52s,52,28-Nov-21,https://www.speedrun.com/ge60fps/run/y27l696z,Archives,Secret Agent,https://www.speedrun.com/ge60fps/level/Archives
erikthedirector,1m 05s,65,24-Oct-20,https://www.speedrun.com/ge60fps/run/yv91g2oz,Archives,Secret Agent,https://www.speedrun.com/ge60fps/level/Archives
BulletTimeTails,1m 22s,82,30-Jun-20,https://www.speedrun.com/ge60fps/run/y25gnw7y,Archives,Secret Agent,https://www.speedrun.com/ge60fps/level/Archives
DuskyLW,0m 51s,51,09-Dec-19,https://www.speedrun.com/ge60fps/run/zgw3ppvy,Archives,00 Agent,https://www.speedrun.com/ge60fps/level/Archives
Retroflex,0m 52s,52,02-Dec-21,https://www.speedrun.com/ge60fps/run/zn7wvvlm,Archives,00 Agent,https://www.speedrun.com/ge60fps/level/Archives
erikthedirector,1m 02s,62,24-Dec-20,https://www.speedrun.com/ge60fps/run/z1o7jn9m,Archives,00 Agent,https://www.speedrun.com/ge60fps/level/Archives
DuskyLW,1m 09s,69,20-May-19,https://www.speedrun.com/ge60fps/run/zx2977qm,Streets,Agent,https://www.speedrun.com/ge60fps/level/Streets
Acadie,1m 10s,70,05-Jun-21,https://www.speedrun.com/ge60fps/run/zqv1jw9m,Streets,Agent,https://www.speedrun.com/ge60fps/level/Streets
Deyrenkenin,1m 11s,71,05-Jun-21,https://www.speedrun.com/ge60fps/run/y6doo0pm,Streets,Agent,https://www.speedrun.com/ge60fps/level/Streets
Retroflex,1m 11s,71,30-Aug-21,https://www.speedrun.com/ge60fps/run/zxog5p5z,Streets,Agent,https://www.speedrun.com/ge60fps/level/Streets
jgn,1m 12s,72,17-Feb-21,https://www.speedrun.com/ge60fps/run/yd9dw6wz,Streets,Agent,https://www.speedrun.com/ge60fps/level/Streets
Nana7ZX,1m 13s,73,12-Apr-21,https://www.speedrun.com/ge60fps/run/mr1j0l4z,Streets,Agent,https://www.speedrun.com/ge60fps/level/Streets
qaexd,1m 13s,73,06-Feb-22,https://www.speedrun.com/ge60fps/run/y6nqlxqz,Streets,Agent,https://www.speedrun.com/ge60fps/level/Streets
CJs,1m 14s,74,12-Jan-21,https://www.speedrun.com/ge60fps/run/yj1j49oy,Streets,Agent,https://www.speedrun.com/ge60fps/level/Streets
artificial,1m 15s,75,04-Sep-21,https://www.speedrun.com/ge60fps/run/y8ee5l5y,Streets,Agent,https://www.speedrun.com/ge60fps/level/Streets
Arumin,1m 17s,77,05-Jan-21,https://www.speedrun.com/ge60fps/run/ylv8eq2m,Streets,Agent,https://www.speedrun.com/ge60fps/level/Streets
Acadie,1m 52s,112,22-Jul-20,https://www.speedrun.com/ge60fps/run/m77d0q5m,Streets,Secret Agent,https://www.speedrun.com/ge60fps/level/Streets
DuskyLW,1m 53s,113,09-Nov-20,https://www.speedrun.com/ge60fps/run/y91lqrem,Streets,Secret Agent,https://www.speedrun.com/ge60fps/level/Streets
Addict_Park,1m 53s,113,30-Jan-21,https://www.speedrun.com/ge60fps/run/y8vr2r1z,Streets,Secret Agent,https://www.speedrun.com/ge60fps/level/Streets
Herppaderpp,1m 54s,114,05-Jul-20,https://www.speedrun.com/ge60fps/run/yv6v0r8z,Streets,Secret Agent,https://www.speedrun.com/ge60fps/level/Streets
BDown,1m 54s,114,08-Nov-20,https://www.speedrun.com/ge60fps/run/yo3rerjy,Streets,Secret Agent,https://www.speedrun.com/ge60fps/level/Streets
Acadie,1m 53s,113,18-Jul-20,https://www.speedrun.com/ge60fps/run/y939852y,Streets,00 Agent,https://www.speedrun.com/ge60fps/level/Streets
DuskyLW,1m 53s,113,09-Nov-20,https://www.speedrun.com/ge60fps/run/z1o24e7m,Streets,00 Agent,https://www.speedrun.com/ge60fps/level/Streets
Addict_Park,1m 53s,113,31-Jan-21,https://www.speedrun.com/ge60fps/run/yo93k1jy,Streets,00 Agent,https://www.speedrun.com/ge60fps/level/Streets
BDown,1m 54s,114,08-Nov-20,https://www.speedrun.com/ge60fps/run/z53vwdey,Streets,00 Agent,https://www.speedrun.com/ge60fps/level/Streets
ScottyAV,1m 55s,115,15-Oct-21,https://www.speedrun.com/ge60fps/run/z07q644y,Streets,00 Agent,https://www.speedrun.com/ge60fps/level/Streets
Acadie,0m 23s,23,23-Oct-20,https://www.speedrun.com/ge60fps/run/mk5g033m,Depot,Agent,https://www.speedrun.com/ge60fps/level/Depot
DuskyLW,0m 24s,24,02-Feb-19,https://www.speedrun.com/ge60fps/run/y4w9qqnm,Depot,Agent,https://www.speedrun.com/ge60fps/level/Depot
Addict_Park,0m 24s,24,11-May-21,https://www.speedrun.com/ge60fps/run/zn11ov7m,Depot,Agent,https://www.speedrun.com/ge60fps/level/Depot
Deyrenkenin,0m 24s,24,13-Aug-21,https://www.speedrun.com/ge60fps/run/yvo693ez,Depot,Agent,https://www.speedrun.com/ge60fps/level/Depot
Retroflex,0m 24s,24,14-Aug-21,https://www.speedrun.com/ge60fps/run/m77gwp5m,Depot,Agent,https://www.speedrun.com/ge60fps/level/Depot
Onslatt,0m 24s,24,21-Aug-21,https://www.speedrun.com/ge60fps/run/y472oeqy,Depot,Agent,https://www.speedrun.com/ge60fps/level/Depot
Kierkan,0m 25s,25,14-May-20,https://www.speedrun.com/ge60fps/run/z15869gy,Depot,Agent,https://www.speedrun.com/ge60fps/level/Depot
APBGamerPlay,0m 25s,25,02-Feb-21,https://www.speedrun.com/ge60fps/run/zgxxpjem,Depot,Agent,https://www.speedrun.com/ge60fps/level/Depot
jgn,0m 25s,25,12-Feb-21,https://www.speedrun.com/ge60fps/run/me9jv59z,Depot,Agent,https://www.speedrun.com/ge60fps/level/Depot
Saber64,0m 25s,25,05-Aug-21,https://www.speedrun.com/ge60fps/run/y69pvejy,Depot,Agent,https://www.speedrun.com/ge60fps/level/Depot
Nana7ZX,0m 26s,26,12-Apr-21,https://www.speedrun.com/ge60fps/run/y6d3g00m,Depot,Agent,https://www.speedrun.com/ge60fps/level/Depot
SuperTiaanBro,0m 27s,27,11-Jan-21,https://www.speedrun.com/ge60fps/run/y914r0km,Depot,Agent,https://www.speedrun.com/ge60fps/level/Depot
CJs,0m 27s,27,12-Jan-21,https://www.speedrun.com/ge60fps/run/yo9v2g1y,Depot,Agent,https://www.speedrun.com/ge60fps/level/Depot
DondeluceGamingTTV,0m 28s,28,21-Sep-21,https://www.speedrun.com/ge60fps/run/y8e09dxy,Depot,Agent,https://www.speedrun.com/ge60fps/level/Depot
Tomatoswallow,0m 28s,28,22-Dec-21,https://www.speedrun.com/ge60fps/run/ydw560wm,Depot,Agent,https://www.speedrun.com/ge60fps/level/Depot
DuskyLW,0m 36s,36,27-Mar-19,https://www.speedrun.com/ge60fps/run/y653001z,Depot,Secret Agent,https://www.speedrun.com/ge60fps/level/Depot
Kierkan,0m 37s,37,22-May-20,https://www.speedrun.com/ge60fps/run/ylkr93rz,Depot,Secret Agent,https://www.speedrun.com/ge60fps/level/Depot
Acadie,0m 37s,37,10-Aug-21,https://www.speedrun.com/ge60fps/run/z5drp3dm,Depot,Secret Agent,https://www.speedrun.com/ge60fps/level/Depot
Retroflex,0m 38s,38,16-Sep-21,https://www.speedrun.com/ge60fps/run/m37x5j6z,Depot,Secret Agent,https://www.speedrun.com/ge60fps/level/Depot
DuskyLW,0m 41s,41,21-Aug-19,https://www.speedrun.com/ge60fps/run/y259pp6y,Depot,00 Agent,https://www.speedrun.com/ge60fps/level/Depot
Acadie,0m 42s,42,10-Aug-21,https://www.speedrun.com/ge60fps/run/m37rqg6z,Depot,00 Agent,https://www.speedrun.com/ge60fps/level/Depot
Retroflex,0m 43s,43,30-Jan-22,https://www.speedrun.com/ge60fps/run/y8j0oqwz,Depot,00 Agent,https://www.speedrun.com/ge60fps/level/Depot
XSESupremebanana,0m 44s,44,25-Oct-20,https://www.speedrun.com/ge60fps/run/yd0r0x0z,Depot,00 Agent,https://www.speedrun.com/ge60fps/level/Depot
DuskyLW,0m 42s,42,17-Aug-19,https://www.speedrun.com/ge60fps/run/y823885y,Train,Agent,https://www.speedrun.com/ge60fps/level/Train
Herppaderpp,0m 46s,46,28-Jul-20,https://www.speedrun.com/ge60fps/run/mrkdj84y,Train,Agent,https://www.speedrun.com/ge60fps/level/Train
Scarybear,0m 48s,48,20-Sep-21,https://www.speedrun.com/ge60fps/run/zgrq46vm,Train,Agent,https://www.speedrun.com/ge60fps/level/Train
Deyrenkenin,0m 50s,50,05-Mar-21,https://www.speedrun.com/ge60fps/run/y66qq71y,Train,Agent,https://www.speedrun.com/ge60fps/level/Train
Hovezipwn,0m 50s,50,14-Nov-21,https://www.speedrun.com/ge60fps/run/yo6gpvdy,Train,Agent,https://www.speedrun.com/ge60fps/level/Train
CJs,1m 01s,61,12-Jan-21,https://www.speedrun.com/ge60fps/run/mk7l963y,Train,Agent,https://www.speedrun.com/ge60fps/level/Train
DondeluceGamingTTV,1m 16s,76,21-Sep-21,https://www.speedrun.com/ge60fps/run/yvo8j6oz,Train,Agent,https://www.speedrun.com/ge60fps/level/Train
DeloreanWc,1m 27s,87,20-Aug-20,https://www.speedrun.com/ge60fps/run/mrkpljgy,Train,Agent,https://www.speedrun.com/ge60fps/level/Train
DuskyLW,1m 14s,74,31-Aug-20,https://www.speedrun.com/ge60fps/run/y4wp8p3m,Train,Secret Agent,https://www.speedrun.com/ge60fps/level/Train
Acadie,1m 15s,75,20-Sep-20,https://www.speedrun.com/ge60fps/run/me47lxqy,Train,Secret Agent,https://www.speedrun.com/ge60fps/level/Train
Retroflex,1m 17s,77,16-Oct-21,https://www.speedrun.com/ge60fps/run/z1xn2dgm,Train,Secret Agent,https://www.speedrun.com/ge60fps/level/Train
DuskyLW,1m 38s,98,28-Dec-20,https://www.speedrun.com/ge60fps/run/y91g502m,Train,00 Agent,https://www.speedrun.com/ge60fps/level/Train
Herppaderpp,0m 47s,47,10-Oct-20,https://www.speedrun.com/ge60fps/run/y6r5w76y,Jungle,Agent,https://www.speedrun.com/ge60fps/level/Jungle
DuskyLW,0m 48s,48,20-Aug-19,https://www.speedrun.com/ge60fps/run/yv64r04z,Jungle,Agent,https://www.speedrun.com/ge60fps/level/Jungle
Retroflex,0m 49s,49,10-Oct-21,https://www.speedrun.com/ge60fps/run/yo60r17y,Jungle,Agent,https://www.speedrun.com/ge60fps/level/Jungle
APBGamerPlay,0m 50s,50,21-Feb-21,https://www.speedrun.com/ge60fps/run/m3nxj96y,Jungle,Agent,https://www.speedrun.com/ge60fps/level/Jungle
erikthedirector,0m 55s,55,01-Oct-20,https://www.speedrun.com/ge60fps/run/yj63opnz,Jungle,Agent,https://www.speedrun.com/ge60fps/level/Jungle
DondeluceGamingTTV,1m 04s,64,21-Sep-21,https://www.speedrun.com/ge60fps/run/mk5v98xm,Jungle,Agent,https://www.speedrun.com/ge60fps/level/Jungle
CJs,1m 07s,67,12-Jan-21,https://www.speedrun.com/ge60fps/run/me9v8rqz,Jungle,Agent,https://www.speedrun.com/ge60fps/level/Jungle
Acadie,0m 48s,48,12-Aug-21,https://www.speedrun.com/ge60fps/run/y27xgdjz,Jungle,Secret Agent,https://www.speedrun.com/ge60fps/level/Jungle
DuskyLW,0m 49s,49,20-Aug-19,https://www.speedrun.com/ge60fps/run/yw8e36py,Jungle,Secret Agent,https://www.speedrun.com/ge60fps/level/Jungle
Acadie,0m 48s,48,13-Aug-21,https://www.speedrun.com/ge60fps/run/y69d2rqy,Jungle,00 Agent,https://www.speedrun.com/ge60fps/level/Jungle
DuskyLW,0m 49s,49,20-Aug-19,https://www.speedrun.com/ge60fps/run/ylk371kz,Jungle,00 Agent,https://www.speedrun.com/ge60fps/level/Jungle
DuskyLW,3m 53s,233,29-May-20,https://www.speedrun.com/ge60fps/run/y90l07ky,Control,Agent,https://www.speedrun.com/ge60fps/level/Control
Deyrenkenin,4m 18s,258,02-Mar-21,https://www.speedrun.com/ge60fps/run/z50k39ny,Control,Agent,https://www.speedrun.com/ge60fps/level/Control
CJs,4m 24s,264,12-Jan-21,https://www.speedrun.com/ge60fps/run/yo9vje5y,Control,Agent,https://www.speedrun.com/ge60fps/level/Control
Addict_Park,4m 12s,252,03-Feb-21,https://www.speedrun.com/ge60fps/run/zp3318gm,Control,Secret Agent,https://www.speedrun.com/ge60fps/level/Control
APBGamerPlay,4m 21s,261,04-Feb-21,https://www.speedrun.com/ge60fps/run/zqggng1m,Control,Secret Agent,https://www.speedrun.com/ge60fps/level/Control
Addict_Park,4m 18s,258,01-Feb-21,https://www.speedrun.com/ge60fps/run/y9n16nnz,Control,00 Agent,https://www.speedrun.com/ge60fps/level/Control
JDBlack721,4m 25s,265,27-Jan-21,https://www.speedrun.com/ge60fps/run/y665ogpy,Control,00 Agent,https://www.speedrun.com/ge60fps/level/Control
DuskyLW,0m 58s,58,29-Nov-18,https://www.speedrun.com/ge60fps/run/zgw3pqvy,Caverns,Agent,https://www.speedrun.com/ge60fps/level/Caverns
SleeperJohns,0m 58s,58,27-Mar-20,https://www.speedrun.com/ge60fps/run/z15dg07y,Caverns,Agent,https://www.speedrun.com/ge60fps/level/Caverns
Acadie,0m 58s,58,03-Nov-20,https://www.speedrun.com/ge60fps/run/z5drpjdm,Caverns,Agent,https://www.speedrun.com/ge60fps/level/Caverns
Onslatt,0m 59s,59,18-Nov-20,https://www.speedrun.com/ge60fps/run/y2dee36z,Caverns,Agent,https://www.speedrun.com/ge60fps/level/Caverns
Deyrenkenin,0m 59s,59,03-Aug-21,https://www.speedrun.com/ge60fps/run/me48ow0y,Caverns,Agent,https://www.speedrun.com/ge60fps/level/Caverns
Retroflex,0m 59s,59,18-Aug-21,https://www.speedrun.com/ge60fps/run/yo633o0y,Caverns,Agent,https://www.speedrun.com/ge60fps/level/Caverns
Toad_N64,1m 02s,62,03-Dec-21,https://www.speedrun.com/ge60fps/run/zq0kqx5y,Caverns,Agent,https://www.speedrun.com/ge60fps/level/Caverns
Saber64,1m 03s,63,02-Jul-21,https://www.speedrun.com/ge60fps/run/y6d82rpm,Caverns,Agent,https://www.speedrun.com/ge60fps/level/Caverns
DondeluceGamingTTV,1m 05s,65,21-Sep-21,https://www.speedrun.com/ge60fps/run/z07n36oy,Caverns,Agent,https://www.speedrun.com/ge60fps/level/Caverns
CJs,1m 06s,66,12-Jan-21,https://www.speedrun.com/ge60fps/run/zp3n4ovm,Caverns,Agent,https://www.speedrun.com/ge60fps/level/Caverns
Herppaderpp,1m 08s,68,19-Dec-20,https://www.speedrun.com/ge60fps/run/y8rgq3wm,Caverns,Secret Agent,https://www.speedrun.com/ge60fps/level/Caverns
erikthedirector,1m 37s,97,26-Nov-20,https://www.speedrun.com/ge60fps/run/me6l7x0z,Caverns,Secret Agent,https://www.speedrun.com/ge60fps/level/Caverns
Acadie,1m 31s,91,03-Jun-21,https://www.speedrun.com/ge60fps/run/y47rowqy,Caverns,00 Agent,https://www.speedrun.com/ge60fps/level/Caverns
APBGamerPlay,1m 34s,94,07-Mar-21,https://www.speedrun.com/ge60fps/run/z5083wgy,Caverns,00 Agent,https://www.speedrun.com/ge60fps/level/Caverns
erikthedirector,2m 51s,171,06-Dec-20,https://www.speedrun.com/ge60fps/run/m75n8v0z,Caverns,00 Agent,https://www.speedrun.com/ge60fps/level/Caverns
DuskyLW,0m 33s,33,06-Apr-18,https://www.speedrun.com/ge60fps/run/yokvpd7z,Cradle,Agent,https://www.speedrun.com/ge60fps/level/Cradle
Kierkan,0m 33s,33,29-Jun-20,https://www.speedrun.com/ge60fps/run/y8266gwy,Cradle,Agent,https://www.speedrun.com/ge60fps/level/Cradle
darkstar12,0m 33s,33,21-Nov-20,https://www.speedrun.com/ge60fps/run/zq4ew55m,Cradle,Agent,https://www.speedrun.com/ge60fps/level/Cradle
Retroflex,0m 33s,33,11-Jul-21,https://www.speedrun.com/ge60fps/run/mr1pn02z,Cradle,Agent,https://www.speedrun.com/ge60fps/level/Cradle
Lazyturtle,0m 35s,35,31-Jul-21,https://www.speedrun.com/ge60fps/run/y937jkny,Cradle,Agent,https://www.speedrun.com/ge60fps/level/Cradle
CJs,0m 48s,48,12-Jan-21,https://www.speedrun.com/ge60fps/run/z50576jy,Cradle,Agent,https://www.speedrun.com/ge60fps/level/Cradle
darkstar12,0m 34s,34,21-Nov-20,https://www.speedrun.com/ge60fps/run/z09n5k4z,Cradle,Secret Agent,https://www.speedrun.com/ge60fps/level/Cradle
Retroflex,0m 37s,37,28-Jul-21,https://www.speedrun.com/ge60fps/run/y479p4qy,Cradle,00 Agent,https://www.speedrun.com/ge60fps/level/Cradle
APBGamerPlay,0m 42s,42,29-Mar-21,https://www.speedrun.com/ge60fps/run/znol8kly,Cradle,00 Agent,https://www.speedrun.com/ge60fps/level/Cradle
alkamaass,0m 46s,46,27-Jan-21,https://www.speedrun.com/ge60fps/run/mk730w1y,Cradle,00 Agent,https://www.speedrun.com/ge60fps/level/Cradle
erikthedirector,1m 00s,60,06-Dec-20,https://www.speedrun.com/ge60fps/run/z09d6k4z,Cradle,00 Agent,https://www.speedrun.com/ge60fps/level/Cradle
AlanUranus,1m 14s,74,09-Nov-20,https://www.speedrun.com/ge60fps/run/yj6xq0oz,Cradle,00 Agent,https://www.speedrun.com/ge60fps/level/Cradle
Finchy,1m 16s,76,02-Dec-21,https://www.speedrun.com/ge60fps/run/zxl9n6kz,Aztec,Agent,https://www.speedrun.com/ge60fps/level/Aztec
Acadie,1m 19s,79,17-Jul-21,https://www.speedrun.com/ge60fps/run/mrn1l94y,Aztec,Agent,https://www.speedrun.com/ge60fps/level/Aztec
DuskyLW,1m 20s,80,29-Jul-20,https://www.speedrun.com/ge60fps/run/z05062em,Aztec,Agent,https://www.speedrun.com/ge60fps/level/Aztec
Deyrenkenin,2m 54s,174,14-Mar-21,https://www.speedrun.com/ge60fps/run/zqg2w31m,Aztec,Agent,https://www.speedrun.com/ge60fps/level/Aztec
CJs,3m 13s,193,13-Jan-21,https://www.speedrun.com/ge60fps/run/zp3n2w8m,Aztec,Agent,https://www.speedrun.com/ge60fps/level/Aztec
Acadie,1m 27s,87,07-Jul-21,https://www.speedrun.com/ge60fps/run/y27xg5jz,Aztec,Secret Agent,https://www.speedrun.com/ge60fps/level/Aztec
Finchy,1m 27s,87,02-Dec-21,https://www.speedrun.com/ge60fps/run/mejv01qy,Aztec,Secret Agent,https://www.speedrun.com/ge60fps/level/Aztec
DuskyLW,1m 29s,89,31-Aug-20,https://www.speedrun.com/ge60fps/run/zqwx761z,Aztec,Secret Agent,https://www.speedrun.com/ge60fps/level/Aztec
Acadie,1m 29s,89,07-Jul-21,https://www.speedrun.com/ge60fps/run/yvo1p6xz,Aztec,00 Agent,https://www.speedrun.com/ge60fps/level/Aztec
DuskyLW,1m 30s,90,18-Aug-20,https://www.speedrun.com/ge60fps/run/yv6k2p4z,Aztec,00 Agent,https://www.speedrun.com/ge60fps/level/Aztec
Herppaderpp,12m 15s,735,17-Aug-20,https://www.speedrun.com/ge60fps/run/zgw0n40y,Aztec,00 Agent,https://www.speedrun.com/ge60fps/level/Aztec
DuskyLW,0m 43s,43,14-Feb-20,https://www.speedrun.com/ge60fps/run/z15dpggy,Egyptian,Agent,https://www.speedrun.com/ge60fps/level/Egyptian
Acadie,0m 44s,44,30-Sep-20,https://www.speedrun.com/ge60fps/run/y939802y,Egyptian,Agent,https://www.speedrun.com/ge60fps/level/Egyptian
Retroflex,0m 45s,45,06-Mar-22,https://www.speedrun.com/ge60fps/run/yvq5qnem,Egyptian,Agent,https://www.speedrun.com/ge60fps/level/Egyptian
jgn,0m 50s,50,29-Jan-21,https://www.speedrun.com/ge60fps/run/y9n1o2kz,Egyptian,Agent,https://www.speedrun.com/ge60fps/level/Egyptian
CJs,1m 07s,67,13-Jan-21,https://www.speedrun.com/ge60fps/run/z18d2lgy,Egyptian,Agent,https://www.speedrun.com/ge60fps/level/Egyptian
Addict_Park,0m 44s,44,02-Oct-21,https://www.speedrun.com/ge60fps/run/m77310wm,Egyptian,Secret Agent,https://www.speedrun.com/ge60fps/level/Egyptian
APBGamerPlay,0m 45s,45,27-Feb-21,https://www.speedrun.com/ge60fps/run/yw0r0x9m,Egyptian,Secret Agent,https://www.speedrun.com/ge60fps/level/Egyptian
Addict_Park,0m 44s,44,12-Oct-21,https://www.speedrun.com/ge60fps/run/yo60o81y,Egyptian,00 Agent,https://www.speedrun.com/ge60fps/level/Egyptian
APBGamerPlay,0m 45s,45,10-Mar-21,https://www.speedrun.com/ge60fps/run/y42l28qm,Egyptian,00 Agent,https://www.speedrun.com/ge60fps/level/Egyptian
Lazyturtle,0m 50s,50,19-Feb-21,https://www.speedrun.com/ge60fps/run/yd9dk6xz,Egyptian,00 Agent,https://www.speedrun.com/ge60fps/level/Egyptian
AlanUranus,0m 58s,58,06-Nov-20,https://www.speedrun.com/ge60fps/run/m75w5e5z,Egyptian,00 Agent,https://www.speedrun.com/ge60fps/level/Egyptian
