game,track.id,track.name,track.artist,track.album.name,track.album.release_date,track.album.release_date_precision,track.explicit,track.duration_ms,track.popularity,track.external_urls.spotify,danceability,energy,key,loudness,mode,speechiness,acousticness,instrumentalness,liveness,valence,tempo
Just Dance Unlimited,5Q7TzTJTgpFnaybWvDA4jd,Get Ugly,Jason Derulo,Get Ugly,08/04/2015,day,TRUE,200492,40,https://open.spotify.com/track/5Q7TzTJTgpFnaybWvDA4jd,0.75,0.683,9,-4.829,0,0.12,0.0462,1.32E-06,0.297,0.539,111.066
Just Dance Unlimited,4kbj5MwxO1bq9wjT5g9HaA,Shut Up and Dance,WALK THE MOON,TALKING IS HARD,02/12/2014,day,FALSE,199080,84,https://open.spotify.com/track/4kbj5MwxO1bq9wjT5g9HaA,0.578,0.866,1,-3.804,1,0.0619,0.00701,0,0.257,0.619,128.038
Just Dance Unlimited,1i1rNVtxbE7rdFfpHuNq2j,Hold My Hand,Jess Glynne,Hold My Hand,24/02/2015,day,FALSE,227343,61,https://open.spotify.com/track/1i1rNVtxbE7rdFfpHuNq2j,0.642,0.823,0,-5.717,1,0.0289,0.00159,0,0.0776,0.431,122.977
Just Dance Unlimited,6fQcqEcXfnY0L6VwS0c3gT,Cheerleader (Felix Jaehn Remix) - Radio Edit,OMI & Felix Jaehn,Cheerleader (Felix Jaehn Remix Radio Edit),02/12/2014,day,FALSE,180021,59,https://open.spotify.com/track/6fQcqEcXfnY0L6VwS0c3gT,0.827,0.576,4,-7.774,1,0.0372,0.184,0.029,0.0656,0.41,118.04
Just Dance Unlimited,2wqaekenSQZm7hxQOYt8oE,Am I Wrong,Nico & Vinz,Am I Wrong,21/01/2014,day,FALSE,247520,62,https://open.spotify.com/track/2wqaekenSQZm7hxQOYt8oE,0.725,0.68,8,-5.465,1,0.0306,0.162,2.13E-06,0.158,0.76,119.939
Just Dance Unlimited,5k5fWendNngd89O8JKoE8L,Better When I'm Dancin',Meghan Trainor,Better When I'm Dancin',14/10/2015,day,FALSE,176266,74,https://open.spotify.com/track/5k5fWendNngd89O8JKoE8L,0.756,0.789,2,-7.002,1,0.0324,0.53,0.000711,0.157,0.873,127.987
Just Dance Unlimited,34vuwpTj9M0cFYJ0DeK97Z,Taste The Feeling (Avicii Vs. Conrad Sewell),Avicii & Conrad Sewell,Taste The Feeling (Avicii Vs. Conrad Sewell),11/03/2016,day,FALSE,191065,0,https://open.spotify.com/track/34vuwpTj9M0cFYJ0DeK97Z,0.638,0.792,6,-4.501,1,0.0555,0.0337,0,0.0618,0.595,89.974
Just Dance Unlimited,3gIxuxGoNdVOaLw4SlyB0M,<U+0423><U+043B><U+044B><U+0431><U+0430><U+0439><U+0441><U+044F>,IOWA,8 <U+043C><U+0430><U+0440><U+0442><U+0430> (<U+041B><U+0443><U+0447><U+0448><U+0438><U+0435> <U+043F><U+0435><U+0441><U+043D><U+0438> <U+0434><U+043B><U+044F> <U+043D><U+0435><U+0451>),12/02/2016,day,FALSE,218091,0,https://open.spotify.com/track/3gIxuxGoNdVOaLw4SlyB0M,0.738,0.801,7,-3.709,1,0.166,0.00957,1.73E-05,0.205,0.94,129.998
Just Dance Unlimited,61w1Ry5X8UUsbNoPG7zRP1,Land of 1000 Dances,Wilson Pickett,Rhino Hi-Five: Wilson Pickett,15/03/2005,day,FALSE,146973,53,https://open.spotify.com/track/61w1Ry5X8UUsbNoPG7zRP1,0.618,0.588,2,-11.624,1,0.0735,0.0128,0.0266,0.351,0.768,86.903
Just Dance Unlimited,1B75hgRqe7A4fwee3g3Wmu,U Can't Touch This,MC Hammer,Please Hammer Don't Hurt 'Em,20/02/1990,day,FALSE,257360,75,https://open.spotify.com/track/1B75hgRqe7A4fwee3g3Wmu,0.867,0.517,11,-13.222,0,0.0875,0.00456,0.000339,0.0864,0.866,133.148
Just Dance Unlimited,1oHB65eI7UVmjuXyjNdwdJ,Mundian To Bach Ke,Panjabi MC,The Album,01/01/2003,day,FALSE,245573,0,https://open.spotify.com/track/1oHB65eI7UVmjuXyjNdwdJ,0.775,0.879,8,-5,0,0.0392,0.398,0.768,0.148,0.942,98.042
Just Dance Unlimited,7bDxiHrazDoD3sOt9JjSDD,You Can't Hurry Love,The Supremes,Gold,01/01/2005,day,FALSE,165066,0,https://open.spotify.com/track/7bDxiHrazDoD3sOt9JjSDD,0.455,0.827,10,-6.595,1,0.158,0.735,0,0.124,0.644,194.864
Just Dance Unlimited,3MjUtNVVq3C8Fn0MP3zhXa,...Baby One More Time,Britney Spears,...Baby One More Time (Digital Deluxe Version),12/01/1999,day,FALSE,211066,79,https://open.spotify.com/track/3MjUtNVVq3C8Fn0MP3zhXa,0.759,0.699,0,-5.745,0,0.0307,0.202,0.000131,0.443,0.907,92.96
Just Dance Unlimited,6Gm1Eym26iEc9H6wkwbKYm,Big Girl (You Are Beautiful),MIKA,Life In Cartoon Motion,01/01/2007,day,FALSE,248000,0,https://open.spotify.com/track/6Gm1Eym26iEc9H6wkwbKYm,0.794,0.758,11,-6.289,1,0.0713,0.0306,1.38E-06,0.269,0.821,115.99
Just Dance Unlimited,6MjiVEJy1YVuJNFu72OH61,Bad Romance,Lady Gaga,Bad Romance,01/01/2009,day,FALSE,294640,0,https://open.spotify.com/track/6MjiVEJy1YVuJNFu72OH61,0.695,0.919,0,-3.769,1,0.0381,0.00264,4.10E-05,0.062,0.717,119.002
Just Dance Unlimited,2fiRJjWb9uk21Gva6oHpKs,Cosmic Girl,Jamiroquai,Center Stage Music From The Motion Picture,1987,year,FALSE,242973,45,https://open.spotify.com/track/2fiRJjWb9uk21Gva6oHpKs,0.643,0.934,11,-6.651,0,0.0513,0.0348,0.000654,0.303,0.929,119.838
Just Dance Unlimited,6tS3XVuOyu10897O3ae7bi,California Gurls,Katy Perry & Snoop Dogg,Teenage Dream: The Complete Confection,12/03/2012,day,FALSE,234653,76,https://open.spotify.com/track/6tS3XVuOyu10897O3ae7bi,0.791,0.754,0,-3.729,1,0.0569,0.00446,0,0.163,0.425,125.014
Just Dance Unlimited,6ztstiyZL6FXzh4aG46ZPD,Boogie Wonderland,"Earth, Wind & Fire & The Emotions",I Am,1979-06,month,FALSE,288293,76,https://open.spotify.com/track/6ztstiyZL6FXzh4aG46ZPD,0.802,0.756,2,-10.791,0,0.0349,0.0843,0.00765,0.0521,0.963,131.715
Just Dance Unlimited,5M9cjFpI55UEmnC5DfL3cA,"Baby Zouk (As Heard In the Video Game ""Just Dance 3"")",Dr. Creole,"Baby Zouk (As Heard In the Video Game ""Just Dance 3"") - Single",15/11/2011,day,FALSE,97017,13,https://open.spotify.com/track/5M9cjFpI55UEmnC5DfL3cA,0.649,0.908,2,-9.776,1,0.0332,0.000825,0.827,0.0493,0.987,129.946
Just Dance Unlimited,460IQXPBqCTiPRMzH4bgsy,We No Speak Americano (Original Mix),Yolanda Be Cool & DCUP,We No Speak Americano,27/02/2010,day,FALSE,269800,0,https://open.spotify.com/track/460IQXPBqCTiPRMzH4bgsy,0.866,0.692,3,-4.855,0,0.0493,0.0283,0.277,0.0977,0.494,125.003
Just Dance Unlimited,0HZlND4giwzgolBpaNIRGV,"Aquarius/Let The Sunshine In (The Flesh Failures) - From the Musical ""Hair""",The 5th Dimension,The Age Of Aquarius,1969,year,FALSE,289293,61,https://open.spotify.com/track/0HZlND4giwzgolBpaNIRGV,0.293,0.74,7,-6.098,1,0.0399,0.445,0.00152,0.0998,0.514,118.225
Just Dance Unlimited,6rgzYA4GwcCXYWST4ODTJi,Cercavo Amore,Emma,Sarò Libera (Sanremo Edition),2011,year,FALSE,212053,37,https://open.spotify.com/track/6rgzYA4GwcCXYWST4ODTJi,0.484,0.869,0,-3.621,1,0.0434,0.00264,0,0.288,0.756,130.108
Just Dance Unlimited,0KTsmr6JOuhxZuiXUha1xC,Beauty And A Beat,Justin Bieber & Nicki Minaj,Believe (Deluxe Edition),01/01/2012,day,FALSE,227986,0,https://open.spotify.com/track/0KTsmr6JOuhxZuiXUha1xC,0.601,0.845,0,-4.711,1,0.0653,0.00116,1.00E-04,0.0653,0.662,127.97
Just Dance Unlimited,4lAdOkj9Pj1952EYIKZmxg,C'Mon,Kesha,Warrior (Deluxe Version),30/11/2012,day,FALSE,214333,0,https://open.spotify.com/track/4lAdOkj9Pj1952EYIKZmxg,0.558,0.781,1,-5.448,0,0.0963,0.00657,0.00144,0.102,0.286,126.025
Just Dance Unlimited,0vvG0VEN6l2fbIEUtq3mQD,American Girl,Bonnie McKee,American Girl,23/07/2013,day,FALSE,224106,50,https://open.spotify.com/track/0vvG0VEN6l2fbIEUtq3mQD,0.66,0.816,0,-4.332,0,0.0344,0.00976,1.87E-05,0.59,0.66,127.97
Just Dance Unlimited,0XzkemXSiXJa7VgDFPfU4S,Blurred Lines,"Robin Thicke, T.I. & Pharrell Williams",Blurred Lines,01/01/2013,day,FALSE,263053,3,https://open.spotify.com/track/0XzkemXSiXJa7VgDFPfU4S,0.862,0.503,7,-7.703,1,0.0494,0.00453,1.87E-05,0.0761,0.863,119.998
Just Dance Unlimited,3svSpGRGdpM6IgdFRYO5Nm,Can't Get Enough (feat. Pitbull),Becky G & Pitbull,Play It Again,16/07/2013,day,FALSE,227133,46,https://open.spotify.com/track/3svSpGRGdpM6IgdFRYO5Nm,0.703,0.882,5,-4.332,1,0.232,0.142,2.53E-06,0.089,0.594,127.956
Just Dance Unlimited,0ktV2JoOsoTGURzKaZnjJL,Birthday,Katy Perry,PRISM (Deluxe),01/01/2013,day,FALSE,215042,0,https://open.spotify.com/track/0ktV2JoOsoTGURzKaZnjJL,0.715,0.67,11,-5.123,1,0.0735,0.0948,3.90E-06,0.117,0.867,126.069
Just Dance Unlimited,3rWbIR3rJIT0Rpu3iR9ZXg,Break Free,Ariana Grande & Zedd,My Everything (Deluxe),13/04/2015,day,FALSE,214840,48,https://open.spotify.com/track/3rWbIR3rJIT0Rpu3iR9ZXg,0.688,0.705,7,-5.323,0,0.0456,0.00658,4.04E-05,0.204,0.293,129.949
Just Dance Unlimited,7pBBypRRRhCloyONPGldCG,Built For This,Becky G,Play It Again,16/07/2013,day,FALSE,189800,39,https://open.spotify.com/track/7pBBypRRRhCloyONPGldCG,0.74,0.798,8,-6.101,1,0.0609,0.157,0.0106,0.113,0.348,104.008
Just Dance Unlimited,094RugjgLW6CdPLOJctBZ3,Boom Clap,Charli XCX,SUCKER,09/02/2015,day,FALSE,169866,60,https://open.spotify.com/track/094RugjgLW6CdPLOJctBZ3,0.659,0.911,4,-2.28,1,0.0786,0.154,0.000304,0.191,0.576,91.999
Just Dance Unlimited,3v9xlH6BpmRbqL7hgNJhfT,I Get Around (Mono),The Beach Boys,All Summer Long (Mono & Stereo),13/07/1964,day,FALSE,134386,68,https://open.spotify.com/track/3v9xlH6BpmRbqL7hgNJhfT,0.39,0.625,9,-7.813,0,0.0537,0.36,0,0.0663,0.514,144.338
Just Dance Unlimited,2TjNlK2tNBxF8C8RIaK9Gb,Gimme! Gimme! Gimme! (A Man After Midnight),ABBA,ABBA Gold,01/01/2008,day,FALSE,289160,0,https://open.spotify.com/track/2TjNlK2tNBxF8C8RIaK9Gb,0.704,0.667,2,-5.981,0,0.0283,0.0298,0.00351,0.303,0.733,119.424
Just Dance Unlimited,1eJFkz0Ms9fdGb8XvHJag4,Funkytown,Lipps Inc.,Années 80,01/01/2013,day,FALSE,236386,0,https://open.spotify.com/track/1eJFkz0Ms9fdGb8XvHJag4,0.923,0.597,0,-9.258,1,0.0628,0.000245,0.795,0.0934,0.278,122.683
Just Dance Unlimited,2HHtWyy5CgaQbC7XSoOb0e,Eye of the Tiger,Survivor,Eye Of The Tiger,1982,year,FALSE,243773,75,https://open.spotify.com/track/2HHtWyy5CgaQbC7XSoOb0e,0.815,0.438,0,-14.522,0,0.0346,0.216,0.000466,0.0787,0.552,108.965
Just Dance Unlimited,1H5tvpoApNDxvxDexoaAUo,Who Let The Dogs Out,Baha Men,Who Let The Dogs Out,2000,year,FALSE,198400,67,https://open.spotify.com/track/1H5tvpoApNDxvxDexoaAUo,0.869,0.887,0,-4.505,1,0.0993,0.0605,0,0.148,0.784,129.221
Just Dance Unlimited,7yBl8YmvcgwwYlazJcvowE,Fame,Irene Cara,Fame: The Original Soundtrack from the Motion Picture,16/05/1980,day,FALSE,316066,0,https://open.spotify.com/track/7yBl8YmvcgwwYlazJcvowE,0.7,0.73,0,-8.763,0,0.0311,0.132,0,0.133,0.961,130.519
Just Dance Unlimited,6AQd58GaIPRhGwjenfYOMP,Cotton Eye Joe,Rednex,"Années 90: Les meilleurs hits 90's réunis dans une playlist qui vous emmèra back to the future à l'époque des Boys Bands, de la Dance et autres tubes ensoleillés.",2014,year,FALSE,191653,0,https://open.spotify.com/track/6AQd58GaIPRhGwjenfYOMP,0.708,0.852,9,-8.726,0,0.0493,0.00578,0.000786,0.037,0.542,132.015
Just Dance Unlimited,09OKEiKltU6AvvrEtE92OY,Crucified - Radio Edit,Army Of Lovers,Massive Luxury Overdose (Swedish Version),01/01/1991,day,FALSE,214093,57,https://open.spotify.com/track/09OKEiKltU6AvvrEtE92OY,0.6,0.904,4,-10.003,0,0.0584,0.0198,7.98E-05,0.749,0.475,122.006
Just Dance Unlimited,6xdLJrVj4vIXwhuG8TMopk,Crazy Little Thing Called Love - Remastered 2011,Queen,The Game (2011 Remaster),27/06/1980,day,FALSE,163373,76,https://open.spotify.com/track/6xdLJrVj4vIXwhuG8TMopk,0.599,0.761,0,-6.887,1,0.0421,0.713,4.74E-06,0.349,0.712,77.015
Just Dance Unlimited,5HbCnVLXRyZVxnreOPgJCK,Girlfriend,Avril Lavigne,The Best Damn Thing,17/04/2007,day,TRUE,216600,0,https://open.spotify.com/track/5HbCnVLXRyZVxnreOPgJCK,0.56,0.959,7,-2.433,1,0.102,0.000738,0.000206,0.209,0.67,163.983
Just Dance Unlimited,4AfbXcxHuP7YuS3o4QSQIM,"Futebol Crazy (As Heard In the Video Game ""Just Dance 2"")",Paul James Borg,"Futebol Crazy (As Heard In the Video Game ""Just Dance 2"") - Single",29/04/2016,day,FALSE,258208,3,https://open.spotify.com/track/4AfbXcxHuP7YuS3o4QSQIM,0.686,0.976,7,-8.665,1,0.0424,0.00485,0.898,0.0964,0.731,132.092
Just Dance Unlimited,4lCv7b86sLynZbXhfScfm2,Firework,Katy Perry,Teenage Dream: The Complete Confection,12/03/2012,day,FALSE,227880,73,https://open.spotify.com/track/4lCv7b86sLynZbXhfScfm2,0.638,0.826,8,-4.968,1,0.0479,0.139,0,0.0803,0.649,124.072
Just Dance Unlimited,300zfRaCgTmEm5Eqe3HqZZ,Ghostbusters,Ray Parker Jr.,Arista Heritage Series: Ray Parker,08/02/2000,day,FALSE,240800,61,https://open.spotify.com/track/300zfRaCgTmEm5Eqe3HqZZ,0.779,0.717,6,-9.7,0,0.0335,0.0125,0.0536,0.355,0.789,115.384
Just Dance Unlimited,2z3gIHNav9sE6llENuCOAs,She's Got Me Dancing,Tommy Sparks,She's Got Me Dancing,01/01/2009,day,FALSE,209413,35,https://open.spotify.com/track/2z3gIHNav9sE6llENuCOAs,0.721,0.878,2,-4.735,1,0.0416,0.000807,1.57E-05,0.108,0.775,112.043
Just Dance Unlimited,2CEgGE6aESpnmtfiZwYlbV,Dynamite,Taio Cruz,The Rokstarr Hits Collection,01/01/2010,day,FALSE,202613,81,https://open.spotify.com/track/2CEgGE6aESpnmtfiZwYlbV,0.751,0.783,4,-3.724,1,0.0859,0.00379,0,0.036,0.816,119.975
Just Dance Unlimited,4z8ssgZfs5TzKiO8HaGWXO,E.T.,Katy Perry,Teenage Dream: The Complete Confection,12/03/2012,day,FALSE,206373,69,https://open.spotify.com/track/4z8ssgZfs5TzKiO8HaGWXO,0.603,0.872,5,-5.404,0,0.0792,0.0213,0,0.366,0.691,150.104
Just Dance Unlimited,2LEF1A8DOZ9wRYikWgVlZ8,Good Feeling,Flo Rida,Wild Ones,22/06/2012,day,FALSE,248133,77,https://open.spotify.com/track/2LEF1A8DOZ9wRYikWgVlZ8,0.706,0.89,1,-4.444,0,0.0688,0.0588,0.00286,0.306,0.684,128.011
Just Dance Unlimited,03EpQ63wgYcMYHn2qOiCPW,Just a Gigolo,Louis Prima,Just a Gigolo,15/01/2008,day,FALSE,282600,25,https://open.spotify.com/track/03EpQ63wgYcMYHn2qOiCPW,0.523,0.527,8,-7.256,1,0.0686,0.43,0,0.0748,0.701,124.889
Just Dance Unlimited,7MTvJ1opaAkaEx0guBsjWR,Domino,Jessie J,Domino,01/01/2011,day,FALSE,231840,0,https://open.spotify.com/track/7MTvJ1opaAkaEx0guBsjWR,0.759,0.563,7,-4.543,1,0.0356,0.00729,0,0.0342,0.809,126.995
Just Dance Unlimited,6W1PGzQ3ludyZjNYKwV949,Diggin' In The Dirt - Single Version,Stefanie Heinzmann,Stefanie Heinzmann (Deluxe Edition),01/01/2012,day,FALSE,213013,0,https://open.spotify.com/track/6W1PGzQ3ludyZjNYKwV949,0.732,0.831,3,-3.771,0,0.047,0.04,0,0.181,0.828,116.837
Just Dance Unlimited,2qclROsVAXnxPLMlYQ3BAt,"So Glamorous (As Featured in ""Just Dance 4"")",The Girly Team,"So Glamorous (As Featured in ""Just Dance 4"") - Single",29/01/2013,day,FALSE,175721,0,https://open.spotify.com/track/2qclROsVAXnxPLMlYQ3BAt,0.687,0.831,6,-5.665,0,0.0785,0.000801,0.000246,0.332,0.755,126.013
Just Dance Unlimited,1R2SZUOGJqqBiLuvwKOT2Y,Gangnam Style (<U+AC15><U+B0A8><U+C2A4><U+D0C0><U+C77C>),PSY,Gangnam Style (<U+AC15><U+B0A8><U+C2A4><U+D0C0><U+C77C>),01/01/2012,day,FALSE,219493,0,https://open.spotify.com/track/1R2SZUOGJqqBiLuvwKOT2Y,0.727,0.938,11,-2.872,0,0.288,0.00432,0,0.0911,0.757,132.077
Just Dance Unlimited,6mnjcTmK8TewHfyOp3fC9C,Die Young,Kesha,Warrior (Deluxe Version),30/11/2012,day,FALSE,211920,0,https://open.spotify.com/track/6mnjcTmK8TewHfyOp3fC9C,0.711,0.7,1,-4.805,0,0.046,0.00498,0.000125,0.215,0.801,128.001
Just Dance Unlimited,2V65y3PX4DkRhy1djlxd9p,Don't You Worry Child - Radio Edit,Swedish House Mafia & John Martin,Don't You Worry Child,14/09/2012,day,FALSE,212862,79,https://open.spotify.com/track/2V65y3PX4DkRhy1djlxd9p,0.612,0.84,11,-3.145,0,0.0509,0.112,0,0.116,0.438,129.042
Just Dance Unlimited,5U8dy2VxCGMXCy5b9ZfzO4,Gentleman,PSY,Gentleman,01/01/2013,day,FALSE,194546,0,https://open.spotify.com/track/5U8dy2VxCGMXCy5b9ZfzO4,0.879,0.738,3,-2.892,0,0.119,0.00268,0,0.0514,0.645,125.989
Just Dance Unlimited,7lUW83jfsIVZgOs2kaulxe,Danse (feat. Flo Rida),TAL & Flo Rida,A l'infini (Summer Edition),16/06/2014,day,FALSE,171544,37,https://open.spotify.com/track/7lUW83jfsIVZgOs2kaulxe,0.699,0.883,1,-4.172,1,0.0491,0.0133,0.0089,0.0679,0.621,125.946
Just Dance Unlimited,2ZSCy3P1QzpJySCWA6NRIU,I Was Made For Lovin' You,KISS,Dynasty (Remastered Version),23/03/1979,day,FALSE,271240,0,https://open.spotify.com/track/2ZSCy3P1QzpJySCWA6NRIU,0.768,0.852,4,-6.215,1,0.038,0.213,7.45E-05,0.0723,0.867,128.374
Just Dance Unlimited,3b0EOvScbZUc0qJx0E1L2z,I Want You Back,The Jackson 5,Diana Ross Presents The Jackson 5,18/12/1969,day,FALSE,176333,0,https://open.spotify.com/track/3b0EOvScbZUc0qJx0E1L2z,0.639,0.548,8,-13.534,1,0.0394,0.29,9.68E-05,0.366,0.887,98.359
Just Dance Unlimited,6RVevoPzbGygqvm6LxHAuf,Hot Stuff,Donna Summer,The Dance Collection,01/01/1987,day,FALSE,400440,0,https://open.spotify.com/track/6RVevoPzbGygqvm6LxHAuf,0.797,0.738,0,-13.87,1,0.0341,0.00254,0.132,0.0433,0.964,120.494
Just Dance Unlimited,3P2zU7fEjnZRunH124QnJL,That's the Way (I Like It) - Edit,KC & The Sunshine Band,The Very Best of KC & the Sunshine Band,16/02/1998,day,FALSE,183666,42,https://open.spotify.com/track/3P2zU7fEjnZRunH124QnJL,0.656,0.9,5,-9.583,0,0.0354,0.0791,0.00142,0.354,0.947,108.698
Just Dance Unlimited,0a4agFmqHXxcZl1nho1BxM,Heart Of Glass - Special Mix,Blondie,Best Of Blondie,31/10/1981,day,FALSE,275733,70,https://open.spotify.com/track/0a4agFmqHXxcZl1nho1BxM,0.694,0.577,4,-14.63,1,0.0308,0.015,0.00836,0.0853,0.845,114.478
Just Dance Unlimited,1dzQoRqT5ucxXVaAhTcT0J,Just Dance,Lady Gaga & Colby O'Donis,The Fame,01/01/2008,day,FALSE,241933,78,https://open.spotify.com/track/1dzQoRqT5ucxXVaAhTcT0J,0.822,0.739,1,-4.541,0,0.0311,0.0264,4.26E-05,0.181,0.745,118.992
Just Dance Unlimited,0iGckQFyv6svOfAbAY9aWJ,Hot N Cold,Katy Perry,One Of The Boys,17/06/2008,day,FALSE,220226,74,https://open.spotify.com/track/0iGckQFyv6svOfAbAY9aWJ,0.706,0.841,7,-3.956,1,0.0418,7.95E-05,0,0.0688,0.861,132.032
Just Dance Unlimited,3AszgPDZd9q0DpDFt4HFBy,Hey Ya!,Outkast,The Way You Move / Hey Ya!,2003,year,FALSE,239240,64,https://open.spotify.com/track/3AszgPDZd9q0DpDFt4HFBy,0.715,0.97,0,-2.206,1,0.0648,0.0644,0.000156,0.205,0.963,79.504
Just Dance Unlimited,2jJ2OyPniCS1a16Ghw8vZo,Idealistic,Digitalism,Idealism,09/05/2007,day,FALSE,250693,0,https://open.spotify.com/track/2jJ2OyPniCS1a16Ghw8vZo,0.605,0.805,0,-6.134,0,0.0436,0.0131,0.0705,0.453,0.369,128.954
Just Dance Unlimited,2BB8RMtmefLa4XrkNGwN5p,Lollipop,MIKA,Life In Cartoon Motion,01/01/2007,day,FALSE,183533,0,https://open.spotify.com/track/2BB8RMtmefLa4XrkNGwN5p,0.7,0.623,1,-5.351,1,0.0789,0.0376,1.03E-05,0.133,0.865,95.992
Just Dance Unlimited,3WXihZyREYjtzDjTfArJN2,"Hungarian Dance No.5 In G Minor, WoO 1 No. 5","Johannes Brahms, Wiener Philharmoniker & Claudio Abbado",Brahms: 21 Hungarian Dances,01/01/1984,day,FALSE,138706,0,https://open.spotify.com/track/3WXihZyREYjtzDjTfArJN2,0.358,0.167,7,-16,0,0.0354,0.899,0.96,0.103,0.601,144.561
Just Dance Unlimited,49sMsFUxaaGDlaKZNBfVSd,The Ketchup Song (Asereje) - Spanish Version,Las Ketchup,Hijas Del Tomate,30/07/2002,day,FALSE,211893,0,https://open.spotify.com/track/49sMsFUxaaGDlaKZNBfVSd,0.587,0.905,6,-8.608,1,0.11,0.00973,0.000379,0.122,0.898,184.931
Just Dance Unlimited,59wpu37k02o2UGZIPpcSPd,Jai Ho! (You Are My Destiny),"A.R. Rahman, The Pussycat Dolls & Nicole Scherzinger",Jai Ho! (You Are My Destiny),01/01/2009,day,FALSE,222400,0,https://open.spotify.com/track/59wpu37k02o2UGZIPpcSPd,0.657,0.941,8,-3.919,0,0.061,0.0476,0,0.0797,0.879,136.202
Just Dance Unlimited,6naxalmIoLFWR0siv8dnQQ,Oops!...I Did It Again,Britney Spears,Oops!... I Did It Again,16/05/2000,day,FALSE,211160,79,https://open.spotify.com/track/6naxalmIoLFWR0siv8dnQQ,0.751,0.834,1,-5.444,0,0.0437,0.3,1.77E-05,0.355,0.894,95.053
Just Dance Unlimited,14iN3o8ptQ8cFVZTEmyQRV,I Kissed A Girl,Katy Perry,One Of The Boys,17/06/2008,day,FALSE,179640,75,https://open.spotify.com/track/14iN3o8ptQ8cFVZTEmyQRV,0.699,0.76,5,-3.173,1,0.0677,0.00223,0,0.132,0.696,129.996
Just Dance Unlimited,7rgMZ6y1aj12uG2E11AlbE,"Katti Kalandal (As Heard In the Video Game ""Just Dance 2"")",Bollywood,"Katti Kalandal (As Heard In the Video Game ""Just Dance 2"") - Single",15/11/2011,day,FALSE,364093,21,https://open.spotify.com/track/7rgMZ6y1aj12uG2E11AlbE,0.713,0.944,2,-5.07,1,0.049,0.366,0.0496,0.143,0.83,118.014
Just Dance Unlimited,78DQFiwKf7YPVM06ugvPov,Kung Fu Fighting (Dave Ruffy & Mark Wallis Version),"Carl Douglas, Dave Ruffy & Mark Wallis",Kung Fu Fighting (40th Anniversary Remix Edition),15/08/2014,day,FALSE,195444,0,https://open.spotify.com/track/78DQFiwKf7YPVM06ugvPov,0.656,0.816,2,-6.306,1,0.0416,0.000357,1.39E-05,0.106,0.391,101.982
Just Dance Unlimited,63y2aL2dT6zzw8FOSLaNrp,This Is Halloween,The Citizens of Halloween,The Nightmare Before Christmas,01/01/1993,day,FALSE,196186,45,https://open.spotify.com/track/63y2aL2dT6zzw8FOSLaNrp,0.669,0.448,11,-15.442,0,0.0359,0.779,0,0.155,0.645,83.804
Just Dance Unlimited,5AfPd7h5BJguSgSBz1mSoo,Love Is All,Roger Glover & Butterfly Ball,2gether Fiesta (Les meilleurs hits pour faire la fête !),20/12/2014,day,FALSE,194800,31,https://open.spotify.com/track/5AfPd7h5BJguSgSBz1mSoo,0.59,0.446,7,-16.02,1,0.0368,0.15,0,0.35,0.772,111.767
Just Dance Unlimited,4N6R6yqkFUTyF3AYOdR0T7,Heavy Cross,Gossip,Heavy Cross,24/04/2009,day,FALSE,242786,55,https://open.spotify.com/track/4N6R6yqkFUTyF3AYOdR0T7,0.792,0.697,2,-4.204,1,0.032,0.0946,0.0899,0.131,0.22,120.051
Just Dance Unlimited,2a1MrtxYybqFV1Ow8VJ1dW,I Will Survive - Rerecorded,Gloria Gaynor,I Will Survive (Rerecorded),1982,year,FALSE,265026,58,https://open.spotify.com/track/2a1MrtxYybqFV1Ow8VJ1dW,0.673,0.752,9,-7.978,0,0.0491,0.00309,0,0.112,0.576,120.041
Just Dance Unlimited,4gphxUgq0JSFv2BCLhNDiE,Jailhouse Rock,Elvis Presley,Elvis' Golden Records,21/03/1958,day,FALSE,146480,69,https://open.spotify.com/track/4gphxUgq0JSFv2BCLhNDiE,0.647,0.582,10,-9.538,0,0.0755,0.41,1.93E-06,0.0715,0.915,167.396
Just Dance Unlimited,3veFQzlEOTpcGGIbYPKdYq,Love You Like A Love Song,Selena Gomez & The Scene,When the Sun Goes Down (Deluxe Edition),01/01/2011,day,FALSE,188066,0,https://open.spotify.com/track/3veFQzlEOTpcGGIbYPKdYq,0.858,0.677,1,-3.842,0,0.0465,0.0752,0,0.0718,0.925,117.005
Just Dance Unlimited,0ho4ac5tM9CNcmeIElhadF,Hit 'Em Up Style (Oops!),Blu Cantrell,Bittersweet,11/06/2003,day,FALSE,250493,52,https://open.spotify.com/track/0ho4ac5tM9CNcmeIElhadF,0.696,0.722,5,-5.319,0,0.0801,0.169,0,0.289,0.67,90.116
Just Dance Unlimited,7i4JECMtz4SW9BSA4fEyrz,Hit The Lights,Selena Gomez & The Scene,When The Sun Goes Down,01/01/2011,day,FALSE,194426,0,https://open.spotify.com/track/7i4JECMtz4SW9BSA4fEyrz,0.571,0.888,7,-3.947,1,0.0585,0.113,0,0.303,0.554,129.956
Just Dance Unlimited,63vL5oxWrlvaJ0ayNaQnbX,Istanbul (Not Constantinople),They Might Be Giants,Flood,02/01/1990,day,FALSE,153813,65,https://open.spotify.com/track/63vL5oxWrlvaJ0ayNaQnbX,0.688,0.748,5,-9.39,0,0.0377,0.0801,0.00453,0.136,0.892,114.144
Just Dance Unlimited,2meiPQRfkgNhDcj6THp37y,Love Boat Theme,Dominik Hauser,THE LOVE BOAT - Theme from the Television Series written by Charles Fox and Paul WIlliams,19/12/2011,day,FALSE,106229,27,https://open.spotify.com/track/2meiPQRfkgNhDcj6THp37y,0.544,0.629,7,-11.199,1,0.0688,0.412,1.97E-05,0.353,0.676,118.467
Just Dance Unlimited,2Hv7Owz5k835Doh4BY5VFP,It's You,Duck Sauce,Quack,14/04/2014,day,FALSE,190587,0,https://open.spotify.com/track/2Hv7Owz5k835Doh4BY5VFP,0.783,0.85,0,-4.346,1,0.162,0.076,0.00168,0.636,0.78,127.964
Just Dance Unlimited,1C79CxJdMHjk9RkwX04DRh,Applause,Lady Gaga,ARTPOP,01/01/2013,day,FALSE,212333,0,https://open.spotify.com/track/1C79CxJdMHjk9RkwX04DRh,0.67,0.787,7,-4.277,0,0.0519,0.0228,1.74E-06,0.125,0.713,139.906
Just Dance Unlimited,3bDGwl0X3EjQmIyFD1uif5,Roar,Katy Perry,PRISM (Deluxe),01/01/2013,day,FALSE,223546,0,https://open.spotify.com/track/3bDGwl0X3EjQmIyFD1uif5,0.56,0.756,7,-4.817,0,0.0415,0.00635,1.29E-05,0.55,0.404,179.771
Just Dance Unlimited,5b88tNINg4Q4nrRbrCXUmg,"Happy - From ""Despicable Me 2""",Pharrell Williams,G I R L,03/03/2014,day,FALSE,232720,2,https://open.spotify.com/track/5b88tNINg4Q4nrRbrCXUmg,0.647,0.822,5,-4.662,0,0.183,0.219,0,0.0908,0.962,160.019
Just Dance Unlimited,2UqbWOTgLcMMjtMQjycFro,Let It Go - English Version,Idina Menzel,Let It Go The Complete Set (From “Frozen”),01/01/2014,day,FALSE,224026,0,https://open.spotify.com/track/2UqbWOTgLcMMjtMQjycFro,0.548,0.491,8,-6.884,1,0.0303,0.589,0,0.123,0.356,137.009
Just Dance Unlimited,7nQR09slURMScLt20DHu77,India Waale,Various Artists,Happy New Year (Original Motion Picture Soundtrack),15/09/2014,day,FALSE,238107,0,https://open.spotify.com/track/7nQR09slURMScLt20DHu77,0.72,0.762,4,-5.908,1,0.102,0.033,0,0.0696,0.598,128.029
Just Dance Unlimited,2imPYyH0VRBsNAJfrM8B4N,Monster Mash,"Bobby ""Boris"" Pickett & The Crypt-Kickers",Monster Mash,08/03/2013,day,FALSE,189750,3,https://open.spotify.com/track/2imPYyH0VRBsNAJfrM8B4N,0.685,0.682,2,-9.296,1,0.336,0.503,0,0.364,0.734,69.786
Just Dance Unlimited,0cwEvwz7syhgHKXX1z4puc,Moskau,Dschinghis Khan,7 Leben,01/01/2007,day,FALSE,221373,60,https://open.spotify.com/track/0cwEvwz7syhgHKXX1z4puc,0.676,0.724,5,-5.941,0,0.039,0.0681,9.29E-05,0.139,0.676,132.056
Just Dance Unlimited,5mYtpXrZZ1bbGJYDGC8I0Y,99 Red Balloons,Nena,99 Luftballons,21/08/1984,day,FALSE,284773,0,https://open.spotify.com/track/5mYtpXrZZ1bbGJYDGC8I0Y,0.543,0.482,4,-12.789,1,0.194,0.0853,9.22E-05,0.111,0.415,193.513
Just Dance Unlimited,3vJG33adGD5Z39Gb6Cnevi,Mambo No. 5 (A Little Bit of...),Lou Bega,A Little Bit Of Mambo,1999,year,FALSE,219666,0,https://open.spotify.com/track/3vJG33adGD5Z39Gb6Cnevi,0.607,0.817,5,-6.861,0,0.401,0.103,0,0.322,0.902,174.19
Just Dance Unlimited,5J7aWjJ8yBplRumpM7sKBO,Miss Understood,Sammie,Miss Understood - Single,08/11/2013,day,FALSE,217762,30,https://open.spotify.com/track/5J7aWjJ8yBplRumpM7sKBO,0.682,0.784,6,-4.356,0,0.0343,0.0255,0,0.215,0.325,99.009
Just Dance Unlimited,6iHlEQfWD9twzBsNv5lrvW,My Main Girl,Mainstreet,Breaking The Rules,01/01/2013,day,FALSE,169853,18,https://open.spotify.com/track/6iHlEQfWD9twzBsNv5lrvW,0.714,0.747,0,-4.917,0,0.0802,0.0657,0,0.0347,0.86,102.045
Just Dance Unlimited,6chdRBWviHlm7JAtwgflBP,Maps,Maroon 5,Maps,16/06/2014,day,FALSE,189840,0,https://open.spotify.com/track/6chdRBWviHlm7JAtwgflBP,0.743,0.717,1,-5.521,0,0.0299,0.0223,0,0.0678,0.88,120.025
Just Dance Unlimited,5lWSa1rmuSL6OBPOnkAqoa,Rasputin,Boney M.,Daddy Cool,14/03/1994,day,FALSE,220666,71,https://open.spotify.com/track/5lWSa1rmuSL6OBPOnkAqoa,0.69,0.752,6,-11.47,0,0.0455,0.463,0.00102,0.595,0.97,126.005
Just Dance Unlimited,59kTVUKhpcFw9zMLPSbFvH,Nine in the Afternoon,Panic! At The Disco,Pretty. Odd.,24/03/2008,day,FALSE,192893,54,https://open.spotify.com/track/59kTVUKhpcFw9zMLPSbFvH,0.249,0.804,10,-3.233,1,0.0502,0.0201,0,0.262,0.389,155.066
Just Dance Unlimited,7mitXLIMCflkhZiD34uEQI,Party Rock Anthem,"LMFAO, Lauren Bennett & GoonRock",Sorry For Party Rocking,01/01/2011,day,FALSE,262146,74,https://open.spotify.com/track/7mitXLIMCflkhZiD34uEQI,0.751,0.736,5,-4.168,0,0.156,0.0206,0,0.265,0.352,130.014
Just Dance 2021,7l2WXhRE07NMMN6XZUQzwJ,Paca Dance,The Just Dance Band,Paca Dance (Just Dance 2021 Original Creations & Covers),12/11/2020,day,FALSE,164750,42,https://open.spotify.com/track/7l2WXhRE07NMMN6XZUQzwJ,0.868,0.841,11,-6.363,0,0.122,0.0592,0.000324,0.0577,0.881,124.943
Just Dance 2021,3jjujdWJ72nww5eGnfs2E7,Adore You,Harry Styles,Fine Line,13/12/2019,day,FALSE,207133,86,https://open.spotify.com/track/3jjujdWJ72nww5eGnfs2E7,0.676,0.771,8,-3.675,1,0.0483,0.0237,7.00E-06,0.102,0.569,99.048
Just Dance 2021,2RN67OWSPhxfJdrwS5WS4Q,Yameen Yasar,DJ Absi,Yameen Yasar (Just Dance 2021: Original Creations & Covers),12/11/2020,day,FALSE,204000,30,https://open.spotify.com/track/2RN67OWSPhxfJdrwS5WS4Q,0.633,0.771,0,-6.505,1,0.101,0.0218,1.33E-05,0.326,0.891,154.872
Just Dance 2021,6IRdLKIyS4p7XNiP8r6rsx,all the good girls go to hell,Billie Eilish,"WHEN WE ALL FALL ASLEEP, WHERE DO WE GO?",29/03/2019,day,FALSE,168839,75,https://open.spotify.com/track/6IRdLKIyS4p7XNiP8r6rsx,0.726,0.444,8,-8.922,0,0.372,0.283,0.143,0.177,0.569,185.044
Just Dance 2021,6PwbVXIomkvk4YcafiOc6i,Bailando,Paradisio,Tarpeia,1997,year,FALSE,229333,65,https://open.spotify.com/track/6PwbVXIomkvk4YcafiOc6i,0.647,0.94,6,-8.759,1,0.0394,0.0836,0.00962,0.119,0.835,132.824
Just Dance 2021,0VjIjW4GlUZAMYd2vXMi3b,Blinding Lights,The Weeknd,After Hours,20/03/2020,day,FALSE,200040,91,https://open.spotify.com/track/0VjIjW4GlUZAMYd2vXMi3b,0.514,0.73,1,-5.934,1,0.0598,0.00146,9.54E-05,0.0897,0.334,171.005
Just Dance 2021,1yMvxlVkxC2KFjstP9Au9V,"Boy, You Can Keep It",Alex Newell,"Boy, You Can Keep It",12/02/2020,day,FALSE,147911,46,https://open.spotify.com/track/1yMvxlVkxC2KFjstP9Au9V,0.809,0.858,7,-4.244,1,0.132,0.0492,6.99E-06,0.0695,0.909,120.029
Just Dance 2021,2XU0oxnq2qxCpomAAuJY8K,Dance Monkey,Tones And I,Dance Monkey (Stripped Back) / Dance Monkey,17/10/2019,day,FALSE,209438,80,https://open.spotify.com/track/2XU0oxnq2qxCpomAAuJY8K,0.824,0.588,6,-6.4,0,0.0924,0.692,0.000104,0.149,0.513,98.027
Just Dance 2021,06VFJ6o6ywoSdrSWMZMIoN,Georgia,Tiggs Da Author,Georgia,23/07/2015,day,FALSE,195320,43,https://open.spotify.com/track/06VFJ6o6ywoSdrSWMZMIoN,0.67,0.884,11,-2.875,0,0.215,0.141,0,0.291,0.536,143.778
Just Dance 2021,4QoleZiJQXnPP1FDmdoxHD,Dibby Dibby Sound (DJ Fresh vs. Jay Fay),"DJ Fresh, Jay Fay & Ms. Dynamite",Dibby Dibby Sound (DJ Fresh vs. Jay Fay),31/01/2014,day,FALSE,195310,32,https://open.spotify.com/track/4QoleZiJQXnPP1FDmdoxHD,0.787,0.954,1,-2.174,1,0.149,0.0259,4.22E-05,0.624,0.705,112.019
Just Dance 2021,6WrI0LAC5M1Rw2MnX2ZvEg,Don't Start Now,Dua Lipa,Don't Start Now,31/10/2019,day,FALSE,183290,80,https://open.spotify.com/track/6WrI0LAC5M1Rw2MnX2ZvEg,0.794,0.793,11,-4.521,0,0.0842,0.0125,0,0.0952,0.677,123.941
Just Dance 2021,3XokLNiEpSeTyeMeeKKPlj,Till the World Ends,The Girly Team,Till the World Ends (Just Dance 2021 Original Creations & Covers),12/11/2020,day,FALSE,208958,27,https://open.spotify.com/track/3XokLNiEpSeTyeMeeKKPlj,0.722,0.769,8,-6.388,1,0.0606,0.0114,2.08E-05,0.373,0.574,131.972
Just Dance 2021,2HtcPHFdo7eu4Ilbvb0BVI,Feel Special,TWICE,Feel Special,23/09/2019,day,FALSE,206866,1,https://open.spotify.com/track/2HtcPHFdo7eu4Ilbvb0BVI,0.709,0.959,1,-1.339,1,0.0603,0.0296,0.00188,0.107,0.644,128.983
Just Dance 2021,0P9nVsSehdmUwyIQNmtgXM,Heat Seeker,DREAMERS,Heat Seeker,28/02/2020,day,FALSE,174592,41,https://open.spotify.com/track/0P9nVsSehdmUwyIQNmtgXM,0.47,0.932,5,-3.542,0,0.0915,0.00665,0,0.543,0.584,159.961
Just Dance 2021,7uaSDIL9QzabF2Je0FyDZ7,Lacrimosa,Apashe,Requiem,23/02/2018,day,FALSE,217333,57,https://open.spotify.com/track/7uaSDIL9QzabF2Je0FyDZ7,0.604,0.789,5,-2.437,0,0.137,0.0104,0.292,0.338,0.563,135.02
Just Dance 2021,1ayaOin9hxCtyhg4UsBTpg,Kick It,NCT 127,NCT #127 Neo Zone - The 2nd Album,06/03/2020,day,FALSE,233013,63,https://open.spotify.com/track/1ayaOin9hxCtyhg4UsBTpg,0.681,0.847,7,-2.462,1,0.0869,0.0306,0,0.0808,0.507,167.031
Just Dance 2021,0k664IuFwVP557Gnx7RhIl,Juice,Lizzo,Cuz I Love You,19/04/2019,day,TRUE,195144,77,https://open.spotify.com/track/0k664IuFwVP557Gnx7RhIl,0.767,0.889,7,-2.988,1,0.0963,0.00611,0,0.402,0.843,119.93
Just Dance 2021,6RyaV7owmVU6fzEPE17sF1,Que Tire Pa Lante,Daddy Yankee,Que Tire Pa Lante,18/10/2019,day,FALSE,210520,70,https://open.spotify.com/track/6RyaV7owmVU6fzEPE17sF1,0.658,0.901,7,-2.814,1,0.0357,0.0478,0,0.12,0.708,93.979
Just Dance 2021,46lFttIf5hnUZMGvjK0Wxo,Runaway (U & I),Galantis,Pharmacy,05/06/2015,day,FALSE,227073,75,https://open.spotify.com/track/46lFttIf5hnUZMGvjK0Wxo,0.506,0.805,1,-4.119,1,0.0469,0.00711,0.00193,0.0856,0.383,126.008
Just Dance 2021,7s86DMywme9XBbMnGDeKMx,Alexandrie Alexandra,Jérôme Francis,Alexandrie Alexandra (Just Dance 2021: Original Creations & Covers),12/11/2020,day,FALSE,263938,20,https://open.spotify.com/track/7s86DMywme9XBbMnGDeKMx,0.622,0.887,11,-5.997,0,0.0686,0.0451,1.98E-06,0.0414,0.948,126.018
Just Dance 2021,3Dv1eDb0MEgF93GpLXlucZ,Say So,Doja Cat,Hot Pink,07/11/2019,day,TRUE,237893,81,https://open.spotify.com/track/3Dv1eDb0MEgF93GpLXlucZ,0.787,0.673,11,-4.583,0,0.159,0.264,3.35E-06,0.0904,0.779,110.962
Just Dance 2021,4JUPEh2DVSXFGExu4Uxevz,Ice Cream (with Selena Gomez),BLACKPINK & Selena Gomez,THE ALBUM,02/10/2020,day,FALSE,177813,68,https://open.spotify.com/track/4JUPEh2DVSXFGExu4Uxevz,0.79,0.701,9,-4.81,1,0.365,0.0317,8.06E-05,0.0311,0.91,159.972
Just Dance 2021,6meAvS8tVRGx15tfjubz0x,Señorita,Shawn Mendes & Camila Cabello,Viral Hits Vol. 4,06/11/2020,day,FALSE,190960,23,https://open.spotify.com/track/6meAvS8tVRGx15tfjubz0x,0.759,0.54,9,-6.039,0,0.0287,0.037,0,0.0945,0.75,116.947
Just Dance 2021,2We5ArmGEQBLJBddOHt8EN,Samba de Janeiro,Ultraclub 90,Samba de Janeiro (Just Dance 2021 Original Creations & Covers),12/11/2020,day,FALSE,169295,28,https://open.spotify.com/track/2We5ArmGEQBLJBddOHt8EN,0.648,0.863,4,-4.438,0,0.0599,0.000418,0.0127,0.282,0.743,132.936
Just Dance 2021,0svvvbTUgEy79F6Sxweyjo,Temperature,Sean Paul,The Trinity,26/09/2005,day,FALSE,216466,59,https://open.spotify.com/track/0svvvbTUgEy79F6Sxweyjo,0.951,0.597,0,-4.651,0,0.0669,0.104,0,0.0718,0.819,125.024
Just Dance 2021,6KzkqZqhUBEsWYJJa2aBOd,The Weekend - Radio Edit,Michael Gray,Analog Is On,01/06/2007,day,FALSE,192173,67,https://open.spotify.com/track/6KzkqZqhUBEsWYJJa2aBOd,0.686,0.832,4,-5.673,0,0.0725,0.000321,0.127,0.583,0.884,127.023
Just Dance 2021,24uc9MzhGgcPuIofqBpu7H,In the Navy,The Sunlight Shakers,In the Navy (Just Dance 2021 Original Creations & Covers),12/11/2020,day,FALSE,218274,22,https://open.spotify.com/track/24uc9MzhGgcPuIofqBpu7H,0.663,0.963,7,-3.684,0,0.107,0.0456,0,0.332,0.881,127.171
Just Dance 2021,73OTmqCIE7YJCsFBGlgEkZ,Volar (feat. Susan Diaz & Victor Cardenas),"Lele Pons, Susan Díaz & Victor Cardenas",Volar (feat. Susan Diaz & Victor Cardenas),12/03/2020,day,FALSE,182214,52,https://open.spotify.com/track/73OTmqCIE7YJCsFBGlgEkZ,0.8,0.726,5,-7.896,0,0.0511,0.0377,0.0167,0.146,0.402,128.084
Just Dance 2021,7lQ8MOhq6IN2w8EYcFNSUk,Without Me,Eminem,The Eminem Show,26/05/2002,day,TRUE,290320,88,https://open.spotify.com/track/7lQ8MOhq6IN2w8EYcFNSUk,0.908,0.669,7,-2.827,1,0.0738,0.00286,0,0.237,0.662,112.238
Just Dance 2021,2Q8yiVAQDkpWYMA8E17yI0,ZENIT,ONUKA,ZENIT,26/06/2019,day,FALSE,271189,38,https://open.spotify.com/track/2Q8yiVAQDkpWYMA8E17yI0,0.658,0.679,6,-5.766,1,0.0445,0.107,0.134,0.389,0.247,140.055
Just Dance 2021,4h4AEqy0iBbjdlbtWvIx5O,Get Get Down,Paul Johnson,Get Get Down,1999,year,FALSE,367786,58,https://open.spotify.com/track/4h4AEqy0iBbjdlbtWvIx5O,0.879,0.95,5,-6.375,0,0.0746,0.000161,0.806,0.0714,0.615,126.903
Just Dance 2021,3dsyqPDiWYYilRZNBxgxHE,Magenta Riddim,DJ Snake,Carte Blanche,25/07/2019,day,FALSE,194490,64,https://open.spotify.com/track/3dsyqPDiWYYilRZNBxgxHE,0.602,0.892,10,-3.66,0,0.0672,0.000393,0.813,0.304,0.57,102.047
Just Dance 2021,24ySl2hOPGCDcxBxFIqWBu,Rain On Me (with Ariana Grande),Lady Gaga & Ariana Grande,Rain On Me (with Ariana Grande),22/05/2020,day,FALSE,182200,75,https://open.spotify.com/track/24ySl2hOPGCDcxBxFIqWBu,0.672,0.855,9,-3.764,1,0.0397,0.021,0,0.323,0.646,123.056
Just Dance 2021,463PQggkmk5tTw8ug0ahOX,The Other Side (from Trolls World Tour),SZA & Justin Timberlake,The Other Side (from Trolls World Tour),26/02/2020,day,FALSE,188186,65,https://open.spotify.com/track/463PQggkmk5tTw8ug0ahOX,0.76,0.607,7,-6.274,1,0.0964,0.00277,0,0.132,0.709,105.979
Just Dance 2021,1ucAgkQ4EQDCSXQ2kEk99k,UNO,Little Big,UNO,12/03/2020,day,FALSE,160756,56,https://open.spotify.com/track/1ucAgkQ4EQDCSXQ2kEk99k,0.836,0.909,9,-5.037,1,0.0735,0.00204,0.00316,0.057,0.788,142.056
Just Dance 2021,0uIfrUwwg0Z7KTitul7E3T,YO LE LLEGO,J Balvin & Bad Bunny,OASIS,28/06/2019,day,FALSE,249600,67,https://open.spotify.com/track/0uIfrUwwg0Z7KTitul7E3T,0.785,0.792,9,-4.695,0,0.0641,0.0104,0,0.104,0.528,155.036
Just Dance 2021,2stkLJ0JNcXkIRDNF3ld6c,"You've Got a Friend in Me - From ""Toy Story""/Soundtrack Version",Randy Newman,Toy Story,01/01/1995,day,FALSE,124160,71,https://open.spotify.com/track/2stkLJ0JNcXkIRDNF3ld6c,0.689,0.333,0,-12.134,0,0.0307,0.817,5.13E-06,0.285,0.471,115.835
Just Dance 2020,7siYgJqhmhcP48M1RzmCUD,Ma Itù,Stella Mwangi,Ma Itù,27/09/2019,day,FALSE,179527,26,https://open.spotify.com/track/7siYgJqhmhcP48M1RzmCUD,0.778,0.732,11,-6.681,1,0.192,0.0134,8.36E-05,0.0679,0.775,127.111
Just Dance 2020,2XWjPtKdi5sucFYtVav07d,365,Zedd & Katy Perry,365,14/02/2019,day,FALSE,181899,66,https://open.spotify.com/track/2XWjPtKdi5sucFYtVav07d,0.745,0.693,2,-5.479,0,0.034,0.339,0,0.123,0.248,98.039
Just Dance 2020,6ocbgoVGwYJhOv1GgI9NsF,7 rings,Ariana Grande,"thank u, next",08/02/2019,day,TRUE,178626,84,https://open.spotify.com/track/6ocbgoVGwYJhOv1GgI9NsF,0.778,0.317,1,-10.732,0,0.334,0.592,0,0.0881,0.327,140.048
Just Dance 2020,00dAzMJPvfsazSWjr9dJbG,Always Look on the Bright Side of Life - From the Just Dance 2020 Original Game Soundtrack,The Frankie Bostello Orchestra,Always Look on the Bright Side of Life (From the Just Dance 2020 Original Game Soundtrack),28/02/2020,day,FALSE,203586,18,https://open.spotify.com/track/00dAzMJPvfsazSWjr9dJbG,0.562,0.369,6,-13.948,0,0.064,0.247,0.000929,0.0856,0.763,129.535
Just Dance 2020,5ygDXis42ncn6kYG14lEVG,Baby Shark,Pinkfong,Pinkfong Animal Songs,27/07/2017,day,FALSE,80927,76,https://open.spotify.com/track/5ygDXis42ncn6kYG14lEVG,0.829,0.886,8,-1.746,1,0.112,0.259,0,0.0559,0.777,115.056
Just Dance 2020,5st7Icvo5gsx5NGn1hpReV,Bad Boy,Riton & Kah-Lo,Foreign Ororo (Special Edition),26/10/2018,day,FALSE,184894,33,https://open.spotify.com/track/5st7Icvo5gsx5NGn1hpReV,0.712,0.85,1,-5.456,0,0.0504,0.0852,7.45E-05,0.071,0.88,121.978
Just Dance 2020,2Fxmhks0bxGSBdJ92vM42m,bad guy,Billie Eilish,"WHEN WE ALL FALL ASLEEP, WHERE DO WE GO?",29/03/2019,day,FALSE,194087,84,https://open.spotify.com/track/2Fxmhks0bxGSBdJ92vM42m,0.701,0.425,7,-10.965,1,0.375,0.328,0.13,0.1,0.562,135.128
Just Dance 2020,6VRhkROS2SZHGlp0pxndbJ,Bangarang (feat. Sirah),Skrillex & Sirah,Bangarang EP,27/12/2011,day,TRUE,215253,71,https://open.spotify.com/track/6VRhkROS2SZHGlp0pxndbJ,0.716,0.972,7,-2.302,1,0.196,0.0145,3.22E-05,0.317,0.576,110.026
Just Dance 2020,36hJ4qWU3bx0IqDPxxusg6,Bassa Sababa,Netta,Bassa Sababa (Global Remixes),14/09/2018,day,FALSE,178140,50,https://open.spotify.com/track/36hJ4qWU3bx0IqDPxxusg6,0.716,0.774,3,-4.451,0,0.0843,0.0116,0,0.119,0.741,123.942
Just Dance 2020,2qG5sZ7Si6sdK74qLxedYM,Con Altura,"ROSALÍA, J Balvin & El Guincho",Con Altura,28/03/2019,day,FALSE,161626,75,https://open.spotify.com/track/2qG5sZ7Si6sdK74qLxedYM,0.882,0.689,6,-4.027,1,0.124,0.39,0.00325,0.0501,0.746,97.963
Just Dance 2020,5w9c2J52mkdntKOmRLeM2m,Con Calma,Daddy Yankee & Snow,Con Calma,24/01/2019,day,FALSE,193226,80,https://open.spotify.com/track/5w9c2J52mkdntKOmRLeM2m,0.737,0.86,8,-2.652,0,0.0593,0.11,1.94E-06,0.0574,0.656,93.989
Just Dance 2020,4YJqM8HPcHHUHzanJ4kdjE,Everybody (Backstreet's Back),Millennium Alert,Just Dance (Original Creations & Covers from the Video Game),26/06/2020,day,FALSE,228410,24,https://open.spotify.com/track/4YJqM8HPcHHUHzanJ4kdjE,0.826,0.929,10,-4.476,0,0.05,0.0355,0.000392,0.0843,0.834,108.033
Just Dance 2020,0W5hTAWn8Tq0Qfhg1XP3YW,FANCY,TWICE,FANCY YOU,22/04/2019,day,FALSE,213880,0,https://open.spotify.com/track/0W5hTAWn8Tq0Qfhg1XP3YW,0.697,0.874,5,-2.15,0,0.045,0.0122,0,0.627,0.775,132.022
Just Dance 2020,24YW8RhBjRCX7fOWt3YlVR,Fancy Footwork,Chromeo,Fancy Footwork,30/07/2007,day,FALSE,198019,0,https://open.spotify.com/track/24YW8RhBjRCX7fOWt3YlVR,0.686,0.902,5,-3.154,0,0.0304,0.00575,0.0427,0.125,0.648,129.971
Just Dance 2020,312A8WfROSLvZbMDHBUPDp,Fit but You Know It,The Streets,A Grand Don't Come for Free,2004,year,TRUE,254266,60,https://open.spotify.com/track/312A8WfROSLvZbMDHBUPDp,0.68,0.844,6,-1.729,1,0.299,0.23,0,0.0305,0.895,172.302
Just Dance 2020,37nyZSTrfkGJLOu6rExsJ1,Get Busy,KOYOTIE,Land of the Living,11/01/2019,day,FALSE,186549,37,https://open.spotify.com/track/37nyZSTrfkGJLOu6rExsJ1,0.757,0.864,9,-4.293,1,0.0707,0.0102,0.00217,0.0701,0.759,125.009
Just Dance 2020,5OCJzvD7sykQEKHH7qAC3C,God is a woman,Ariana Grande,Sweetener,17/08/2018,day,TRUE,197546,79,https://open.spotify.com/track/5OCJzvD7sykQEKHH7qAC3C,0.602,0.658,1,-5.934,1,0.0558,0.0233,6.00E-05,0.237,0.268,145.031
Just Dance 2020,1rqqCSm0Qe4I9rUvWncaom,High Hopes,Panic! At The Disco,Pray for the Wicked,22/06/2018,day,FALSE,190946,82,https://open.spotify.com/track/1rqqCSm0Qe4I9rUvWncaom,0.579,0.904,5,-2.729,1,0.0618,0.193,0,0.064,0.681,82.014
Just Dance 2020,26EM9sZnQkLLQxixGd88KE,I Am The Best,2NE1,I Am The Best,09/12/2014,day,FALSE,208730,67,https://open.spotify.com/track/26EM9sZnQkLLQxixGd88KE,0.819,0.844,0,-3.739,1,0.038,0.00767,0.00834,0.056,0.687,127.997
Just Dance 2020,0hVXuCcriWRGvwMV1r5Yn9,I Don't Care (with Justin Bieber),Ed Sheeran & Justin Bieber,No.6 Collaborations Project,12/07/2019,day,FALSE,219946,75,https://open.spotify.com/track/0hVXuCcriWRGvwMV1r5Yn9,0.798,0.676,6,-5.041,1,0.0442,0.0902,0,0.0894,0.843,101.956
Just Dance 2020,58q2HKrzhC3ozto2nDdN4z,I Like It,"Cardi B, Bad Bunny & J Balvin",Invasion of Privacy,06/04/2018,day,TRUE,253390,80,https://open.spotify.com/track/58q2HKrzhC3ozto2nDdN4z,0.816,0.726,5,-3.998,0,0.129,0.099,0,0.372,0.65,136.048
Just Dance 2020,3Z0oQ8r78OUaHvGPiDBR3W,Into the Unknown,Idina Menzel & AURORA,Frozen 2 (Original Motion Picture Soundtrack/Deluxe Edition),15/11/2019,day,FALSE,194848,73,https://open.spotify.com/track/3Z0oQ8r78OUaHvGPiDBR3W,0.323,0.405,10,-8.533,0,0.0413,0.849,0.000544,0.138,0.274,145.104
Just Dance 2020,5BMVzvtBplyMK6E5o8RFXc,Just an Illusion - From the Just Dance 2020 Original Game Soundtrack,Equinox Stars,Just an Illusion (From the Just Dance 2020 Original Game Soundtrack),28/02/2020,day,FALSE,212378,16,https://open.spotify.com/track/5BMVzvtBplyMK6E5o8RFXc,0.797,0.3,6,-13.474,0,0.0407,0.0537,0.000723,0.0612,0.666,104.278
Just Dance 2020,4GFs5MCxilqSrWLTQkPOtR,Keep in Touch,JD McCrary,Keep in Touch,25/01/2019,day,FALSE,196864,31,https://open.spotify.com/track/4GFs5MCxilqSrWLTQkPOtR,0.602,0.825,2,-4.102,1,0.281,0.635,0,0.209,0.56,89.62
Just Dance 2020,18PergoIrGmRyeYxnaXJN2,Kill This Love,BLACKPINK,KILL THIS LOVE,05/04/2019,day,FALSE,189052,3,https://open.spotify.com/track/18PergoIrGmRyeYxnaXJN2,0.738,0.861,2,-4.141,1,0.237,0.318,0.00182,0.325,0.58,131.98
Just Dance 2020,3GOx9r2QuzmHkkBnIiPMDa,Le bal masqué - From the Just Dance 2020 Original Game Soundtrack,Dr. Creole,Le bal masqué (From the Just Dance 2020 Original Game Soundtrack),28/02/2020,day,FALSE,212895,8,https://open.spotify.com/track/3GOx9r2QuzmHkkBnIiPMDa,0.733,0.667,9,-11.205,1,0.037,0.0136,2.29E-06,0.0729,0.722,121.719
Just Dance 2020,4gQe7RzqRVBFHe3mEFHVQh,My New Swag (feat. Ty. & Nina Wang),"VaVa, Nina Wang & Ty.",Crazy Rich Asians (Original Motion Picture Soundtrack),10/08/2018,day,FALSE,245266,42,https://open.spotify.com/track/4gQe7RzqRVBFHe3mEFHVQh,0.585,0.756,6,-8.729,0,0.212,0.0765,3.62E-05,0.151,0.647,179.904
Just Dance 2020,0F7FA14euOIX8KcbEturGH,Old Town Road,Lil Nas X,7 EP,21/06/2019,day,FALSE,113000,77,https://open.spotify.com/track/0F7FA14euOIX8KcbEturGH,0.907,0.53,1,-6.112,1,0.127,0.0578,2.23E-06,0.101,0.507,135.998
Just Dance 2020,1WOWzl9ZRkUd101hZpQMqr,Policeman - Radio Edit,Eva Simons & Konshens,Policeman,15/05/2015,day,FALSE,194000,33,https://open.spotify.com/track/1WOWzl9ZRkUd101hZpQMqr,0.635,0.959,4,-1.568,0,0.134,0.0419,1.41E-06,0.301,0.85,104.694
Just Dance 2020,5RpI4bWQCKrftzRgRXIKYz,Rain Over Me (feat. Marc Anthony),Pitbull & Marc Anthony,Rain Over Me (feat. Marc Anthony),10/06/2011,day,FALSE,231573,22,https://open.spotify.com/track/5RpI4bWQCKrftzRgRXIKYz,0.612,0.908,5,-2.105,1,0.0648,0.00502,0,0.821,0.272,127.906
Just Dance 2020,4F4TGsDYacEbw4PLAIyJ2e,Skibidi,Little Big,"Antipositive, Pt. 2",05/10/2018,day,FALSE,163282,57,https://open.spotify.com/track/4F4TGsDYacEbw4PLAIyJ2e,0.872,0.758,0,-6.006,1,0.0542,8.14E-05,0.387,0.0632,0.91,131.995
Just Dance 2020,6HtVFR6WAeJRgYtleNcEE8,Só Depois do Carnaval,Lexa,Só Depois do Carnaval,31/01/2019,day,FALSE,166666,50,https://open.spotify.com/track/6HtVFR6WAeJRgYtleNcEE8,0.833,0.917,8,-3.189,0,0.0752,0.388,2.39E-05,0.293,0.882,143.986
Just Dance 2020,4Egb5xP6cniUx0kgZd5zLB,Soy Yo,Bomba Estéreo,Amanecer,02/06/2015,day,FALSE,159800,62,https://open.spotify.com/track/4Egb5xP6cniUx0kgZd5zLB,0.887,0.581,11,-7.632,0,0.172,0.0396,0.000198,0.0788,0.786,117.042
Just Dance 2020,6lZ4mOa8xMo0o1U1qL2w3U,Stop Movin',Royal Republic,Club Majesty,31/05/2019,day,FALSE,178426,41,https://open.spotify.com/track/6lZ4mOa8xMo0o1U1qL2w3U,0.496,0.914,11,-4.341,1,0.0896,0.0012,0.0281,0.0776,0.696,161.025
Just Dance 2020,3yV0Xkg83ugibATVNgwUc8,Sushi,Merk & Kremont,Sushi,03/12/2018,day,FALSE,168870,47,https://open.spotify.com/track/3yV0Xkg83ugibATVNgwUc8,0.773,0.952,7,-5.314,1,0.25,0.00482,0.000885,0.0795,0.619,124.006
Just Dance 2020,0KoiMHhqKLoL4xM54rcWYY,"Taki Taki (feat. Selena Gomez, Ozuna & Cardi B)",Various Artists,Carte Blanche,25/07/2019,day,TRUE,212500,73,https://open.spotify.com/track/0KoiMHhqKLoL4xM54rcWYY,0.842,0.801,8,-4.167,0,0.228,0.157,4.82E-06,0.0642,0.617,95.881
Just Dance 2020,0rTV5WefWd1J3OwIheTzxM,Talk,Khalid & Disclosure,Talk,07/02/2019,day,FALSE,197487,70,https://open.spotify.com/track/0rTV5WefWd1J3OwIheTzxM,0.9,0.4,0,-8.443,1,0.124,0.0501,0,0.0876,0.338,136.001
Just Dance 2020,7vWFaMq63AwkFDhS2OAg5u,The Time (Dirty Bit),Black Eyed Peas,The Beginning (Deluxe),01/01/2010,day,FALSE,307640,71,https://open.spotify.com/track/7vWFaMq63AwkFDhS2OAg5u,0.816,0.813,6,-7.798,0,0.0664,0.0662,2.77E-06,0.602,0.436,127.979
Just Dance 2020,0wn2jM7iyik7VMtCO9R7bx,Vodovorot,XS Project,Vodovorot,19/03/2018,day,FALSE,255471,43,https://open.spotify.com/track/0wn2jM7iyik7VMtCO9R7bx,0.744,0.88,7,-4.242,1,0.128,9.48E-05,0.859,0.0431,0.814,149.991
Just Dance 2020,0cONHWTIfgEpAuVwbbwGgc,Ugly Beauty,Jolin Tsai,Ugly Beauty,25/12/2018,day,FALSE,182343,50,https://open.spotify.com/track/0cONHWTIfgEpAuVwbbwGgc,0.767,0.625,11,-7.43,0,0.18,0.0264,2.03E-06,0.122,0.58,97.985
Just Dance 2020,0QIRm9sUkGnezGznkWCqCo,BANG BANG BANG,BIGBANG,MADE,13/12/2016,day,FALSE,220238,0,https://open.spotify.com/track/0QIRm9sUkGnezGznkWCqCo,0.694,0.832,5,-3.038,0,0.0598,0.0192,0,0.355,0.424,135.011
Just Dance 2020,7pBBypRRRhCloyONPGldCG,Built For This,Becky G,Play It Again,16/07/2013,day,FALSE,189800,39,https://open.spotify.com/track/7pBBypRRRhCloyONPGldCG,0.74,0.798,8,-6.101,1,0.0609,0.157,0.0106,0.113,0.348,104.008
Just Dance 2020,1Q2aClEaUlIuIHFiuBoFCO,California Gurls,Katy Perry & Snoop Dogg,Teenage Dream,01/01/2010,day,FALSE,234653,44,https://open.spotify.com/track/1Q2aClEaUlIuIHFiuBoFCO,0.788,0.753,0,-3.71,1,0.0536,0.0038,0,0.18,0.403,125.005
Just Dance 2020,22Lg6vvMS2JC07aAjsGvtU,Hot N Cold,Katy Perry,Hot N Cold,09/09/2008,day,FALSE,223226,53,https://open.spotify.com/track/22Lg6vvMS2JC07aAjsGvtU,0.702,0.839,7,-3.992,1,0.0439,8.10E-05,0,0.072,0.856,132.007
Just Dance 2020,4UKJUbcuStnnxLeJmVJsSc,Lean On,"Major Lazer, MØ & DJ Snake",Peace Is The Mission (Extended),27/11/2015,day,FALSE,176561,56,https://open.spotify.com/track/4UKJUbcuStnnxLeJmVJsSc,0.723,0.809,7,-3.081,0,0.0625,0.00346,0.00123,0.565,0.274,98.007
Just Dance 2020,5lWSa1rmuSL6OBPOnkAqoa,Rasputin,Boney M.,Daddy Cool,14/03/1994,day,FALSE,220666,71,https://open.spotify.com/track/5lWSa1rmuSL6OBPOnkAqoa,0.69,0.752,6,-11.47,0,0.0455,0.463,0.00102,0.595,0.97,126.005
Just Dance 2020,3OtMnyUaiipcAT23A8liyi,Swish Swish,Katy Perry & Nicki Minaj,Witness (Deluxe),09/06/2017,day,TRUE,242520,68,https://open.spotify.com/track/3OtMnyUaiipcAT23A8liyi,0.838,0.705,5,-5.201,0,0.0449,0.0184,1.82E-05,0.102,0.583,119.953
Just Dance 2020,3ZYO0HGRFFdAGeb8o7F9KC,"You're The First, The Last, My Everything - Single Version",Barry White,"You're The First, The Last, My Everything",23/03/2018,day,FALSE,212906,68,https://open.spotify.com/track/3ZYO0HGRFFdAGeb8o7F9KC,0.631,0.713,5,-7.124,1,0.0311,0.00204,0.000344,0.414,0.891,130.949
Just Dance 2019,1p57K0vMB3TQ5Uh8aEj8ci,Fire on the Floor,Michelle Delamor,Fire on the Floor,21/07/2018,day,FALSE,185346,28,https://open.spotify.com/track/1p57K0vMB3TQ5Uh8aEj8ci,0.815,0.756,11,-5.848,0,0.109,0.119,0.000314,0.127,0.545,100.986
Just Dance 2019,6CBwm6YmJVwdwHt5Je0JUI,New Reality,Gigi Rowe,New Reality,21/07/2018,day,FALSE,207874,25,https://open.spotify.com/track/6CBwm6YmJVwdwHt5Je0JUI,0.719,0.88,1,-6.508,1,0.0349,0.0205,0.056,0.287,0.976,127.014
Just Dance 2019,5Vqo87xPtxKMtyyZZeGeT7,OMG - Radio Edit,Arash & Snoop Dogg,OMG,20/05/2016,day,FALSE,181213,40,https://open.spotify.com/track/5Vqo87xPtxKMtyyZZeGeT7,0.69,0.875,0,-4.207,1,0.0754,0.137,1.22E-05,0.433,0.533,113.935
Just Dance 2019,7gcMKL3lnDxsp4bIXyv6Zk,Shaky Shaky,Daddy Yankee,Shaky Shaky,08/04/2016,day,FALSE,234320,64,https://open.spotify.com/track/7gcMKL3lnDxsp4bIXyv6Zk,0.899,0.626,6,-4.228,0,0.292,0.076,0,0.0631,0.873,88.007
Just Dance 2019,0lOvZwNeKZYX3kRaE7R0Yw,Rhythm of the Night,Ultraclub 90,Just Dance (Original Creations & Covers from the Video Game),26/06/2020,day,FALSE,208908,19,https://open.spotify.com/track/0lOvZwNeKZYX3kRaE7R0Yw,0.738,0.915,8,-7.793,1,0.0327,0.00847,0.0358,0.111,0.461,127.818
Just Dance 2019,0Wfabge2M5GOoVYOMwDe1t,Where Are You Now? (feat. Wiley),Lady Leshurr & Wiley,Where Are You Now? (feat. Wiley),06/07/2016,day,FALSE,195600,41,https://open.spotify.com/track/0Wfabge2M5GOoVYOMwDe1t,0.774,0.794,1,-3.984,0,0.33,0.272,0,0.187,0.853,149.871
Just Dance 2019,0QIRm9sUkGnezGznkWCqCo,BANG BANG BANG,BIGBANG,MADE,13/12/2016,day,FALSE,220238,0,https://open.spotify.com/track/0QIRm9sUkGnezGznkWCqCo,0.694,0.832,5,-3.038,0,0.0598,0.0192,0,0.355,0.424,135.011
Just Dance 2019,3KliPMvk1EvFZu9cvkj8p1,Work Bitch,Britney Spears,Britney Jean (Deluxe Version),30/11/2013,day,TRUE,247960,71,https://open.spotify.com/track/3KliPMvk1EvFZu9cvkj8p1,0.629,0.824,9,-6.53,1,0.159,0.155,0.000628,0.0651,0.852,128.01
Just Dance 2019,2wKOoMViEQgojvqRVybxK8,Mama Mia - Radio Edit,Mayra Veronica,Mama Mia,12/07/2013,day,FALSE,173840,34,https://open.spotify.com/track/2wKOoMViEQgojvqRVybxK8,0.616,0.975,6,-2.639,0,0.183,0.0476,9.77E-05,0.0429,0.684,128.907
Just Dance 2019,1DJORK0xfiFc7wQXl5PgVZ,Fire (feat. Mike Diamondz),LLP & Mike Diamondz,Bachata Reggaeton Hits 2018 : Toutes les bombes du son Bachata Reggaeton,02/02/2018,day,FALSE,207866,0,https://open.spotify.com/track/1DJORK0xfiFc7wQXl5PgVZ,0.749,0.948,7,-5.091,1,0.0677,0.083,0.00021,0.0578,0.611,109.976
Just Dance 2019,0M5CH4cwuYY9P8QZ0ivTzX,I'm Still Standing,Top Culture,Just Dance (Original Creations & Covers from the Video Game),26/06/2020,day,FALSE,181290,20,https://open.spotify.com/track/0M5CH4cwuYY9P8QZ0ivTzX,0.383,0.911,10,-5.526,0,0.245,0.00168,0.0534,0.148,0.627,177.094
Just Dance 2019,4TuNI3WEMyLQAKRMJmcQdA,Narco,Blasterjaxx & Timmy Trumpet,Narco,13/11/2017,day,FALSE,208634,60,https://open.spotify.com/track/4TuNI3WEMyLQAKRMJmcQdA,0.764,0.943,8,-4.047,1,0.0711,0.00784,0.104,0.0699,0.207,129.961
Just Dance 2019,3dhjNA0jGA8vHBQ1VdD6vV,I Feel It Coming,The Weeknd & Daft Punk,Starboy,25/11/2016,day,FALSE,269186,80,https://open.spotify.com/track/3dhjNA0jGA8vHBQ1VdD6vV,0.773,0.819,0,-5.946,0,0.118,0.428,0,0.0679,0.585,92.987
Just Dance 2019,5Wua0tbaxWk2X1O8g63u4P,Adeyyo,Ece Seçkin,Zamanim Yok,04/07/2016,day,FALSE,224905,46,https://open.spotify.com/track/5Wua0tbaxWk2X1O8g63u4P,0.724,0.926,4,-4.683,0,0.0552,0.0419,8.62E-06,0.554,0.684,94.993
Just Dance 2019,3Vo4wInECJQuz9BIBMOu8i,Finesse - Remix; feat. Cardi B,Bruno Mars & Cardi B,Finesse (Remix) [feat. Cardi B],20/12/2017,day,FALSE,217288,75,https://open.spotify.com/track/3Vo4wInECJQuz9BIBMOu8i,0.704,0.859,5,-4.877,0,0.0996,0.0185,0,0.0215,0.926,105.115
Just Dance 2019,1rfofaqEpACxVEHIZBJe6W,Havana (feat. Young Thug),Camila Cabello & Young Thug,Camila,12/01/2018,day,FALSE,217306,81,https://open.spotify.com/track/1rfofaqEpACxVEHIZBJe6W,0.765,0.523,2,-4.333,1,0.03,0.184,3.56E-05,0.132,0.394,104.988
Just Dance 2019,7KCcCL9RFrtiE22dOPDZN6,Mi Mi Mi,Hit The Electro Beat,Just Dance (Original Creations & Covers from the Video Game),26/06/2020,day,FALSE,195015,48,https://open.spotify.com/track/7KCcCL9RFrtiE22dOPDZN6,0.907,0.501,11,-5.965,0,0.0964,0.000761,0.113,0.186,0.872,126.024
Just Dance 2019,6CBwm6YmJVwdwHt5Je0JUI,New Reality,Gigi Rowe,New Reality,21/07/2018,day,FALSE,207874,25,https://open.spotify.com/track/6CBwm6YmJVwdwHt5Je0JUI,0.719,0.88,1,-6.508,1,0.0349,0.0205,0.056,0.287,0.976,127.014
Just Dance 2019,2gBQ35qqBE75t00kV221Xy,New World,"Krewella, Yellow Claw & Taylor Bennett",New World,18/09/2017,day,FALSE,161963,52,https://open.spotify.com/track/2gBQ35qqBE75t00kV221Xy,0.681,0.768,6,-4.356,0,0.0774,0.0314,0,0.0839,0.718,162.976
Just Dance 2019,3soOPBuMK8YMdWnV7xpEyf,Mad Love,"Sean Paul, David Guetta & Becky G",Mad Love,15/02/2018,day,FALSE,199944,58,https://open.spotify.com/track/3soOPBuMK8YMdWnV7xpEyf,0.793,0.824,2,-3.476,1,0.177,0.006,3.29E-06,0.169,0.611,98.019
Just Dance 2019,36482hNESSwELpr9sS3NbE,A Little Party Never Killed Nobody (All We Got),"Fergie, Q-Tip & GoonRock",Music From Baz Luhrmann's Film The Great Gatsby (International Streaming Version),01/01/2013,day,FALSE,241306,62,https://open.spotify.com/track/36482hNESSwELpr9sS3NbE,0.761,0.619,5,-5.741,0,0.175,0.00959,3.18E-06,0.0896,0.516,129.998
Just Dance 2019,4d9GVZP50tSxTfBvHEHUPx,Water Me,Lizzo,Water Me,17/08/2017,day,FALSE,185594,0,https://open.spotify.com/track/4d9GVZP50tSxTfBvHEHUPx,0.67,0.966,3,-1.994,0,0.177,0.0292,0,0.185,0.77,113.046
Just Dance 2019,2c1DUQ0kz07V4gMkDjLZ0W,Not Your Ordinary,Stella Mwangi,Not Your Ordinary,17/01/2018,day,FALSE,173036,8,https://open.spotify.com/track/2c1DUQ0kz07V4gMkDjLZ0W,0.811,0.727,5,-5.825,0,0.0936,0.00363,0.0106,0.0596,0.634,107.065
Just Dance 2019,2iuZJX9X9P0GKaE93xcPjk,Sugar,Maroon 5,V,02/09/2014,day,TRUE,235493,81,https://open.spotify.com/track/2iuZJX9X9P0GKaE93xcPjk,0.748,0.788,1,-7.055,1,0.0334,0.0591,0,0.0863,0.884,120.076
Just Dance 2019,7meNfXvVQYkqD95KJYDqjO,Milosc w Zakopanem,Slawomir,The greatest hits,07/04/2017,day,FALSE,225481,51,https://open.spotify.com/track/7meNfXvVQYkqD95KJYDqjO,0.488,0.944,2,-4.675,0,0.0878,0.00136,0,0.339,0.763,79.041
Just Dance 2019,6w1irq9ETctdDxmHxUxpGT,Sweet Sensation,Flo Rida,Sweet Sensation,30/03/2018,day,FALSE,198111,48,https://open.spotify.com/track/6w1irq9ETctdDxmHxUxpGT,0.657,0.862,10,-4.205,0,0.116,0.00447,0.00272,0.209,0.55,112.96
Just Dance 2019,0OFknyqxmSQ42SoKxWVTok,Un Poco Loco,Anthony Gonzalez & Gael Garcia Bernal,Coco (Original Motion Picture Soundtrack),10/11/2017,day,FALSE,112205,70,https://open.spotify.com/track/0OFknyqxmSQ42SoKxWVTok,0.62,0.496,7,-7.509,1,0.133,0.597,1.36E-05,0.322,0.636,126.032
Just Dance 2019,6n2eIfLj0wOOUkUfNmYzlh,Toy,Netta,Toy,23/05/2018,day,FALSE,180230,64,https://open.spotify.com/track/6n2eIfLj0wOOUkUfNmYzlh,0.786,0.712,3,-5.349,0,0.0678,0.0706,0,0.236,0.795,130.144
Just Dance 2019,2qT1uLXPVPzGgFOx4jtEuo,no tears left to cry,Ariana Grande,Sweetener,17/08/2018,day,FALSE,205920,78,https://open.spotify.com/track/2qT1uLXPVPzGgFOx4jtEuo,0.699,0.713,9,-5.507,0,0.0594,0.04,3.11E-06,0.294,0.354,121.993
Just Dance 2019,0Y4hwUppbGc8aIBmiTz30A,Familiar,Liam Payne & J Balvin,Familiar,20/04/2018,day,FALSE,196552,60,https://open.spotify.com/track/0Y4hwUppbGc8aIBmiTz30A,0.636,0.805,9,-4.594,1,0.327,0.0161,0,0.0793,0.908,92.958
Just Dance 2019,7ef4DlsgrMEH11cDZd32M6,One Kiss (with Dua Lipa),Calvin Harris & Dua Lipa,One Kiss (with Dua Lipa),06/04/2018,day,FALSE,214846,91,https://open.spotify.com/track/7ef4DlsgrMEH11cDZd32M6,0.791,0.862,9,-3.24,0,0.11,0.037,2.19E-05,0.0814,0.592,123.994
Just Dance 2019,6Sf2YqGzNmVfSNpLFWuYbz,Rave in the Grave,AronChupa & Little Sis Nora,Rave in the Grave,04/05/2018,day,FALSE,162732,61,https://open.spotify.com/track/6Sf2YqGzNmVfSNpLFWuYbz,0.762,0.724,11,-6.309,0,0.0624,0.138,7.71E-05,0.187,0.775,132.051
Just Dance 2019,6XlSyYFTU1nodeWwwzVgTV,Sangria Wine,Pharrell Williams & Camila Cabello,Sangria Wine,18/05/2018,day,FALSE,202853,57,https://open.spotify.com/track/6XlSyYFTU1nodeWwwzVgTV,0.831,0.713,1,-3.646,0,0.094,0.181,0,0.0572,0.69,132.109
Just Dance 2019,4178A5NkEjcsGc64jpBO6d,Calypso,Luis Fonsi & Stefflon Don,Calypso,14/06/2018,day,FALSE,200346,59,https://open.spotify.com/track/4178A5NkEjcsGc64jpBO6d,0.866,0.859,1,-3.087,0,0.0587,0.138,0,0.401,0.923,109.972
Just Dance 2019,6h3lMAmmpQDFqoHk9F99IR,S.L.U.T.,Bea Miller,aurora,23/02/2018,day,FALSE,179146,68,https://open.spotify.com/track/6h3lMAmmpQDFqoHk9F99IR,0.722,0.773,5,-4.378,0,0.0792,0.0598,0,0.179,0.724,94.997
Just Dance 2019,7b8YOVV5quZcSKEijDgyWB,DDU-DU DDU-DU,BLACKPINK,SQUARE UP,15/06/2018,day,FALSE,209355,1,https://open.spotify.com/track/7b8YOVV5quZcSKEijDgyWB,0.671,0.859,4,-3.922,0,0.0833,0.0313,0,0.267,0.39,139.931
Just Dance 2019,6BCMdpvtRDbgZwpqnP0a5h,Ça plane pour moi,Bob Platine,Just Dance (Original Creations & Covers from the Video Game),26/06/2020,day,FALSE,179345,14,https://open.spotify.com/track/6BCMdpvtRDbgZwpqnP0a5h,0.48,0.868,10,-5.323,0,0.0492,0.0442,6.06E-05,0.08,0.695,165.907
Just Dance 2019,3VhIlnjnpEgOjVdLHdlCoV,Obsesión,Aventura & Judy Santos,"Mientras Haya Vida, Porque Lo Ultimo Que Queda Es la Esperanza (Música de la Serie Original de Tv)",10/02/2017,day,FALSE,252320,30,https://open.spotify.com/track/3VhIlnjnpEgOjVdLHdlCoV,0.811,0.489,1,-9.494,0,0.0422,0.382,0,0.0659,0.797,133.698
Just Dance 2019,79GsUxLyzxgnN4I1E11dtO,Make Me Feel,Janelle Monáe,Make Me Feel,22/02/2018,day,TRUE,194230,43,https://open.spotify.com/track/79GsUxLyzxgnN4I1E11dtO,0.859,0.413,1,-7.399,1,0.182,0.132,0,0.334,0.697,115.035
Just Dance 2019,1bfgrMjSvL5vdP4mP8YZN8,Hala Bel Khamis,Maan Barghouth,Hala Bel Khamis,22/03/2018,day,FALSE,187946,0,https://open.spotify.com/track/1bfgrMjSvL5vdP4mP8YZN8,0.699,0.804,8,-5.15,1,0.148,0.272,0,0.132,0.922,92.06
Just Dance 2019,6k2900NjJeVqZM55G3Danu,Bum Bum Tam Tam,Various Artists,Bum Bum Tam Tam,15/12/2017,day,TRUE,213988,70,https://open.spotify.com/track/6k2900NjJeVqZM55G3Danu,0.896,0.675,1,-3.908,1,0.124,0.346,8.11E-06,0.262,0.659,131.999
Just Dance 2019,2ekn2ttSfGqwhhate0LSR0,New Rules,Dua Lipa,Dua Lipa (Deluxe),02/06/2017,day,FALSE,209320,81,https://open.spotify.com/track/2ekn2ttSfGqwhhate0LSR0,0.762,0.7,9,-6.021,0,0.0694,0.00261,1.56E-05,0.153,0.608,116.073
Just Dance 2019,6XlSyYFTU1nodeWwwzVgTV,Sangria Wine,Pharrell Williams & Camila Cabello,Sangria Wine,18/05/2018,day,FALSE,202853,57,https://open.spotify.com/track/6XlSyYFTU1nodeWwwzVgTV,0.831,0.713,1,-3.646,0,0.094,0.181,0,0.0572,0.69,132.109
Just Dance 2018,7HALIbZdZHbKdXH64LBG4h,All You Gotta Do (Is Just Dance),The Just Dance Band,All You Gotta Do (Is Just Dance),13/09/2017,day,FALSE,260440,35,https://open.spotify.com/track/7HALIbZdZHbKdXH64LBG4h,0.654,0.739,9,-4.895,1,0.0877,0.141,0,0.202,0.612,120.024
Just Dance 2018,2kVHAQKVtczchKctctzbtK,Swish Swish,Katy Perry & Nicki Minaj,Witness,09/06/2017,day,TRUE,242510,0,https://open.spotify.com/track/2kVHAQKVtczchKctctzbtK,0.836,0.716,5,-5.211,0,0.0549,0.0196,1.83E-05,0.101,0.534,119.938
Just Dance 2018,3wk0wpKHxdPDQvkHkxqNix,John Wayne,Lady Gaga,Joanne (Deluxe),21/10/2016,day,FALSE,174306,0,https://open.spotify.com/track/3wk0wpKHxdPDQvkHkxqNix,0.604,0.655,11,-5.829,0,0.0313,0.00118,0.000353,0.343,0.503,96.947
Just Dance 2018,4DqItVQZ7g75V5LTVmNiF1,Daddy Cool,The Lemon Cubes,Just Dance (Original Creations & Covers from the Video Game),26/06/2020,day,FALSE,209177,19,https://open.spotify.com/track/4DqItVQZ7g75V5LTVmNiF1,0.735,0.796,3,-6.884,1,0.0372,0.0123,0.754,0.292,0.96,124.695
Just Dance 2018,0BZxmGBMPQcIuY59Yary2q,Make It Jingle,Big Freedia,Office Christmas Party (Original Motion Picture Soundtrack),09/12/2016,day,TRUE,190693,0,https://open.spotify.com/track/0BZxmGBMPQcIuY59Yary2q,0.749,0.902,7,-5.34,1,0.24,0.0689,0,0.364,0.483,99.991
Just Dance 2018,6b8Be6ljOzmkOmFslEb23P,24K Magic,Bruno Mars,24K Magic,17/11/2016,day,FALSE,225983,79,https://open.spotify.com/track/6b8Be6ljOzmkOmFslEb23P,0.818,0.803,1,-4.282,1,0.0797,0.034,0,0.153,0.632,106.97
Just Dance 2018,20nmxXO5YSmZ6llRemdSVk,Got That,Gigi Rowe,Got That,15/09/2017,day,FALSE,209230,20,https://open.spotify.com/track/20nmxXO5YSmZ6llRemdSVk,0.803,0.516,10,-8.085,1,0.0538,0.0458,0.00132,0.0746,0.934,116.981
Just Dance 2018,4pLwZjInHj3SimIyN9SnOz,Side To Side,Ariana Grande & Nicki Minaj,Dangerous Woman,20/05/2016,day,TRUE,226160,0,https://open.spotify.com/track/4pLwZjInHj3SimIyN9SnOz,0.648,0.738,6,-5.883,0,0.247,0.0408,0,0.292,0.603,159.145
Just Dance 2018,6Pw3Gvw4wNMZfTYZa6IQal,The Way I Are (Dance with Somebody) (feat. Lil Wayne) - Spotify Version,Bebe Rexha & Lil Wayne,The Way I Are (Dance With Somebody) [feat. Lil Wayne],18/05/2017,day,FALSE,187787,0,https://open.spotify.com/track/6Pw3Gvw4wNMZfTYZa6IQal,0.466,0.659,2,-6.077,1,0.115,0.00282,0,0.273,0.36,186.169
Just Dance 2018,4aWmUDTfIPGksMNLV2rQP2,Despacito (Featuring Daddy Yankee),Luis Fonsi & Daddy Yankee,Despacito (Featuring Daddy Yankee),13/01/2017,day,FALSE,228200,1,https://open.spotify.com/track/4aWmUDTfIPGksMNLV2rQP2,0.66,0.786,2,-4.757,1,0.17,0.209,0,0.112,0.846,177.833
Just Dance 2018,5FtemlIkp2H50ezo5DvMY3,Blue (Da Ba Dee),Hit The Electro Beat,Just Dance (Original Creations & Covers from the Video Game),26/06/2020,day,FALSE,222185,41,https://open.spotify.com/track/5FtemlIkp2H50ezo5DvMY3,0.776,0.974,7,-7.017,0,0.0369,0.0235,0.00178,0.343,0.881,128.033
Just Dance 2018,5knuzwU65gJK7IF5yJsuaW,Rockabye (feat. Sean Paul & Anne-Marie),"Clean Bandit, Sean Paul & Anne-Marie",Rockabye (feat. Sean Paul & Anne-Marie),21/10/2016,day,FALSE,251088,76,https://open.spotify.com/track/5knuzwU65gJK7IF5yJsuaW,0.72,0.763,9,-4.068,0,0.0523,0.406,0,0.18,0.742,101.965
Just Dance 2018,1sCxVKWImDZSZKvG0U9B23,Bad Liar,Selena Gomez,Bad Liar,18/05/2017,day,FALSE,214647,0,https://open.spotify.com/track/1sCxVKWImDZSZKvG0U9B23,0.953,0.41,1,-6.543,1,0.0705,0.175,0,0.0768,0.718,121.074
Just Dance 2018,6twol6GKjrxZ4sBr5Xg6WY,Automaton,Jamiroquai,Automaton,27/01/2017,day,FALSE,287960,0,https://open.spotify.com/track/6twol6GKjrxZ4sBr5Xg6WY,0.715,0.908,11,-6.983,1,0.0469,0.0242,0.00626,0.059,0.701,107.99
Just Dance 2018,59JkwCdGIMTZYb0j75vebU,Bubble Pop!,HyunA,Bubble Pop!,05/07/2011,day,FALSE,212244,56,https://open.spotify.com/track/59JkwCdGIMTZYb0j75vebU,0.84,0.871,10,-4.662,0,0.0639,0.0842,0.00392,0.285,0.767,146.005
Just Dance 2018,6mICuAdrwEjh6Y6lroV2Kg,Chantaje (feat. Maluma),Shakira & Maluma,El Dorado,26/05/2017,day,FALSE,195840,77,https://open.spotify.com/track/6mICuAdrwEjh6Y6lroV2Kg,0.852,0.773,8,-2.921,0,0.0776,0.187,3.05E-05,0.159,0.907,102.034
Just Dance 2018,0YGQ3hZcRLC5YX7o0hdmHg,Naughty Girl,Beyoncé,Dangerously In Love,24/06/2003,day,FALSE,208573,64,https://open.spotify.com/track/0YGQ3hZcRLC5YX7o0hdmHg,0.588,0.461,6,-8.686,0,0.161,0.237,1.54E-05,0.0913,0.659,200.053
Just Dance 2018,2YMyVYNLmFDD0KGtNkkgFa,Kissing Strangers,DNCE & Nicki Minaj,Kissing Strangers,14/04/2017,day,TRUE,202480,0,https://open.spotify.com/track/2YMyVYNLmFDD0KGtNkkgFa,0.776,0.741,7,-5.804,1,0.041,0.0506,0,0.0701,0.854,120.079
Just Dance 2018,7kJlTKjNZVT26iwiDUVhRm,Blow Your Mind (Mwah),Dua Lipa,Blow Your Mind (Mwah),26/08/2016,day,TRUE,178583,68,https://open.spotify.com/track/7kJlTKjNZVT26iwiDUVhRm,0.654,0.796,2,-4.761,0,0.122,0.0188,0,0.0948,0.491,108.854
Just Dance 2018,4MwAytMqhDMl29ybpVGYRR,Itsy Bitsy Teenie Weenie Yellow Polka Dot Bikini,The Sunlight Shakers,Just Dance (Original Creations & Covers from the Video Game),26/06/2020,day,FALSE,143074,16,https://open.spotify.com/track/4MwAytMqhDMl29ybpVGYRR,0.759,0.631,2,-7.571,1,0.0487,0.59,0,0.101,0.96,121.959
Just Dance 2018,6R15sXb3qRfJOsIbt1vS2a,Beep Beep I'm a Sheep,"LilDeuceDeuce, TomSka & Black Gryph0n",Beep Beep I'm a Sheep,31/03/2017,day,FALSE,131904,53,https://open.spotify.com/track/6R15sXb3qRfJOsIbt1vS2a,0.811,0.794,11,-3.324,0,0.0845,0.0491,0,0.236,0.97,125.987
Just Dance 2018,3qercJ2Z0S5wz6p3rjrQog,Dharma,Headhunterz & KSHMR,Dharma,27/06/2016,day,FALSE,182343,0,https://open.spotify.com/track/3qercJ2Z0S5wz6p3rjrQog,0.331,0.919,3,-4.707,0,0.452,0.0367,0.000759,0.124,0.389,191.112
Just Dance 2018,2Cd9iWfcOpGDHLz6tVA3G4,Waka Waka (This Time for Africa) [The Official 2010 FIFA World Cup (TM) Song] (feat. Freshlyground),Shakira & Freshlyground,Waka Waka (This Time for Africa) [The Official 2010 FIFA World Cup (TM) Song] (feat. Freshlyground),07/05/2010,day,FALSE,202626,80,https://open.spotify.com/track/2Cd9iWfcOpGDHLz6tVA3G4,0.766,0.873,11,-6.381,0,0.143,0.00627,0,0.0764,0.743,126.988
Just Dance 2018,6RotBIo70VVzEcOhvgJGPC,Diggy,Spencer Ludwig,Diggy,22/07/2016,day,FALSE,201433,34,https://open.spotify.com/track/6RotBIo70VVzEcOhvgJGPC,0.762,0.816,0,-6.5,1,0.0496,0.153,0.000168,0.0594,0.679,110.034
Just Dance 2018,077IVIW6uv1lL78x7a3Oc3,"How Far I'll Go - From ""Vaiana""",Alessia Cara,"How Far I'll Go (From ""Vaiana"")",28/10/2016,day,FALSE,175517,60,https://open.spotify.com/track/077IVIW6uv1lL78x7a3Oc3,0.309,0.544,9,-9.621,1,0.352,0.155,0.000265,0.0727,0.16,180.979
Just Dance 2018,6WC5fhc9XMaCrUNKNjm9xE,Thumbs,Sabrina Carpenter,EVOLution,14/10/2016,day,FALSE,216466,73,https://open.spotify.com/track/6WC5fhc9XMaCrUNKNjm9xE,0.73,0.718,8,-3.496,1,0.0478,0.0284,0,0.0892,0.127,135.045
Just Dance 2018,2k1yPYf9WGA4LiqcLVwtzn,Another One Bites The Dust,Queen,Bohemian Rhapsody (The Original Soundtrack),19/10/2018,day,FALSE,214640,64,https://open.spotify.com/track/2k1yPYf9WGA4LiqcLVwtzn,0.928,0.526,5,-6.486,0,0.161,0.0969,0.263,0.153,0.753,109.958
Just Dance 2018,6WlsGYzLsWbFoePbyTgL0d,Boom Boom,Iggy Azalea & Zedd,Pitch Perfect 3 (Original Motion Picture Soundtrack - Special Edition),02/03/2018,day,FALSE,188458,22,https://open.spotify.com/track/6WlsGYzLsWbFoePbyTgL0d,0.696,0.748,5,-7.367,0,0.0395,0.0043,1.09E-05,0.0534,0.37,110.062
Just Dance 2018,6OrmFe6GiOZbdsCP4tkHGo,Fight Club,Lights,Skin & Earth,22/09/2017,day,FALSE,200773,35,https://open.spotify.com/track/6OrmFe6GiOZbdsCP4tkHGo,0.747,0.849,9,-2.065,1,0.0544,0.0291,0.0147,0.298,0.498,99.976
Just Dance 2018,4JLk2qPCOwkpXfxV2LVODj,Footloose,Top Culture,Just Dance (Original Creations & Covers from the Video Game),26/06/2020,day,FALSE,182562,22,https://open.spotify.com/track/4JLk2qPCOwkpXfxV2LVODj,0.589,0.907,2,-5.267,1,0.118,0.0163,0.00171,0.0808,0.469,174.18
Just Dance 2018,7tAqJLfHwLyyaYHbqeqBQ1,Instruction,"Jax Jones, Demi Lovato & Stefflon Don",Tell Me You Love Me (Deluxe),29/09/2017,day,FALSE,166426,0,https://open.spotify.com/track/7tAqJLfHwLyyaYHbqeqBQ1,0.771,0.916,4,-3.658,0,0.199,0.112,0,0.125,0.927,121.115
Just Dance 2018,7JD3gqq0DA5l9xUmVCpJWu,New Face,PSY,PSY 8th 4X2=8,10/05/2017,day,FALSE,190233,0,https://open.spotify.com/track/7JD3gqq0DA5l9xUmVCpJWu,0.836,0.728,0,-3.449,0,0.0563,0.0079,2.94E-05,0.0564,0.444,131.969
Just Dance 2018,7FX5TlTPyonfo2R3TDIL6J,Risky Business,Jorge Blanco,Risky Business,17/03/2017,day,FALSE,204981,29,https://open.spotify.com/track/7FX5TlTPyonfo2R3TDIL6J,0.538,0.898,10,-3.371,1,0.0527,0.0561,0,0.0927,0.863,164.127
Just Dance 2018,7qiZfU4dY1lWllzX7mPBI3,Shape of You,Ed Sheeran,÷ (Deluxe),03/03/2017,day,FALSE,233712,86,https://open.spotify.com/track/7qiZfU4dY1lWllzX7mPBI3,0.825,0.652,1,-3.183,0,0.0802,0.581,0,0.0931,0.931,95.977
Just Dance 2018,2i9q8CteBmpslOJeQdMGqA,Slumber Party feat. Tinashe,Britney Spears & Tinashe,Glory (Deluxe Version),26/08/2016,day,TRUE,213534,57,https://open.spotify.com/track/2i9q8CteBmpslOJeQdMGqA,0.752,0.784,0,-4.941,1,0.0754,0.322,0,0.11,0.464,135.039
Just Dance 2018,2CXe3nmy9gtXTBqGmhuw1Q,Tumbum,Yemi Alade,Mama Africa (The Diary of an African Woman),25/03/2016,day,FALSE,183299,0,https://open.spotify.com/track/2CXe3nmy9gtXTBqGmhuw1Q,0.837,0.91,9,-2.865,0,0.157,0.0537,6.78E-05,0.081,0.794,127.98
Just Dance 2017,5R9a4t5t5O0IsznsrKPVro,Single Ladies (Put a Ring on It),Beyoncé,I AM...SASHA FIERCE,17/11/2008,day,FALSE,193213,69,https://open.spotify.com/track/5R9a4t5t5O0IsznsrKPVro,0.426,0.584,1,-5.293,1,0.296,0.0383,0,0.188,0.272,193.437
Just Dance 2017,1XvmEgl5DqZ04izEaG4icb,Lean On (feat. MØ & DJ Snake),"Major Lazer, MØ & DJ Snake",Lean On (feat. MØ & DJ Snake),02/03/2015,day,FALSE,176561,3,https://open.spotify.com/track/1XvmEgl5DqZ04izEaG4icb,0.713,0.79,7,-4.602,0,0.0574,0.00339,0.000868,0.485,0.308,98.011
Just Dance 2017,2Aa1wE8ofs2tu59TOQrZKW,Cake By The Ocean,DNCE,SWAAY,23/10/2015,day,TRUE,218440,0,https://open.spotify.com/track/2Aa1wE8ofs2tu59TOQrZKW,0.774,0.765,4,-5.503,0,0.0517,0.156,0,0.0523,0.908,119.018
Just Dance 2017,7yHEDfrJNd0zWOfXwydNH0,Into You,Ariana Grande,Dangerous Woman,20/05/2016,day,FALSE,244453,0,https://open.spotify.com/track/7yHEDfrJNd0zWOfXwydNH0,0.636,0.727,9,-5.852,1,0.106,0.0161,1.12E-06,0.151,0.358,107.988
Just Dance 2017,1Cml3fnCNLZUC1EEtkcgVb,Bang,Anitta,Bang,13/10/2015,day,FALSE,190280,56,https://open.spotify.com/track/1Cml3fnCNLZUC1EEtkcgVb,0.896,0.847,11,-4.005,0,0.0414,0.18,0.019,0.0679,0.805,104.996
Just Dance 2017,6RsWqX8zABZLhZydXxEFOm,Can't Feel My Face,The Weeknd,Beauty Behind The Madness,28/08/2015,day,FALSE,213520,0,https://open.spotify.com/track/6RsWqX8zABZLhZydXxEFOm,0.702,0.77,9,-5.416,0,0.0482,0.124,0,0.103,0.593,107.951
Just Dance 2017,69bp2EbF7Q2rqc5N3ylezZ,Sorry,Justin Bieber,Purpose (Deluxe),13/11/2015,day,FALSE,200786,4,https://open.spotify.com/track/69bp2EbF7Q2rqc5N3ylezZ,0.654,0.76,0,-3.669,0,0.045,0.0797,0,0.299,0.41,99.945
Just Dance 2017,7kUtJKGZzLNgIkq1Galkt0,Wherever I Go,OneRepublic,Wherever I Go,13/05/2016,day,FALSE,170213,0,https://open.spotify.com/track/7kUtJKGZzLNgIkq1Galkt0,0.543,0.691,10,-6.403,0,0.0425,0.107,0,0.218,0.335,100.014
Just Dance 2017,4DMPn1rEujpIJIvjy9HKV8,Scream & Shout,will.i.am & Britney Spears,#willpower (Deluxe),01/01/2013,day,TRUE,283400,0,https://open.spotify.com/track/4DMPn1rEujpIJIvjy9HKV8,0.77,0.684,0,-6.854,1,0.0768,0.0219,6.16E-05,0.128,0.479,130.03
Just Dance 2017,41Fflg7qHiVOD6dEPvsCzO,Worth It (feat. Kid Ink),Fifth Harmony & Kid Ink,Reflection (Deluxe),30/01/2015,day,FALSE,224573,74,https://open.spotify.com/track/41Fflg7qHiVOD6dEPvsCzO,0.884,0.765,8,-3.865,1,0.0882,0.063,7.04E-06,0.118,0.594,99.987
Just Dance 2017,05Sr3aEq5SEbhfrUIPGgMv,Groove,Jack & Jack,Groove,22/11/2014,day,FALSE,185806,43,https://open.spotify.com/track/05Sr3aEq5SEbhfrUIPGgMv,0.663,0.881,4,-4.731,0,0.14,0.406,0,0.421,0.801,124.09
Just Dance 2017,79Nnbjlw4ulw59lkHUZm9N,Bonbon,Era Istrefi,Bonbon EP,21/07/2016,day,FALSE,167000,60,https://open.spotify.com/track/79Nnbjlw4ulw59lkHUZm9N,0.632,0.681,0,-5.023,0,0.115,0.128,1.53E-05,0.116,0.633,126.477
Just Dance 2017,4oHmgneU9dwYoqg0SJSOCf,DADDY ft. CL of 2NE1,PSY,PSY 7TH ALBUM,01/12/2015,day,FALSE,230635,0,https://open.spotify.com/track/4oHmgneU9dwYoqg0SJSOCf,0.762,0.87,6,-3.287,0,0.128,0.0788,0,0.137,0.753,132.049
Just Dance 2017,24u9uDXSk0KF1axL901RZy,Don't Stop Me Now - Remastered,Queen,The Platinum Collection (2011 Remaster),01/01/2011,day,FALSE,209653,0,https://open.spotify.com/track/24u9uDXSk0KF1axL901RZy,0.567,0.803,5,-7.345,1,0.128,0.0336,0.000164,0.728,0.661,156.395
Just Dance 2017,378iszndTZAR4dH8kwsLC6,Cheap Thrills (feat. Sean Paul),Sia & Sean Paul,This Is Acting,18/02/2016,day,FALSE,224813,71,https://open.spotify.com/track/378iszndTZAR4dH8kwsLC6,0.592,0.8,6,-4.931,0,0.215,0.0561,2.01E-06,0.0775,0.728,89.972
Just Dance 2017,2qRMPKxAKO7CsMeZIS29wA,Radical - Original Mix,Dyro & Dannic,Radical,30/06/2014,day,FALSE,268124,33,https://open.spotify.com/track/2qRMPKxAKO7CsMeZIS29wA,0.672,0.96,4,-4.489,1,0.138,0.000443,0.224,0.0269,0.342,128.049
Just Dance 2017,3ZFTkvIE7kyPt6Nu3PEa7V,Hips Don't Lie (feat. Wyclef Jean),Shakira & Wyclef Jean,"Oral Fixation, Vol. 2 (Expanded Edition)",28/11/2005,day,FALSE,218093,84,https://open.spotify.com/track/3ZFTkvIE7kyPt6Nu3PEa7V,0.778,0.824,10,-5.892,0,0.0707,0.284,0,0.405,0.758,100.024
Just Dance 2017,2dbxxOC4w19SRf3Ama2f47,All About Us,Jordan Fisher,All About Us,15/04/2016,day,FALSE,227285,0,https://open.spotify.com/track/2dbxxOC4w19SRf3Ama2f47,0.549,0.872,8,-4.174,1,0.322,0.0113,0,0.0743,0.499,93.121
Just Dance 2017,0DXswAITgjQTi7anZG33af,What is Love,Haddaway,The Album - 2nd Edition,29/11/1993,day,FALSE,271266,55,https://open.spotify.com/track/0DXswAITgjQTi7anZG33af,0.688,0.769,7,-7.89,0,0.0313,0.0197,0.012,0.326,0.773,123.87
Just Dance 2017,5nNmj1cLH3r4aA4XDJ2bgY,September,"Earth, Wind & Fire",The Eternal Dance,08/09/1992,day,FALSE,214826,1,https://open.spotify.com/track/5nNmj1cLH3r4aA4XDJ2bgY,0.697,0.809,9,-8.197,1,0.0302,0.114,0.000521,0.183,0.98,125.941
Just Dance 2017,1ZTj7jKWEnfpmcZRuURLA0,Dragostea Din Tei - Original Romanian Version,O-Zone,DiscOzone,2004,year,FALSE,213800,0,https://open.spotify.com/track/1ZTj7jKWEnfpmcZRuURLA0,0.8,0.965,0,-3.923,1,0.0415,0.168,0,0.0705,0.71,130.08
Just Dance 2017,1CvhKmrutTAta5awpJcFDn,Watch Me (Whip / Nae Nae),Silentó,Watch Me (Whip / Nae Nae),04/05/2015,day,FALSE,185131,0,https://open.spotify.com/track/1CvhKmrutTAta5awpJcFDn,0.819,0.768,8,-8.522,1,0.134,0.234,0,0.334,0.964,139.982
Just Dance 2017,5WdSPcKgxWirPXVM7f6xXZ,El Tiki,Maluma,"Pretty Boy, Dirty Boy",30/10/2015,day,FALSE,179586,53,https://open.spotify.com/track/5WdSPcKgxWirPXVM7f6xXZ,0.819,0.829,1,-3.416,1,0.0603,0.00809,0.000424,0.144,0.717,91.993
Just Dance 2017,4tdJLKelBbBwDnARUG2ZVj,I Love Rock 'N Roll - Live,Joan Jett & the Blackhearts,Live... Long Island '81,1981,year,FALSE,221120,33,https://open.spotify.com/track/4tdJLKelBbBwDnARUG2ZVj,0.158,0.863,9,-6.966,1,0.0715,0.456,3.93E-06,0.887,0.42,95.616
Just Dance 2017,4pdPtRcBmOSQDlJ3Fk945m,Let Me Love You,DJ Snake & Justin Bieber,Encore,05/08/2016,day,FALSE,205946,4,https://open.spotify.com/track/4pdPtRcBmOSQDlJ3Fk945m,0.476,0.718,8,-5.309,1,0.0576,0.0784,1.02E-05,0.122,0.142,199.864
Just Dance 2017,43it4kot08akLzFIEMhXNN,La Bicicleta,Carlos Vives & Shakira,La Bicicleta,27/05/2016,day,FALSE,227457,0,https://open.spotify.com/track/43it4kot08akLzFIEMhXNN,0.746,0.961,0,-2.243,1,0.13,0.206,1.84E-06,0.329,0.951,179.984
Just Dance 2017,06Sc2PmDe8EPRAAJsOtazN,Run the Night,Gigi Rowe,Run the Night - Single,17/08/2016,day,FALSE,222385,28,https://open.spotify.com/track/06Sc2PmDe8EPRAAJsOtazN,0.697,0.518,0,-9.229,1,0.0475,0.000335,0.000606,0.0626,0.436,114.023
Just Dance 2017,7seAlpUDKXbp4qtmXUZPw4,Te Dominar,Daya Luz,Te Dominar - Single,28/08/2016,day,FALSE,194594,20,https://open.spotify.com/track/7seAlpUDKXbp4qtmXUZPw4,0.765,0.747,6,-7.99,1,0.0327,0.00157,0.317,0.175,0.769,111.008
Just Dance 2017,66U0ASk1VHZsqIkpMjKX3B,Little Swing,AronChupa & Little Sis Nora,Little Swing,26/02/2016,day,FALSE,163809,60,https://open.spotify.com/track/66U0ASk1VHZsqIkpMjKX3B,0.89,0.672,7,-5.532,1,0.0621,0.707,0.000604,0.177,0.598,126.036
Just Dance 2017,0TDLuuLlV54CkRRUOahJb4,Titanium (feat. Sia),David Guetta & Sia,Nothing but the Beat (Ultimate Edition),07/12/2012,day,FALSE,245040,80,https://open.spotify.com/track/0TDLuuLlV54CkRRUOahJb4,0.604,0.787,0,-3.674,0,0.103,0.0679,0.15,0.127,0.301,126.062
Just Dance 2017,1zWMf9bVyhY5W3ZORbjNWt,LIKE I WOULD,ZAYN,Mind Of Mine (Deluxe Edition),25/03/2016,day,FALSE,192133,63,https://open.spotify.com/track/1zWMf9bVyhY5W3ZORbjNWt,0.565,0.832,10,-5.732,0,0.114,0.0247,0,0.26,0.233,112.827
Just Dance 2017,2ZAOEPkOeZTGsjGHWyCThc,Cola Song (feat. J Balvin),INNA & J Balvin,Cola Song (feat. J Balvin),15/04/2014,day,FALSE,198245,62,https://open.spotify.com/track/2ZAOEPkOeZTGsjGHWyCThc,0.793,0.896,7,-3.072,1,0.0417,0.0136,1.08E-05,0.105,0.842,125.063
Just Dance 2017,2Zl4566w3vVGabd8IieJbL,Bailar,Deorro & Elvis Crespo,Bailar,22/04/2016,day,FALSE,160164,55,https://open.spotify.com/track/2Zl4566w3vVGabd8IieJbL,0.799,0.806,9,-4.949,1,0.117,0.0516,0.0415,0.0608,0.504,128.087
Just Dance 2017,5MFzQMkrl1FOOng9tq6R9r,Don't Wanna Know,Maroon 5 & Kendrick Lamar,Don't Wanna Know,11/10/2016,day,FALSE,214480,0,https://open.spotify.com/track/5MFzQMkrl1FOOng9tq6R9r,0.783,0.623,7,-6.126,1,0.08,0.338,0,0.0975,0.447,100.048
Just Dance 2017,22UwOgeXhYPxE6eQzFDpKx,I Love Rock 'n' Roll,Fast Forward Highway,Just Dance (Original Creations & Covers from the Video Game),26/06/2020,day,FALSE,176721,31,https://open.spotify.com/track/22UwOgeXhYPxE6eQzFDpKx,0.501,0.829,4,-4.786,1,0.0718,0.422,0,0.647,0.879,93.971
Just Dance 2017,1HmNOlNYPzwnVy9ZU30MUe,Last Christmas,Santa Clones,Just Dance (Original Creations & Covers from the Video Game),26/06/2020,day,FALSE,209343,12,https://open.spotify.com/track/1HmNOlNYPzwnVy9ZU30MUe,0.683,0.885,2,-4.692,1,0.0412,0.552,0,0.224,0.717,107.897
Just Dance 2016,32OlwWuMpZ6b0aN2RZOeMS,Uptown Funk (feat. Bruno Mars),Mark Ronson & Bruno Mars,Uptown Special,12/01/2015,day,TRUE,269666,84,https://open.spotify.com/track/32OlwWuMpZ6b0aN2RZOeMS,0.856,0.609,0,-7.223,1,0.0824,0.00801,8.15E-05,0.0344,0.928,114.988
Just Dance 2016,4DBkrkVzx7jxxIjxI6FYvz,This Is How We Do,Katy Perry,PRISM (Deluxe),01/01/2013,day,FALSE,204285,0,https://open.spotify.com/track/4DBkrkVzx7jxxIjxI6FYvz,0.686,0.633,9,-6.073,0,0.0483,0.0231,0,0.0831,0.8,96.027
Just Dance 2016,7oGZAicScQt96OAW4AruYy,Want to Want Me,Jason Derulo,Everything Is 4,29/05/2015,day,FALSE,207719,76,https://open.spotify.com/track/7oGZAicScQt96OAW4AruYy,0.775,0.68,0,-5.508,0,0.0629,0.00906,0,0.109,0.656,114.025
Just Dance 2016,285HeuLxsngjFn4GGegGNm,"Hey Mama (feat. Nicki Minaj, Bebe Rexha & Afrojack)",Various Artists,Listen,21/11/2014,day,FALSE,192560,75,https://open.spotify.com/track/285HeuLxsngjFn4GGegGNm,0.596,0.73,9,-4.091,1,0.151,0.24,0,0.325,0.525,85.979
Just Dance 2016,6ZANrVuAMp2rpjhfbOuJly,Same Old Love,Selena Gomez,Revival (Deluxe),09/10/2015,day,FALSE,229080,70,https://open.spotify.com/track/6ZANrVuAMp2rpjhfbOuJly,0.672,0.593,11,-4.01,0,0.0304,0.0223,0,0.214,0.438,98.02
Just Dance 2016,73Qlt0XuhuYzEigjitm2ze,Cool for the Summer,Demi Lovato,Confident (Deluxe Edition),01/01/2015,day,TRUE,214739,0,https://open.spotify.com/track/73Qlt0XuhuYzEigjitm2ze,0.587,0.62,5,-5.612,0,0.0366,0.00504,0.000181,0.0762,0.286,114.08
Just Dance 2016,0ofAJU4e7plk0Xbvt81wjG,Teacher,Nick Jonas,Nick Jonas,10/11/2014,day,FALSE,199480,0,https://open.spotify.com/track/0ofAJU4e7plk0Xbvt81wjG,0.776,0.818,7,-4.043,0,0.108,0.01,0.000245,0.107,0.831,117.01
Just Dance 2016,5DqHuR26BYrEQYH9gyGBDB,Chiwawa,Wanko Ni Mero Mero,Chiwawa,29/09/2015,day,FALSE,171573,45,https://open.spotify.com/track/5DqHuR26BYrEQYH9gyGBDB,0.784,0.939,11,-3.072,0,0.0903,0.00492,0.00441,0.252,0.955,128.085
Just Dance 2016,7jk7gqyEonmVVYahZN5zhW,Circus,Britney Spears,Circus (Deluxe Version),02/12/2008,day,FALSE,192360,75,https://open.spotify.com/track/7jk7gqyEonmVVYahZN5zhW,0.791,0.733,6,-5.215,0,0.052,0.147,0.000381,0.0713,0.761,114.98
Just Dance 2016,6tPw55cuWPf7TUSAOvGlKK,Animals - Radio Edit,Martin Garrix,Animals,08/07/2013,day,FALSE,176117,0,https://open.spotify.com/track/6tPw55cuWPf7TUSAOvGlKK,0.593,0.914,1,-5.351,1,0.0363,0.00137,0.445,0.0714,0.0381,128.015
Just Dance 2016,2OR6U0ofkWeQgNCyaHxwoc,Fancy,Iggy Azalea & Charli XCX,The New Classic,01/01/2014,day,TRUE,199938,33,https://open.spotify.com/track/2OR6U0ofkWeQgNCyaHxwoc,0.912,0.716,10,-4.141,0,0.0697,0.0904,0,0.0491,0.377,94.981
Just Dance 2016,30XU4suKzCeoCK9YFzdufg,Born This Way,Lady Gaga,Born This Way (International Special Edition Version),23/05/2011,day,FALSE,260253,75,https://open.spotify.com/track/30XU4suKzCeoCK9YFzdufg,0.587,0.828,11,-5.108,1,0.161,0.00327,0,0.331,0.494,123.907
Just Dance 2016,5MhsZlmKJG6X5kTHkdwC4B,I'm an Albatraoz,AronChupa & Little Sis Nora,I'm an Albatraoz,08/08/2014,day,TRUE,166848,73,https://open.spotify.com/track/5MhsZlmKJG6X5kTHkdwC4B,0.883,0.817,0,-5.414,1,0.235,0.601,0.00449,0.11,0.595,128.078
Just Dance 2016,07nH4ifBxUB4lZcsf44Brn,Blame (feat. John Newman),Calvin Harris & John Newman,Motion,31/10/2014,day,FALSE,212960,77,https://open.spotify.com/track/07nH4ifBxUB4lZcsf44Brn,0.414,0.857,0,-4.078,0,0.0808,0.0287,0.00574,0.343,0.348,128.024
Just Dance 2016,70cTMpcgWMcR18t9MRJFjB,I Gotta Feeling,Black Eyed Peas,THE E.N.D. (THE ENERGY NEVER DIES) [International Version],01/01/2009,day,FALSE,289133,0,https://open.spotify.com/track/70cTMpcgWMcR18t9MRJFjB,0.743,0.766,0,-6.375,1,0.0265,0.0873,0,0.509,0.61,127.96
Just Dance 2016,4JaLkM90MJutDAl5jD9BZX,No Control,One Direction,FOUR (Deluxe),17/11/2014,day,FALSE,199720,71,https://open.spotify.com/track/4JaLkM90MJutDAl5jD9BZX,0.558,0.916,1,-3.145,0,0.0839,0.0278,0,0.0296,0.85,142.984
Just Dance 2016,0ifSeVGUr7py5GggttDhXw,All About That Bass,Meghan Trainor,All About That Bass,30/06/2014,day,TRUE,188754,61,https://open.spotify.com/track/0ifSeVGUr7py5GggttDhXw,0.811,0.879,9,-3.724,1,0.0514,0.0476,1.91E-06,0.109,0.962,134.064
Just Dance 2016,2QwG0flKv1wq9fyvfsMD9C,Lights - Single Version,Ellie Goulding,Halcyon Days,01/01/2014,day,FALSE,210633,44,https://open.spotify.com/track/2QwG0flKv1wq9fyvfsMD9C,0.68,0.799,8,-5.805,0,0.0347,0.0323,0.0459,0.123,0.744,120.031
Just Dance 2016,467EtYDw801TKMxMtGCsFO,Stuck On a Feeling,Prince Royce & Snoop Dogg,Stuck On a Feeling,24/11/2014,day,FALSE,210343,0,https://open.spotify.com/track/467EtYDw801TKMxMtGCsFO,0.816,0.415,1,-6.307,1,0.0559,0.00391,0,0.139,0.304,100.022
Just Dance 2016,030RDC2ayPOUM32F9IH7eE,When the Rain Begins to Fall,Jermaine Jackson & Pia Zadora,Greatest Hits,28/10/2009,day,FALSE,243800,58,https://open.spotify.com/track/030RDC2ayPOUM32F9IH7eE,0.687,0.847,0,-7.273,0,0.0326,0.0207,1.89E-06,0.126,0.764,152.892
Just Dance 2016,4WGgAdWVeF0ExmWow9R9XY,Heartbeat Song,Kelly Clarkson,Piece By Piece (Deluxe Version),04/03/2016,day,FALSE,198733,52,https://open.spotify.com/track/4WGgAdWVeF0ExmWow9R9XY,0.491,0.799,6,-3.66,1,0.0488,0.0137,0,0.0627,0.486,149.095
Just Dance 2016,4n5nx7sFeGlOPKjLS3BoDp,Junto a Ti,Martina Stoessel & Lodovica Comello,Violetta - L'album de la saison 1,01/01/2013,day,FALSE,162320,15,https://open.spotify.com/track/4n5nx7sFeGlOPKjLS3BoDp,0.762,0.864,6,-3.461,1,0.0616,0.0798,0,0.179,0.964,150.006
Just Dance 2016,1h3lDnpevTi5iN9IL7W2ye,"Under the Sea - From ""The Little Mermaid"" / Soundtrack Version",Samuel E. Wright & Disney,Disney Princesses,01/01/2011,day,FALSE,193226,30,https://open.spotify.com/track/1h3lDnpevTi5iN9IL7W2ye,0.62,0.589,5,-11.489,1,0.137,0.726,0,0.269,0.856,100.352
Just Dance 2016,6Zo3wgDE076K2AuiGZF3CS,Fun (feat. Chris Brown),Pitbull & Chris Brown,Globalization,21/11/2014,day,FALSE,202306,62,https://open.spotify.com/track/6Zo3wgDE076K2AuiGZF3CS,0.793,0.774,0,-3.667,0,0.0478,0.156,0,0.193,0.547,113.967
Just Dance 2016,6SwwHy9sSs28k72xr67Dpw,Gibberish (feat. Hoodie Allen),MAX & Hoodie Allen,Hell's Kitchen Angel,08/04/2016,day,FALSE,203040,45,https://open.spotify.com/track/6SwwHy9sSs28k72xr67Dpw,0.508,0.651,8,-4.838,1,0.376,0.0167,0,0.29,0.601,84.02
Just Dance 2016,6ozuOzQjZSe8BmBEZcVHXf,Rabiosa,Shakira & El Cata,Sale El Sol,18/10/2010,day,FALSE,170386,0,https://open.spotify.com/track/6ozuOzQjZSe8BmBEZcVHXf,0.827,0.832,0,-5.373,1,0.121,0.0378,2.57E-05,0.157,0.737,133.01
Just Dance 2016,3PuWYYZ0GyIJJ8aU9Pvjrg,William Tell: Overture,"Gioachino Rossini, Chamber Orchestra of Europe & Claudio Abbado",Rossini: Overtures,01/01/1991,day,FALSE,661333,0,https://open.spotify.com/track/3PuWYYZ0GyIJJ8aU9Pvjrg,0.199,0.103,11,-19.652,0,0.056,0.928,0.485,0.159,0.105,86.118
Just Dance 2016,6VeJ04NniaOJ8A7FZoFf0G,Hangover (BaBaBa),Buraka Som Sistema,Komba,31/10/2011,day,FALSE,291600,0,https://open.spotify.com/track/6VeJ04NniaOJ8A7FZoFf0G,0.881,0.76,11,-6.015,0,0.194,0.114,0.0156,0.0485,0.353,140.01
Just Dance 2016,66y9BcmzhyWCgYoYSnXhh0,Kaboom Pow,Nikki Yanofsky,Little Secret,01/01/2014,day,FALSE,200106,0,https://open.spotify.com/track/66y9BcmzhyWCgYoYSnXhh0,0.553,0.943,0,-3.419,1,0.144,0.00678,0.0529,0.269,0.888,162.023
Just Dance 2016,425biLzBrPVil4HKWNHnxz,Angry Birds Theme (Balkan Blast Remix),Angry Birds,Angry Birds Theme (Balkan Blast Remix),2015,year,FALSE,146543,0,https://open.spotify.com/track/425biLzBrPVil4HKWNHnxz,0.851,0.988,2,-1.696,1,0.0773,0.219,0.845,0.0565,0.85,120.01
Just Dance 2016,535skBRABvtcb6ul15c56N,Boys - Summertime Love,Sabrina,Summertime Love: The Best Of,19/06/2015,day,FALSE,238333,13,https://open.spotify.com/track/535skBRABvtcb6ul15c56N,0.833,0.669,5,-10.551,0,0.0325,0.149,0.669,0.0538,0.933,119.877
Just Dance 2016,7sXxvOVFtMr31xj0kX9BFV,Hit The Road Jack,Jeff Zavac & The Craetts,Miami Lighthouse for the Blind Presents: Instrumental Magic,01/10/2006,day,FALSE,129906,0,https://open.spotify.com/track/7sXxvOVFtMr31xj0kX9BFV,0.593,0.752,8,-6.617,0,0.0313,0.0841,0.00308,0.197,0.935,172.087
Just Dance 2016,3Zuf70897YkrVRAsrBMMSF,"You're The One That I Want - From ""Grease"" Original Motion Picture Soundtrack",John Travolta & Olivia Newton-John,Grease (Deluxe Edition),01/01/2003,day,FALSE,168466,0,https://open.spotify.com/track/3Zuf70897YkrVRAsrBMMSF,0.751,0.753,0,-8.198,1,0.0935,0.227,0.000784,0.209,0.774,106.976
Just Dance 2016,3RKXH5L5ltjclXagb9SfUh,Stadium Flow,Imposs,Stadium Flow - Single,06/10/2015,day,FALSE,214546,0,https://open.spotify.com/track/3RKXH5L5ltjclXagb9SfUh,0.686,0.941,11,-3.132,0,0.168,0.283,0,0.0811,0.846,137.952
Just Dance 2016,3zaMf7lr0uWK4zcCGQrvY4,Copacabana,Frankie Bostello,Just Dance (Original Creations & Covers from the Video Game),26/06/2020,day,FALSE,222631,26,https://open.spotify.com/track/3zaMf7lr0uWK4zcCGQrvY4,0.765,0.746,0,-6.153,0,0.0611,0.0307,1.57E-05,0.0624,0.789,118.02
Just Dance 2016,4oVAirTji6BnNglyt1Pmuz,Let's Groove,Equinox Stars,Just Dance (Original Creations & Covers from the Video Game),26/06/2020,day,FALSE,200818,44,https://open.spotify.com/track/4oVAirTji6BnNglyt1Pmuz,0.771,0.838,6,-6.119,0,0.0882,0.0381,2.67E-06,0.185,0.89,125.38
Just Dance 2016,7tXdkUgXQs8YGEvy62Mt9Y,These Boots Are Made for Walkin',The Girly Team,Just Dance (Original Creations & Covers from the Video Game),26/06/2020,day,FALSE,163078,19,https://open.spotify.com/track/7tXdkUgXQs8YGEvy62Mt9Y,0.586,0.808,9,-6.672,1,0.0342,0.339,0.000101,0.122,0.723,82.956
Just Dance 2016,43qX0mz3xbB4MBtKx9Ukj6,You Never Can Tell,A. Caveman & The Backseats,Just Dance (Original Creations & Covers from the Video Game),26/06/2020,day,FALSE,166529,12,https://open.spotify.com/track/43qX0mz3xbB4MBtKx9Ukj6,0.553,0.919,7,-5.899,1,0.0413,0.12,1.75E-06,0.933,0.967,78.438
Just Dance 2016,6n4SGdq2TLl2WaxLB2RAqD,When the Rain Begins to Fall,Sky Trucking,Just Dance (Original Creations & Covers from the Video Game),26/06/2020,day,FALSE,219285,16,https://open.spotify.com/track/6n4SGdq2TLl2WaxLB2RAqD,0.519,0.837,0,-5.583,0,0.032,0.00146,0.000326,0.105,0.7,153.037
Just Dance 2015,6xCNYRfzZtoQRo1xruPmNq,Problem,Ariana Grande & Iggy Azalea,My Everything (Deluxe),22/08/2014,day,FALSE,193920,0,https://open.spotify.com/track/6xCNYRfzZtoQRo1xruPmNq,0.66,0.805,1,-5.352,0,0.153,0.0192,8.83E-06,0.159,0.625,103.009
Just Dance 2015,4kgsK0fftHtg9gZOzkU5T2,Dark Horse,Katy Perry & Juicy J,PRISM (Deluxe),01/01/2013,day,FALSE,215672,0,https://open.spotify.com/track/4kgsK0fftHtg9gZOzkU5T2,0.645,0.589,6,-6.131,1,0.0523,0.00396,0,0.145,0.35,131.899
Just Dance 2015,5b88tNINg4Q4nrRbrCXUmg,"Happy - From ""Despicable Me 2""",Pharrell Williams,G I R L,03/03/2014,day,FALSE,232720,2,https://open.spotify.com/track/5b88tNINg4Q4nrRbrCXUmg,0.647,0.822,5,-4.662,0,0.183,0.219,0,0.0908,0.962,160.019
Just Dance 2015,3VZQshi4COChhXaz7cLP02,I Love It (feat. Charli XCX),Icona Pop & Charli XCX,I Love It,19/06/2012,day,TRUE,155337,65,https://open.spotify.com/track/3VZQshi4COChhXaz7cLP02,0.714,0.905,8,-2.663,1,0.0289,0.00855,2.55E-05,0.146,0.838,125.927
Just Dance 2015,0ktV2JoOsoTGURzKaZnjJL,Birthday,Katy Perry,PRISM (Deluxe),01/01/2013,day,FALSE,215042,0,https://open.spotify.com/track/0ktV2JoOsoTGURzKaZnjJL,0.715,0.67,11,-5.123,1,0.0735,0.0948,3.90E-06,0.117,0.867,126.069
Just Dance 2015,5HOpkTTVcmZHnthgyxrIL8,The Fox (What Does the Fox Say?),Ylvis,The Fox (What Does the Fox Say?),02/09/2013,day,FALSE,213708,65,https://open.spotify.com/track/5HOpkTTVcmZHnthgyxrIL8,0.703,0.867,6,-4.292,1,0.0453,0.107,0,0.119,0.546,128.008
Just Dance 2015,7pBBypRRRhCloyONPGldCG,Built For This,Becky G,Play It Again,16/07/2013,day,FALSE,189800,39,https://open.spotify.com/track/7pBBypRRRhCloyONPGldCG,0.74,0.798,8,-6.101,1,0.0609,0.157,0.0106,0.113,0.348,104.008
Just Dance 2015,57PjISfyOyDcvTPipz16nf,Love Me Again,John Newman,Love Me Again,01/01/2013,day,FALSE,240288,0,https://open.spotify.com/track/57PjISfyOyDcvTPipz16nf,0.485,0.915,2,-3.469,0,0.0544,0.00441,0.00112,0.0987,0.201,126.027
Just Dance 2015,7zrYKlgYQv1ELz7LGyjTd1,Bang Bang,"Jessie J, Ariana Grande & Nicki Minaj",Bang Bang,29/07/2014,day,FALSE,199373,0,https://open.spotify.com/track/7zrYKlgYQv1ELz7LGyjTd1,0.708,0.752,0,-4.401,0,0.0886,0.267,0,0.377,0.733,150.058
Just Dance 2015,2UqbWOTgLcMMjtMQjycFro,Let It Go - English Version,Idina Menzel,Let It Go The Complete Set (From “Frozen”),01/01/2014,day,FALSE,224026,0,https://open.spotify.com/track/2UqbWOTgLcMMjtMQjycFro,0.548,0.491,8,-6.884,1,0.0303,0.589,0,0.123,0.356,137.009
Just Dance 2015,6qUEOWqOzu1rLPUPQ1ECpx,Walk This Way (feat. Aerosmith),Run–D.M.C. & Aerosmith,Raising Hell,15/05/1986,day,FALSE,310386,71,https://open.spotify.com/track/6qUEOWqOzu1rLPUPQ1ECpx,0.761,0.711,9,-7.989,1,0.0604,0.0174,0.000101,0.0652,0.947,105.448
Just Dance 2015,6YUTL4dYpB9xZO5qExPf05,Summer,Calvin Harris,Motion,31/10/2014,day,FALSE,222533,84,https://open.spotify.com/track/6YUTL4dYpB9xZO5qExPf05,0.596,0.856,4,-3.556,0,0.0346,0.0211,0.0178,0.141,0.743,127.949
Just Dance 2015,3jZomvOBa5qfTo5HkqI1p5,One Way or Another (Teenage Kicks),One Direction,One Way Or Another (Teenage Kicks),17/02/2013,day,FALSE,157293,67,https://open.spotify.com/track/3jZomvOBa5qfTo5HkqI1p5,0.489,0.867,4,-3.121,0,0.071,0.025,0,0.586,0.409,162.131
Just Dance 2015,6AJlcxjEO2baFC24GPsJjg,"Holding Out for a Hero - From ""Footloose"" Soundtrack",Bonnie Tyler,Ravishing - The Best Of,30/03/2009,day,FALSE,348706,0,https://open.spotify.com/track/6AJlcxjEO2baFC24GPsJjg,0.575,0.811,9,-10.981,0,0.0401,0.0159,4.37E-06,0.0902,0.873,149.671
Just Dance 2015,2GgxS8bUT5G25QJTsfSv0R,Burn,Ellie Goulding,Halcyon Days,01/01/2014,day,FALSE,231211,71,https://open.spotify.com/track/2GgxS8bUT5G25QJTsfSv0R,0.559,0.777,1,-5.031,1,0.0432,0.31,0,0.105,0.329,87.016
Just Dance 2015,5AfPd7h5BJguSgSBz1mSoo,Love Is All,Roger Glover & Butterfly Ball,2gether Fiesta (Les meilleurs hits pour faire la fête !),20/12/2014,day,FALSE,194800,31,https://open.spotify.com/track/5AfPd7h5BJguSgSBz1mSoo,0.59,0.446,7,-16.02,1,0.0368,0.15,0,0.35,0.772,111.767
Just Dance 2015,6MjiVEJy1YVuJNFu72OH61,Bad Romance,Lady Gaga,Bad Romance,01/01/2009,day,FALSE,294640,0,https://open.spotify.com/track/6MjiVEJy1YVuJNFu72OH61,0.695,0.919,0,-3.769,1,0.0381,0.00264,4.10E-05,0.062,0.717,119.002
Just Dance 2015,1zaaaGPDU60KYY60M4JVl2,It’s My Birthday,will.i.am & Cody Wise,It’s My Birthday,01/01/2014,day,FALSE,252613,0,https://open.spotify.com/track/1zaaaGPDU60KYY60M4JVl2,0.76,0.718,5,-4.443,0,0.0476,0.0817,0,0.0903,0.419,100.01
Just Dance 2015,7pu0a2lDSnwQS0ERqAtCnS,4x4 (feat. Nelly),Miley Cyrus & Nelly,Bangerz (Deluxe Version),04/10/2013,day,TRUE,191906,50,https://open.spotify.com/track/7pu0a2lDSnwQS0ERqAtCnS,0.922,0.797,4,-6.567,0,0.0558,0.0504,0,0.134,0.922,119.955
Just Dance 2015,2pyhJF2s7myJiXP9ceczB9,Black Widow,Iggy Azalea & Rita Ora,Reclassified,01/10/2014,day,TRUE,209423,48,https://open.spotify.com/track/2pyhJF2s7myJiXP9ceczB9,0.743,0.72,11,-3.753,1,0.124,0.192,0.000386,0.109,0.519,163.99
Just Dance 2015,7rrU6V1k1Dsh7VftquTW2c,Never Can Say Goodbye,Gloria Gaynor,Never Can Say Goodbye,13/04/2010,day,FALSE,252893,0,https://open.spotify.com/track/7rrU6V1k1Dsh7VftquTW2c,0.684,0.685,0,-15.153,1,0.0294,0.00178,0.00281,0.105,0.959,125.901
Just Dance 2015,0xIVvRmjztR1AwuHrkhH41,Addicted To You,Avicii,TRUE,01/01/2013,day,FALSE,148386,0,https://open.spotify.com/track/0xIVvRmjztR1AwuHrkhH41,0.569,0.785,1,-4.057,0,0.0457,0.0505,1.12E-06,0.086,0.303,128.031
Just Dance 2015,5T7ZFtCcOgkpjxcuaeZbw0,Best Song Ever,One Direction,Midnight Memories (Deluxe),25/11/2013,day,FALSE,200106,78,https://open.spotify.com/track/5T7ZFtCcOgkpjxcuaeZbw0,0.652,0.877,1,-2.986,1,0.0465,0.0227,0,0.0789,0.486,118.491
Just Dance 2015,2H3ZUSE54pST4ubRd5FzFR,Ain't No Mountain High Enough,Marvin Gaye & Tammi Terrell,United,29/08/1967,day,FALSE,151666,0,https://open.spotify.com/track/2H3ZUSE54pST4ubRd5FzFR,0.669,0.616,11,-10.776,0,0.033,0.482,0,0.179,0.818,130.037
Just Dance 2015,6chdRBWviHlm7JAtwgflBP,Maps,Maroon 5,Maps,16/06/2014,day,FALSE,189840,0,https://open.spotify.com/track/6chdRBWviHlm7JAtwgflBP,0.743,0.717,1,-5.521,0,0.0299,0.0223,0,0.0678,0.88,120.025
Just Dance 2015,1CQ2cMfrmFM1YdfmjENKVE,She Looks So Perfect,5 Seconds of Summer,5 Seconds Of Summer,27/06/2014,day,FALSE,202496,74,https://open.spotify.com/track/1CQ2cMfrmFM1YdfmjENKVE,0.494,0.951,9,-4.237,1,0.132,0.000569,0,0.327,0.441,160.025
Just Dance 2015,7nQR09slURMScLt20DHu77,India Waale,Various Artists,Happy New Year (Original Motion Picture Soundtrack),15/09/2014,day,FALSE,238107,0,https://open.spotify.com/track/7nQR09slURMScLt20DHu77,0.72,0.762,4,-5.908,1,0.102,0.033,0,0.0696,0.598,128.029
Just Dance 2015,1mwt9hzaH7idmC5UCoOUkz,Diamonds,Rihanna,Diamonds,27/09/2012,day,FALSE,225200,0,https://open.spotify.com/track/1mwt9hzaH7idmC5UCoOUkz,0.553,0.674,11,-6.057,0,0.045,0.00117,0,0.16,0.369,91.958
Just Dance 2015,5C9fV9RbzygtoPf9cBtRzZ,Get Low,Dillon Francis & DJ Snake,Get Low,24/06/2014,day,FALSE,213861,45,https://open.spotify.com/track/5C9fV9RbzygtoPf9cBtRzZ,0.67,0.933,11,-4.482,0,0.0871,0.0271,0.723,0.596,0.751,101.015
Just Dance 2015,1oew3nFNY3vMacJAsvry0S,Me And My Broken Heart,Rixton,Let The Road,01/01/2014,day,FALSE,193733,78,https://open.spotify.com/track/1oew3nFNY3vMacJAsvry0S,0.545,0.783,5,-4.261,0,0.0345,0.00489,0,0.132,0.551,174.084
Just Dance 2015,1J6Lsb4mWc0ipWeHuNOb0y,I Luh Ya Papi,Jennifer Lopez & French Montana,I Luh Ya Papi,01/01/2014,day,TRUE,206963,0,https://open.spotify.com/track/1J6Lsb4mWc0ipWeHuNOb0y,0.74,0.735,8,-6.304,1,0.407,0.454,0,0.118,0.604,95.918
Just Dance 2015,7cvxrDu7VIhVSOFRNgPegv,Break Free,Ariana Grande & Zedd,Break Free,02/07/2014,day,FALSE,214693,0,https://open.spotify.com/track/7cvxrDu7VIhVSOFRNgPegv,0.687,0.698,7,-5.29,0,0.0468,0.0057,8.75E-05,0.253,0.316,129.954
Just Dance 2015,2y4lAQpi5VTNLu2ldeTdUH,We Can't Stop,Miley Cyrus,Bangerz (Deluxe Version),04/10/2013,day,FALSE,231240,78,https://open.spotify.com/track/2y4lAQpi5VTNLu2ldeTdUH,0.613,0.622,1,-5.794,0,0.0334,0.00882,0,0.37,0.484,80.003
Just Dance 2015,09TcIuH1ZO7i4vicWKoaN2,Papaoutai,Stromae,racine carrée,01/01/2013,day,FALSE,232146,0,https://open.spotify.com/track/09TcIuH1ZO7i4vicWKoaN2,0.733,0.818,10,-7.222,0,0.0859,0.0241,0,0.0636,0.253,116.019
Just Dance 2015,3JuDFJGjRpK4k8ggzfMPSO,Kiss Kiss,Prince Royce,Soy El Mismo (Deluxe Edition),24/11/2014,day,FALSE,224280,25,https://open.spotify.com/track/3JuDFJGjRpK4k8ggzfMPSO,0.646,0.868,0,-4.825,1,0.0532,0.0798,0,0.0965,0.465,113.014
Just Dance 2015,0d8cGMosMcPJA8UsxQCtZq,You Spin Me Round (Like a Record),Dead Or Alive,That's The Way I Like It: The Best of Dead Or Alive,25/10/2010,day,FALSE,195640,47,https://open.spotify.com/track/0d8cGMosMcPJA8UsxQCtZq,0.562,0.979,6,-4.058,0,0.0537,0.00566,0.00155,0.721,0.827,128.169
Just Dance 2015,637bsehtpL2oJruOEL6lZ7,Bailando - Spanish Version,"Enrique Iglesias, Descemer Bueno & Gente De Zona",SEX AND LOVE (Deluxe),01/01/2014,day,FALSE,243413,55,https://open.spotify.com/track/637bsehtpL2oJruOEL6lZ7,0.723,0.777,7,-3.503,1,0.108,0.0426,3.68E-06,0.0451,0.961,91.017
Just Dance 2015,4qJA6pA0ohc6G07ifmPD1L,You're on My Mind,Imposs,You're on My Mind - Single,23/12/2014,day,FALSE,210644,45,https://open.spotify.com/track/4qJA6pA0ohc6G07ifmPD1L,0.79,0.783,1,-6.297,0,0.094,0.0526,0,0.0848,0.801,104.979
Just Dance 2015,2vZ5IPuIYxn7hIlnOLdGeA,Don't Worry Be Happy,The Bench Men,Just Dance (Original Creations & Covers from the Video Game),26/06/2020,day,FALSE,210645,23,https://open.spotify.com/track/2vZ5IPuIYxn7hIlnOLdGeA,0.684,0.402,1,-12.802,0,0.103,0.831,0.00953,0.152,0.903,68.741
Just Dance 2015,7tNTW9aoi0qVC1z2qPJmQG,Macarena,The Girly Team,Just Dance (Original Creations & Covers from the Video Game),26/06/2020,day,FALSE,165644,51,https://open.spotify.com/track/7tNTW9aoi0qVC1z2qPJmQG,0.777,0.823,1,-6.819,1,0.0473,0.149,0,0.0711,0.964,103.215
Just Dance 2015,4YX7wM36ZZJi87BkpH5v2O,Mahna Mahna,Frankie Bostello,Just Dance (Original Creations & Covers from the Video Game),26/06/2020,day,FALSE,124201,16,https://open.spotify.com/track/4YX7wM36ZZJi87BkpH5v2O,0.54,0.751,0,-8.281,1,0.0511,0.0389,0.889,0.0415,0.781,100.617
Just Dance 2015,6ddovxH6lF5GX2BZrFBsSs,Only You (And You Alone),Love Letter,Just Dance (Original Creations & Covers from the Video Game),26/06/2020,day,FALSE,159660,14,https://open.spotify.com/track/6ddovxH6lF5GX2BZrFBsSs,0.409,0.413,3,-6.39,1,0.0281,0.845,0,0.159,0.245,79.476
Just Dance 2015,0YIzwxbgkl7COngYqEj67v,Speedy Gonzalez,Los Pimientos Locos,Just Dance (Original Creations & Covers from the Video Game),26/06/2020,day,FALSE,162219,14,https://open.spotify.com/track/0YIzwxbgkl7COngYqEj67v,0.517,0.733,11,-6.063,1,0.0579,0.665,3.38E-05,0.0757,0.875,149.331
