tracklist_id,track_id,station,host,station_logo,artist_name,artist_id,track_name,track_popularity,track_explicit,track_duration,spotify_url,danceability,energy,key,loudness,mode,speechiness,acousticness,instrumentalness,liveness,valence,tempo
1,0jXPTqxWliX6Z2R1fdwzYT,Wildstyle,Mr. Magic,https://static.wikia.nocookie.net/gtawiki/images/d/d1/WildstylePirateRadio.png/revision/latest/scale-to-width-down/140?cb=20141024194945,Trouble Funk,1EGr1AnjVRXYz8j9CTYDlm,Pump Me Up,11,FALSE,296045,https://open.spotify.com/track/0jXPTqxWliX6Z2R1fdwzYT,0.735,0.573,10,-11.306,0,0.282,0.113,8.17E-06,0.632,0.365,102.601
2,5uAzSQQhVL9X0C2BFNA7EC,Wildstyle,Mr. Magic,https://static.wikia.nocookie.net/gtawiki/images/d/d1/WildstylePirateRadio.png/revision/latest/scale-to-width-down/140?cb=20141024194945,Davy DMX,2IsmDumTniT9BP7qyozDCC,One for the Treble,0,FALSE,383096,https://open.spotify.com/track/5uAzSQQhVL9X0C2BFNA7EC,0.908,0.398,10,-14.509,0,0.21,2.58E-05,0.69,0.0917,0.715,105.226
3,5NKHUvpRs7zr0yOQjx8Exr,Wildstyle,Mr. Magic,https://static.wikia.nocookie.net/gtawiki/images/d/d1/WildstylePirateRadio.png/revision/latest/scale-to-width-down/140?cb=20141024194945,Cybotron,5Mr6zawZ90BzjY14EROmSm,Clear,43,FALSE,294533,https://open.spotify.com/track/5NKHUvpRs7zr0yOQjx8Exr,0.802,0.637,11,-13.008,0,0.0624,0.000231,0.831,0.587,0.336,125.284
4,6nDk4QT1fDe0S86PxijTUE,Wildstyle,Mr. Magic,https://static.wikia.nocookie.net/gtawiki/images/d/d1/WildstylePirateRadio.png/revision/latest/scale-to-width-down/140?cb=20141024194945,Hashim,6AWyFSk8mBekuHeotBV1Jx,Al-Naafyish - Time,40,FALSE,374666,https://open.spotify.com/track/6nDk4QT1fDe0S86PxijTUE,0.702,0.828,2,-7.609,1,0.0485,9.35E-05,0.784,0.407,0.45,122.757
5,2nWHzbBWBOePUvAImQv2So,Wildstyle,Mr. Magic,https://static.wikia.nocookie.net/gtawiki/images/d/d1/WildstylePirateRadio.png/revision/latest/scale-to-width-down/140?cb=20141024194945,Herbie Hancock,2ZvrvbQNrHKwjT7qfGFFUW,Rockit,50,FALSE,325133,https://open.spotify.com/track/2nWHzbBWBOePUvAImQv2So,0.878,0.951,7,-5.077,1,0.069,0.0317,0.544,0.0614,0.607,111.334
6,3grljpi1aYIRA6TuXvGigL,Wildstyle,Mr. Magic,https://static.wikia.nocookie.net/gtawiki/images/d/d1/WildstylePirateRadio.png/revision/latest/scale-to-width-down/140?cb=20141024194945,Afrika Bambaataa,7cg61q8kK8jlFi8TKKw70p,"Looking for the Perfect Beat - Original 12"" Version",44,FALSE,422493,https://open.spotify.com/track/3grljpi1aYIRA6TuXvGigL,0.821,0.908,0,-11.392,1,0.0666,0.0432,0.00398,0.111,0.77,119.562
7,7DEpSeyiupvwY5tB8Yqbhh,Wildstyle,Mr. Magic,https://static.wikia.nocookie.net/gtawiki/images/d/d1/WildstylePirateRadio.png/revision/latest/scale-to-width-down/140?cb=20141024194945,2 LIVE CREW,58Dx4HPzeOO3dbpD9YYEes,Get It Girl,39,TRUE,235866,https://open.spotify.com/track/7DEpSeyiupvwY5tB8Yqbhh,0.882,0.6,4,-13.33,0,0.156,0.00835,1.10E-05,0.602,0.427,124.597
8,2XYNq7LIQrh82m7LPiPN8w,Wildstyle,Mr. Magic,https://static.wikia.nocookie.net/gtawiki/images/d/d1/WildstylePirateRadio.png/revision/latest/scale-to-width-down/140?cb=20141024194945,Run–D.M.C.,3CQIn7N5CuRDP8wEI7FiDA,Rock Box,47,FALSE,330573,https://open.spotify.com/track/2XYNq7LIQrh82m7LPiPN8w,0.777,0.892,0,-4.555,1,0.0932,0.171,1.79E-06,0.384,0.648,100.231
9,4iuO0dinw5Bm18pXbZok8w,Wildstyle,Mr. Magic,https://static.wikia.nocookie.net/gtawiki/images/d/d1/WildstylePirateRadio.png/revision/latest/scale-to-width-down/140?cb=20141024194945,Mantronix,0grZF2s6ADKiTGwf8EVZEY,Bassline,39,FALSE,326920,https://open.spotify.com/track/4iuO0dinw5Bm18pXbZok8w,0.815,0.854,11,-8.664,0,0.206,0.018,0.00785,0.317,0.262,102.814
10,0NB3i5GSB3bUfBvNDZh8y2,Wildstyle,Mr. Magic,https://static.wikia.nocookie.net/gtawiki/images/d/d1/WildstylePirateRadio.png/revision/latest/scale-to-width-down/140?cb=20141024194945,Tyrone Brunson,2iOW6LuBHr1Qzb9gtu6ZMn,The Smurf,28,FALSE,365600,https://open.spotify.com/track/0NB3i5GSB3bUfBvNDZh8y2,0.824,0.884,7,-5.36,1,0.141,0.00297,0.39,0.239,0.393,117.964
11,2TMmRqOvZswq2hc1TbCy6b,Wildstyle,Mr. Magic,https://static.wikia.nocookie.net/gtawiki/images/d/d1/WildstylePirateRadio.png/revision/latest/scale-to-width-down/140?cb=20141024194945,Whodini,4dBOV77d0Fy9KcTZkieXcu,Magic's Wand,25,FALSE,338600,https://open.spotify.com/track/2TMmRqOvZswq2hc1TbCy6b,0.819,0.987,11,-3.847,1,0.0733,0.207,0.011,0.117,0.928,112.049
12,1LiwqqaafXkNQuWGW3HeId,Wildstyle,Mr. Magic,https://static.wikia.nocookie.net/gtawiki/images/d/d1/WildstylePirateRadio.png/revision/latest/scale-to-width-down/140?cb=20141024194945,Zapp & Roger,396Kh0m4wGUvcMUULw71yi,More Bounce to the Ounce,55,FALSE,311120,https://open.spotify.com/track/1LiwqqaafXkNQuWGW3HeId,0.85,0.818,0,-8.623,1,0.0904,0.124,0.00135,0.349,0.839,105.266
13,5DuTNKFEjJIySAyJH1yNDU,Wildstyle,Mr. Magic,https://static.wikia.nocookie.net/gtawiki/images/d/d1/WildstylePirateRadio.png/revision/latest/scale-to-width-down/140?cb=20141024194945,Grandmaster Flash & The Furious Five,5hQCwevTf03u1rECrRMeop,The Message (feat. Melle Mel & Duke Bootee),50,FALSE,431800,https://open.spotify.com/track/5DuTNKFEjJIySAyJH1yNDU,0.947,0.607,10,-10.58,0,0.202,0.0249,4.76E-06,0.0861,0.732,100.619
14,5TvcggVu3s2P1fMAS8BupX,Wildstyle,Mr. Magic,https://static.wikia.nocookie.net/gtawiki/images/d/d1/WildstylePirateRadio.png/revision/latest/scale-to-width-down/140?cb=20141024194945,Kurtis Blow,25TKXk9zo9yk0HMJQ3TuE9,The Breaks,41,FALSE,463733,https://open.spotify.com/track/5TvcggVu3s2P1fMAS8BupX,0.91,0.576,11,-13.256,0,0.109,0.0987,0.0023,0.195,0.907,112.877
15,21NALHsloDI31T781jDMFw,Wildstyle,Mr. Magic,https://static.wikia.nocookie.net/gtawiki/images/d/d1/WildstylePirateRadio.png/revision/latest/scale-to-width-down/140?cb=20141024194945,Man Parrish,2HKVO06HXqGmQxZJ8xIqgr,Hip Hop Be Bop (Original Version),38,FALSE,336173,https://open.spotify.com/track/21NALHsloDI31T781jDMFw,0.822,0.702,1,-13.507,1,0.0898,0.015,0.555,0.115,0.792,115.777
16,7o67roCVsFiCt7Cf0ZLOJq,Flash FM,Toni,https://static.wikia.nocookie.net/gtawiki/images/6/60/FlashFM.png/revision/latest/scale-to-width-down/140?cb=20130929041527,Hall and Oates,77tT1kLj6mCWtFNqiOmP9H,Out of Touch,63,FALSE,249573,https://open.spotify.com/track/7o67roCVsFiCt7Cf0ZLOJq,0.806,0.649,9,-9.004,0,0.0347,0.0391,5.55E-05,0.0557,0.897,114.834
17,2JvPJ8ydPuN2NhpH4oti6I,Flash FM,Toni,https://static.wikia.nocookie.net/gtawiki/images/6/60/FlashFM.png/revision/latest/scale-to-width-down/140?cb=20130929041527,Wang Chung,6Zh3xrWlA0SA9Fsfj9AVwm,Dance Hall Days,68,FALSE,240800,https://open.spotify.com/track/2JvPJ8ydPuN2NhpH4oti6I,0.664,0.589,0,-14.415,1,0.0406,0.259,0.00587,0.221,0.54,102.74
18,5ChkMS8OtdzJeqyybCc9R5,Flash FM,Toni,https://static.wikia.nocookie.net/gtawiki/images/6/60/FlashFM.png/revision/latest/scale-to-width-down/140?cb=20130929041527,Michael Jackson,3fMbdgg4jU18AjLCKBhRSm,Billie Jean,84,FALSE,293826,https://open.spotify.com/track/5ChkMS8OtdzJeqyybCc9R5,0.92,0.654,11,-3.051,0,0.0401,0.0236,0.0158,0.0359,0.847,117.046
19,6JNJERZGJwDVgkmbohBw7u,Flash FM,Toni,https://static.wikia.nocookie.net/gtawiki/images/6/60/FlashFM.png/revision/latest/scale-to-width-down/140?cb=20130929041527,Laura Branigan,4463nfFMmK1cwAWBQDwT5e,Self Control,73,FALSE,246440,https://open.spotify.com/track/6JNJERZGJwDVgkmbohBw7u,0.814,0.686,6,-12.172,0,0.0342,0.219,0.00382,0.155,0.778,106.679
20,5OtK7MJ1VE80m60X1OSR4h,Flash FM,Toni,https://static.wikia.nocookie.net/gtawiki/images/6/60/FlashFM.png/revision/latest/scale-to-width-down/140?cb=20130929041527,Go West,7bKupnlF7XOfR1En3K8oAL,Call Me,52,FALSE,252973,https://open.spotify.com/track/5OtK7MJ1VE80m60X1OSR4h,0.559,0.865,8,-8.871,1,0.0365,0.398,7.09E-06,0.0388,0.925,162.736
21,6FRugAcwKEgQ3r2MkWC5Mm,Flash FM,Toni,https://static.wikia.nocookie.net/gtawiki/images/6/60/FlashFM.png/revision/latest/scale-to-width-down/140?cb=20130929041527,INXS,1eClJfHLoDI4rZe5HxzBFv,Kiss the Dirt (Falling Down the Mountain),42,FALSE,236160,https://open.spotify.com/track/6FRugAcwKEgQ3r2MkWC5Mm,0.697,0.695,6,-8.211,1,0.0465,0.0325,0.00828,0.114,0.605,115.813
22,2RWFncSWZEhSRRifqiDNVV,Flash FM,Toni,https://static.wikia.nocookie.net/gtawiki/images/6/60/FlashFM.png/revision/latest/scale-to-width-down/140?cb=20130929041527,Bryan Adams,3Z02hBLubJxuFJfhacLSDc,Run To You,70,FALSE,233270,https://open.spotify.com/track/2RWFncSWZEhSRRifqiDNVV,0.561,0.811,4,-6.157,1,0.0265,0.00515,3.60E-05,0.287,0.635,126.593
23,3JLX8R2EP8pjNna83AEO7X,Flash FM,Toni,https://static.wikia.nocookie.net/gtawiki/images/6/60/FlashFM.png/revision/latest/scale-to-width-down/140?cb=20130929041527,Electric Light Orchestra,7jefIIksOi1EazgRTfW2Pk,Four Little Diamonds,45,FALSE,249733,https://open.spotify.com/track/3JLX8R2EP8pjNna83AEO7X,0.616,0.906,5,-6.25,1,0.0333,0.0784,0.000533,0.351,0.677,123.328
24,0GTK6TesV108Jj5D3MHsYb,Flash FM,Toni,https://static.wikia.nocookie.net/gtawiki/images/6/60/FlashFM.png/revision/latest/scale-to-width-down/140?cb=20130929041527,Yes,7AC976RDJzL2asmZuz7qil,Owner of a Lonely Heart,72,FALSE,268506,https://open.spotify.com/track/0GTK6TesV108Jj5D3MHsYb,0.744,0.798,7,-5.981,1,0.0364,0.175,0.00367,0.26,0.89,125.061
25,6t1FIJlZWTQfIZhsGjaulM,Flash FM,Toni,https://static.wikia.nocookie.net/gtawiki/images/6/60/FlashFM.png/revision/latest/scale-to-width-down/140?cb=20130929041527,The Buggles,057gc1fxmJ2vkctjQJ7Tal,Video Killed The Radio Star,65,FALSE,253800,https://open.spotify.com/track/6t1FIJlZWTQfIZhsGjaulM,0.675,0.61,1,-13.811,1,0.085,0.0852,0.0188,0.159,0.344,131.037
26,4VmmNHz5nigftA0B3GR0M5,Flash FM,Toni,https://static.wikia.nocookie.net/gtawiki/images/6/60/FlashFM.png/revision/latest/scale-to-width-down/140?cb=20130929041527,Aneka,2IGQyVitQXADoOSROGLNJy,Japanese Boy,53,FALSE,237988,https://open.spotify.com/track/4VmmNHz5nigftA0B3GR0M5,0.704,0.789,2,-4.909,1,0.0466,0.026,0.169,0.144,0.534,120.587
27,2iWTHXaFtRSMhd5OLpYD7f,Flash FM,Toni,https://static.wikia.nocookie.net/gtawiki/images/6/60/FlashFM.png/revision/latest/scale-to-width-down/140?cb=20130929041527,Talk Talk,7Fo8TAyGJr4VmhE68QamMf,Life's What You Make It - 1997 Remaster,59,FALSE,268893,https://open.spotify.com/track/2iWTHXaFtRSMhd5OLpYD7f,0.525,0.804,1,-7.575,1,0.0321,0.00367,0.285,0.0382,0.935,91.951
28,4oDZ5L8izBals6jKBJDBcX,Flash FM,Toni,https://static.wikia.nocookie.net/gtawiki/images/6/60/FlashFM.png/revision/latest/scale-to-width-down/140?cb=20130929041527,The Outfield,1zxDewzd2j1ZdSBGaYcr0y,Your Love,75,FALSE,216466,https://open.spotify.com/track/4oDZ5L8izBals6jKBJDBcX,0.579,0.654,1,-12.421,0,0.0553,0.121,3.62E-06,0.0673,0.616,129.537
29,2KY0QUeRY3IPuJI1gyU9BJ,Flash FM,Toni,https://static.wikia.nocookie.net/gtawiki/images/6/60/FlashFM.png/revision/latest/scale-to-width-down/140?cb=20130929041527,Joe Jackson,6KOqPxwfNAmZPkiCnDE9yT,Steppin' Out,59,FALSE,268200,https://open.spotify.com/track/2KY0QUeRY3IPuJI1gyU9BJ,0.579,0.223,11,-20.208,1,0.0364,0.0439,0.00232,0.0613,0.532,159.696
30,5B37ocpk2zxeZL1lq5F6ui,Flash FM,Toni,https://static.wikia.nocookie.net/gtawiki/images/6/60/FlashFM.png/revision/latest/scale-to-width-down/140?cb=20130929041527,The Fixx,53RkHTcl0SJZjpzqogkBf4,One Thing Leads To Another,62,FALSE,199826,https://open.spotify.com/track/5B37ocpk2zxeZL1lq5F6ui,0.789,0.945,5,-5.219,0,0.0482,0.198,3.11E-06,0.0617,0.965,136.745
31,64gd0sYZyawZebzZAO6eqS,Flash FM,Toni,https://static.wikia.nocookie.net/gtawiki/images/6/60/FlashFM.png/revision/latest/scale-to-width-down/140?cb=20130929041527,Lionel Richie,3gMaNLQm7D9MornNILzdSl,Running With The Night,48,FALSE,249133,https://open.spotify.com/track/64gd0sYZyawZebzZAO6eqS,0.764,0.63,9,-9.167,0,0.0361,0.0727,1.82E-05,0.4,0.735,120.219
32,7oQ1wkBmYSBEC2x7U08dvn,Fever 105,"Oliver ""Ladykiller"" Biscuit",https://static.wikia.nocookie.net/gtawiki/images/1/14/Fever_105.png/revision/latest/scale-to-width-down/140?cb=20141024194538,The Whispers,2XzHxDFTNywDd5ReMhgxkg,And the Beat Goes On,55,FALSE,454253,https://open.spotify.com/track/7oQ1wkBmYSBEC2x7U08dvn,0.793,0.643,11,-7.345,0,0.106,0.134,0.00246,0.0361,0.963,114.894
33,1AOacbO5iSMxrGMihq9QDA,Fever 105,"Oliver ""Ladykiller"" Biscuit",https://static.wikia.nocookie.net/gtawiki/images/1/14/Fever_105.png/revision/latest/scale-to-width-down/140?cb=20141024194538,Fat Larry's Band,0DapOnrmvQGwToOmgk6Fz8,Act Like You Know,55,FALSE,390013,https://open.spotify.com/track/1AOacbO5iSMxrGMihq9QDA,0.746,0.781,5,-7.701,0,0.125,0.24,3.18E-06,0.1,0.843,103.303
34,0awG4a7t5UrmZZ4PZVNav3,Fever 105,"Oliver ""Ladykiller"" Biscuit",https://static.wikia.nocookie.net/gtawiki/images/1/14/Fever_105.png/revision/latest/scale-to-width-down/140?cb=20141024194538,Oliver Cheatham,25MNkA39C5jjxApUl812ic,Get Down Saturday Night,61,FALSE,241906,https://open.spotify.com/track/0awG4a7t5UrmZZ4PZVNav3,0.865,0.611,11,-11.571,0,0.0573,0.226,0.082,0.0572,0.963,116.545
35,38TuEl4QqLM1VtJ5LK6FK0,Fever 105,"Oliver ""Ladykiller"" Biscuit",https://static.wikia.nocookie.net/gtawiki/images/1/14/Fever_105.png/revision/latest/scale-to-width-down/140?cb=20141024194538,The Pointer Sisters,2kreKea2n96dXjcyAU9j5N,Automatic,50,FALSE,287013,https://open.spotify.com/track/38TuEl4QqLM1VtJ5LK6FK0,0.803,0.656,5,-7.53,1,0.0556,0.0934,0,0.324,0.926,110.544
36,57b0v2TB75b3ON5g5e8Q6N,Fever 105,"Oliver ""Ladykiller"" Biscuit",https://static.wikia.nocookie.net/gtawiki/images/1/14/Fever_105.png/revision/latest/scale-to-width-down/140?cb=20141024194538,Rene & Angela,01Wck2m10xhdxUrLaMq60y,I'll Be Good,0,FALSE,321066,https://open.spotify.com/track/57b0v2TB75b3ON5g5e8Q6N,0.829,0.65,10,-9.691,1,0.06,0.136,2.15E-05,0.15,0.751,108.398
37,7iyjZ4paFWpTrJJenM0yZb,Fever 105,"Oliver ""Ladykiller"" Biscuit",https://static.wikia.nocookie.net/gtawiki/images/1/14/Fever_105.png/revision/latest/scale-to-width-down/140?cb=20141024194538,Mary Jane Girls,7vRMMs8yrKf4PKUpUllMkr,All Night Long,58,FALSE,343933,https://open.spotify.com/track/7iyjZ4paFWpTrJJenM0yZb,0.796,0.431,7,-10.3,1,0.214,0.171,0.00811,0.0894,0.667,94.875
38,5Od8o3WsbeLxlGP1vmH6s6,Fever 105,"Oliver ""Ladykiller"" Biscuit",https://static.wikia.nocookie.net/gtawiki/images/1/14/Fever_105.png/revision/latest/scale-to-width-down/140?cb=20141024194538,Rick James,0FrpdcVlJQqibaz5HfBUrL,Ghetto Life,52,FALSE,261000,https://open.spotify.com/track/5Od8o3WsbeLxlGP1vmH6s6,0.758,0.716,0,-8.609,1,0.0875,0.354,0,0.126,0.896,116.648
39,2kulOHR2XY6YDZCWXb38hn,Fever 105,"Oliver ""Ladykiller"" Biscuit",https://static.wikia.nocookie.net/gtawiki/images/1/14/Fever_105.png/revision/latest/scale-to-width-down/140?cb=20141024194538,Michael Jackson,3fMbdgg4jU18AjLCKBhRSm,Wanna Be Startin' Somethin',67,FALSE,362373,https://open.spotify.com/track/2kulOHR2XY6YDZCWXb38hn,0.846,0.922,6,-4.206,0,0.0438,0.0219,0.355,0.0623,0.899,122.195
40,6KlnQC66NiJTdO88aL62SF,Fever 105,"Oliver ""Ladykiller"" Biscuit",https://static.wikia.nocookie.net/gtawiki/images/1/14/Fever_105.png/revision/latest/scale-to-width-down/140?cb=20141024194538,"Evelyn ""Champagne"" King",4JCt4xrbbBB9blkKwNlcJ7,Shame,50,FALSE,392800,https://open.spotify.com/track/6KlnQC66NiJTdO88aL62SF,0.714,0.665,11,-10.948,0,0.0381,0.00588,0.131,0.0655,0.805,133.805
41,6nXCHvql32RBADi95fvHo9,Fever 105,"Oliver ""Ladykiller"" Biscuit",https://static.wikia.nocookie.net/gtawiki/images/1/14/Fever_105.png/revision/latest/scale-to-width-down/140?cb=20141024194538,Teena Marie,61UT1Zj9dFgPAjZfwnsqsb,Behind The Groove,40,FALSE,365866,https://open.spotify.com/track/6nXCHvql32RBADi95fvHo9,0.717,0.867,10,-7.981,1,0.139,0.0818,4.55E-05,0.0744,0.828,115.443
42,223kK8LVBwzkk3Ck7Ua0Sk,Fever 105,"Oliver ""Ladykiller"" Biscuit",https://static.wikia.nocookie.net/gtawiki/images/1/14/Fever_105.png/revision/latest/scale-to-width-down/140?cb=20141024194538,Mtume,5bHSSREflcAADAyCMlmxmh,Juicy Fruit,52,FALSE,352533,https://open.spotify.com/track/223kK8LVBwzkk3Ck7Ua0Sk,0.747,0.573,4,-6.474,1,0.368,0.135,0.0114,0.0811,0.722,192.763
43,2uMqG8w8oi09fB2YA2QLOm,Fever 105,"Oliver ""Ladykiller"" Biscuit",https://static.wikia.nocookie.net/gtawiki/images/1/14/Fever_105.png/revision/latest/scale-to-width-down/140?cb=20141024194538,Kool & The Gang,3VNITwohbvU5Wuy5PC6dsI,Summer Madness,60,FALSE,257866,https://open.spotify.com/track/2uMqG8w8oi09fB2YA2QLOm,0.298,0.327,6,-16.515,0,0.031,0.00834,0.86,0.0724,0.454,175.898
44,6NSqiyQWIyZLouviktad9X,Fever 105,"Oliver ""Ladykiller"" Biscuit",https://static.wikia.nocookie.net/gtawiki/images/1/14/Fever_105.png/revision/latest/scale-to-width-down/140?cb=20141024194538,Indeep,50xejJlMNloQ4PUB7lGP9h,Last Night a D.J. Saved My Life,55,FALSE,341426,https://open.spotify.com/track/6NSqiyQWIyZLouviktad9X,0.968,0.345,11,-14.17,1,0.151,0.154,0.00344,0.0425,0.954,109.803
45,70Z9t1qhytWtG4cCmmi7mU,V-Rock,Lazlow,https://static.wikia.nocookie.net/gtawiki/images/8/8b/V-Rock-Logo.png/revision/latest/scale-to-width-down/140?cb=20140326230324,Twisted Sister,7b85ve82Sh36a3UAx74wut,I Wanna Rock,73,FALSE,179760,https://open.spotify.com/track/70Z9t1qhytWtG4cCmmi7mU,0.504,0.911,2,-2.97,1,0.0738,0.00512,0.0123,0.355,0.671,106.244
46,2rVZC1JG8pBIuUUdrpvjPx,V-Rock,Lazlow,https://static.wikia.nocookie.net/gtawiki/images/8/8b/V-Rock-Logo.png/revision/latest/scale-to-width-down/140?cb=20140326230324,Mötley Crüe,0cc6vw3VN8YlIcvr1v7tBL,Too Young To Fall In Love,8,FALSE,212653,https://open.spotify.com/track/2rVZC1JG8pBIuUUdrpvjPx,0.486,0.811,7,-5.853,0,0.0346,0.135,0.0419,0.125,0.852,99.595
47,3vV3cr2TpPqFk07zxYUbla,V-Rock,Lazlow,https://static.wikia.nocookie.net/gtawiki/images/8/8b/V-Rock-Logo.png/revision/latest/scale-to-width-down/140?cb=20140326230324,Quiet Riot,1dLWg6m8RRhizsdqJbhyj3,Cum on Feel the Noize,73,FALSE,290960,https://open.spotify.com/track/3vV3cr2TpPqFk07zxYUbla,0.409,0.92,11,-5.439,0,0.12,0.00719,0.00105,0.0823,0.37,145.085
48,3qLZ866ZfaK0B0R5FIqXLG,V-Rock,Lazlow,https://static.wikia.nocookie.net/gtawiki/images/8/8b/V-Rock-Logo.png/revision/latest/scale-to-width-down/140?cb=20140326230324,The Cult,49DW3KvkyjHO35mK1JnSyS,She Sells Sanctuary,71,FALSE,252533,https://open.spotify.com/track/3qLZ866ZfaK0B0R5FIqXLG,0.55,0.765,7,-8.684,1,0.0287,4.76E-06,0.873,0.132,0.419,139.46
49,2E7W1X4maFFcjHrVrFA7Vs,V-Rock,Lazlow,https://static.wikia.nocookie.net/gtawiki/images/8/8b/V-Rock-Logo.png/revision/latest/scale-to-width-down/140?cb=20140326230324,Ozzy Osbourne,6ZLTlhejhndI4Rh53vYhrY,Bark at the Moon,66,FALSE,257120,https://open.spotify.com/track/2E7W1X4maFFcjHrVrFA7Vs,0.303,0.961,9,-5.333,0,0.243,0.00253,6.20E-05,0.132,0.305,146.591
50,65lKVwKPHakSbvmbifjpx2,V-Rock,Lazlow,https://static.wikia.nocookie.net/gtawiki/images/8/8b/V-Rock-Logo.png/revision/latest/scale-to-width-down/140?cb=20140326230324,Love Fist,749kiwEvfncbSQ5Gy93vTK,Dangerous Bastard,32,FALSE,248685,https://open.spotify.com/track/65lKVwKPHakSbvmbifjpx2,0.368,0.905,5,-4.698,1,0.0609,0.0423,1.34E-05,0.275,0.32,139.869
51,4sAjWbPq6iSI6I0Ovr9CkY,V-Rock,Lazlow,https://static.wikia.nocookie.net/gtawiki/images/8/8b/V-Rock-Logo.png/revision/latest/scale-to-width-down/140?cb=20140326230324,Iron Maiden,6mdiAmATAx73kdxrNrnlao,2 Minutes to Midnight - 2015 Remaster,56,FALSE,363586,https://open.spotify.com/track/4sAjWbPq6iSI6I0Ovr9CkY,0.446,0.97,9,-5.004,0,0.0508,0.00754,0.000275,0.199,0.595,94.233
52,35k31HZI4z9PbBOioaI4dZ,V-Rock,Lazlow,https://static.wikia.nocookie.net/gtawiki/images/8/8b/V-Rock-Logo.png/revision/latest/scale-to-width-down/140?cb=20140326230324,Loverboy,2CLVPk9FcywjClBcTvWPkT,Working for the Weekend,70,FALSE,221000,https://open.spotify.com/track/35k31HZI4z9PbBOioaI4dZ,0.515,0.766,7,-12.768,1,0.0343,0.0249,0.00103,0.455,0.774,146.911
53,2nsrALjWaiP5WqyzIkJlHe,V-Rock,Lazlow,https://static.wikia.nocookie.net/gtawiki/images/8/8b/V-Rock-Logo.png/revision/latest/scale-to-width-down/140?cb=20140326230324,Alcatrazz,1LLiPRA3oThhxVf7W7gXQZ,God Blessed Video,37,FALSE,210600,https://open.spotify.com/track/2nsrALjWaiP5WqyzIkJlHe,0.5,0.938,11,-4.158,0,0.126,0.000876,0.000176,0.307,0.487,125.184
54,3U61Hscyv1eoDYr8kOPwrq,V-Rock,Lazlow,https://static.wikia.nocookie.net/gtawiki/images/8/8b/V-Rock-Logo.png/revision/latest/scale-to-width-down/140?cb=20140326230324,Tesla,0dgnITyIAN4NrmUVisvxHU,Cumin' Atcha Live,44,FALSE,266133,https://open.spotify.com/track/3U61Hscyv1eoDYr8kOPwrq,0.379,0.94,6,-9.44,0,0.0635,0.00192,0.00102,0.667,0.346,115.519
55,7u0b4DthVvd2F2EzCiOx0Z,V-Rock,Lazlow,https://static.wikia.nocookie.net/gtawiki/images/8/8b/V-Rock-Logo.png/revision/latest/scale-to-width-down/140?cb=20140326230324,Autograph,2koMWjvRRF0cOpJnjhdKx0,Turn up the Radio,62,FALSE,278506,https://open.spotify.com/track/7u0b4DthVvd2F2EzCiOx0Z,0.629,0.79,2,-13.496,1,0.0429,0.0375,0.00034,0.13,0.428,110.295
56,5a2hIQWInPjqkkFiUEgxoX,V-Rock,Lazlow,https://static.wikia.nocookie.net/gtawiki/images/8/8b/V-Rock-Logo.png/revision/latest/scale-to-width-down/140?cb=20140326230324,Megadeth,1Yox196W7bzVNZI7RBaPnf,Peace Sells - Remastered,62,FALSE,244160,https://open.spotify.com/track/5a2hIQWInPjqkkFiUEgxoX,0.322,0.932,4,-4.252,0,0.163,8.57E-05,0.817,0.0969,0.376,138.042
57,76BYv24CcZt2u94JRjmATX,V-Rock,Lazlow,https://static.wikia.nocookie.net/gtawiki/images/8/8b/V-Rock-Logo.png/revision/latest/scale-to-width-down/140?cb=20140326230324,Anthrax,3JysSUOyfVs1UQ0UaESheP,Madhouse,61,FALSE,259760,https://open.spotify.com/track/76BYv24CcZt2u94JRjmATX,0.329,0.885,9,-10.661,1,0.0904,0.0242,0.00433,0.735,0.481,163.538
58,01Mpj13vURSO3cCLprPt5T,V-Rock,Lazlow,https://static.wikia.nocookie.net/gtawiki/images/8/8b/V-Rock-Logo.png/revision/latest/scale-to-width-down/140?cb=20140326230324,Slayer,1IQ2e1buppatiN1bxUVkrk,Raining Blood,64,FALSE,254400,https://open.spotify.com/track/01Mpj13vURSO3cCLprPt5T,0.294,0.995,1,-4.383,0,0.168,0.000489,0.331,0.128,0.0379,88.777
59,4f3RDq9nYPBeR1yMSgnmBm,V-Rock,Lazlow,https://static.wikia.nocookie.net/gtawiki/images/8/8b/V-Rock-Logo.png/revision/latest/scale-to-width-down/140?cb=20140326230324,Judas Priest,2tRsMl4eGxwoNabM08Dm4I,You've Got Another Thing Coming,67,FALSE,310080,https://open.spotify.com/track/4f3RDq9nYPBeR1yMSgnmBm,0.519,0.833,6,-6.947,0,0.0496,0.00572,4.33E-06,0.104,0.532,138.225
60,1UqJVBMiaiBcYxdi043YdM,V-Rock,Lazlow,https://static.wikia.nocookie.net/gtawiki/images/8/8b/V-Rock-Logo.png/revision/latest/scale-to-width-down/140?cb=20140326230324,Love Fist,749kiwEvfncbSQ5Gy93vTK,Fist Fury,33,TRUE,192377,https://open.spotify.com/track/1UqJVBMiaiBcYxdi043YdM,0.545,0.796,0,-5.529,1,0.053,0.117,0,0.0954,0.485,134.965
61,5Fh5nmTu6TEk0ze8QAU7og,V-Rock,Lazlow,https://static.wikia.nocookie.net/gtawiki/images/8/8b/V-Rock-Logo.png/revision/latest/scale-to-width-down/140?cb=20140326230324,David Lee Roth,0KyCXNSa7ZMb5LydfKbLG3,Yankee Rose,57,FALSE,234706,https://open.spotify.com/track/5Fh5nmTu6TEk0ze8QAU7og,0.583,0.692,2,-13.562,0,0.043,0.0026,0,0.125,0.795,137.572
62,6hJqMX00Uj3Yo2drRCKN54,Radio Espantoso,Pepe,https://static.wikia.nocookie.net/gtawiki/images/8/83/RadioEspantoso-GTAVC-Logo.svg/revision/latest/scale-to-width-down/140?cb=20181017142853,Cachao Sounds,49WiwGqVvbt9d7YayvanH5,A Gozar con mi Combo,24,FALSE,213733,https://open.spotify.com/track/6hJqMX00Uj3Yo2drRCKN54,0.836,0.473,2,-9.23,1,0.105,0.664,0.744,0.298,0.573,104.857
63,6PsT5VwNU9QUVN76EZwVzd,Radio Espantoso,Pepe,https://static.wikia.nocookie.net/gtawiki/images/8/83/RadioEspantoso-GTAVC-Logo.svg/revision/latest/scale-to-width-down/140?cb=20181017142853,Alpha Banditos ,0LyfQWJT6nXafLPZqxe9Of,The Bull Is Wrong,30,FALSE,222307,https://open.spotify.com/track/6PsT5VwNU9QUVN76EZwVzd,0.853,0.779,4,-6.971,0,0.0502,0.123,0.824,0.268,0.892,118.881
64,5QxnsmKg916cbbIuenv6Xc,Radio Espantoso,Pepe,https://static.wikia.nocookie.net/gtawiki/images/8/83/RadioEspantoso-GTAVC-Logo.svg/revision/latest/scale-to-width-down/140?cb=20181017142853,Tres Apenas Como Eso ,0LyfQWJT6nXafLPZqxe9Of,Yo Te Miré,35,FALSE,206541,https://open.spotify.com/track/5QxnsmKg916cbbIuenv6Xc,0.632,0.887,2,-5.257,1,0.199,0.475,0,0.269,0.569,123.042
65,0jyIdeuziEtMenGqChgOVV,Radio Espantoso,Pepe,https://static.wikia.nocookie.net/gtawiki/images/8/83/RadioEspantoso-GTAVC-Logo.svg/revision/latest/scale-to-width-down/140?cb=20181017142853,Deodato,0hE3uA2w3guHeKvuc7BpRr,Latin Flute,26,FALSE,287360,https://open.spotify.com/track/0jyIdeuziEtMenGqChgOVV,0.529,0.555,5,-9.918,0,0.0339,0.674,0.89,0.11,0.785,132.357
66,7aVMZsBS8DYOo1qPrGOn1c,Radio Espantoso,Pepe,https://static.wikia.nocookie.net/gtawiki/images/8/83/RadioEspantoso-GTAVC-Logo.svg/revision/latest/scale-to-width-down/140?cb=20181017142853,Mongo Santamaria,2oVwztjpHpJlAvlVVuqVa0,Mama Papa Tu,32,FALSE,217960,https://open.spotify.com/track/7aVMZsBS8DYOo1qPrGOn1c,0.687,0.866,0,-7.1,1,0.0322,0.714,0.035,0.146,0.862,118.779
67,0Vw22NGjP5PNjtCPF4rFfj,Radio Espantoso,Pepe,https://static.wikia.nocookie.net/gtawiki/images/8/83/RadioEspantoso-GTAVC-Logo.svg/revision/latest/scale-to-width-down/140?cb=20181017142853,Mongo Santamaria,2oVwztjpHpJlAvlVVuqVa0,Me And You Baby (Picao Y Tostao),31,FALSE,299800,https://open.spotify.com/track/0Vw22NGjP5PNjtCPF4rFfj,0.714,0.812,5,-7.457,1,0.044,0.414,0.39,0.138,0.887,128.687
68,7ci8IPrqVfhFNl0zC0WV3L,Radio Espantoso,Pepe,https://static.wikia.nocookie.net/gtawiki/images/8/83/RadioEspantoso-GTAVC-Logo.svg/revision/latest/scale-to-width-down/140?cb=20181017142853,Machito & His Afro-Cuban Orchestra,04pQHKrYVxm70nss1L6Wln,Mambo Mucho Mambo,22,FALSE,181173,https://open.spotify.com/track/7ci8IPrqVfhFNl0zC0WV3L,0.682,0.703,0,-8.733,1,0.042,0.768,0.000242,0.135,0.919,76.263
69,0trAimv8CnK9KYB2dzBklr,Radio Espantoso,Pepe,https://static.wikia.nocookie.net/gtawiki/images/8/83/RadioEspantoso-GTAVC-Logo.svg/revision/latest/scale-to-width-down/140?cb=20181017142853,Unaesta ,0LyfQWJT6nXafLPZqxe9Of,La Vida Es Una Lenteja,35,FALSE,265914,https://open.spotify.com/track/0trAimv8CnK9KYB2dzBklr,0.635,0.882,0,-3.602,1,0.0621,0.138,0,0.298,0.91,120.526
70,2moYXwKFCDxZto4Jr37cAr,Radio Espantoso,Pepe,https://static.wikia.nocookie.net/gtawiki/images/8/83/RadioEspantoso-GTAVC-Logo.svg/revision/latest/scale-to-width-down/140?cb=20181017142853,Lonnie Liston Smith and the Cosmic Echoes,6EMR9xUcwYHrvpiSZKtN2c,Expansions,23,FALSE,365600,https://open.spotify.com/track/2moYXwKFCDxZto4Jr37cAr,0.535,0.617,5,-14.076,0,0.0487,0.119,0.00639,0.294,0.919,126.454
71,2YQD4iZibMN2lwy7OfAaDe,Radio Espantoso,Pepe,https://static.wikia.nocookie.net/gtawiki/images/8/83/RadioEspantoso-GTAVC-Logo.svg/revision/latest/scale-to-width-down/140?cb=20181017142853,Irakere,2xbLfmO8N89nCiA55XsSeI,Aguanile Bonko,18,FALSE,296733,https://open.spotify.com/track/2YQD4iZibMN2lwy7OfAaDe,0.558,0.789,0,-13.697,1,0.229,0.178,0.0129,0.794,0.58,132.926
72,5PaQnSxeAFh5Jc9cRaigwm,Radio Espantoso,Pepe,https://static.wikia.nocookie.net/gtawiki/images/8/83/RadioEspantoso-GTAVC-Logo.svg/revision/latest/scale-to-width-down/140?cb=20181017142853,Deodato,0hE3uA2w3guHeKvuc7BpRr,Super Strut,30,FALSE,536826,https://open.spotify.com/track/5PaQnSxeAFh5Jc9cRaigwm,0.434,0.868,2,-11.397,0,0.048,0.335,0.78,0.132,0.877,122.056
73,7gqK69zw4A9js4dFV29zsL,Radio Espantoso,Pepe,https://static.wikia.nocookie.net/gtawiki/images/8/83/RadioEspantoso-GTAVC-Logo.svg/revision/latest/scale-to-width-down/140?cb=20181017142853,Xavier Cugat & His Orchestra,21ITs4QPuaOJIBhzvyLbnA,Jamay,21,FALSE,159440,https://open.spotify.com/track/7gqK69zw4A9js4dFV29zsL,0.653,0.659,7,-8.101,1,0.0409,0.722,0.633,0.798,0.848,153.824
74,5tY7jEthVDFHoy7ddyzil7,Radio Espantoso,Pepe,https://static.wikia.nocookie.net/gtawiki/images/8/83/RadioEspantoso-GTAVC-Logo.svg/revision/latest/scale-to-width-down/140?cb=20181017142853,Beny Moré,1Sp47peMTI9na8FTY4yHJw,Maracaibo Oriental,29,FALSE,187906,https://open.spotify.com/track/5tY7jEthVDFHoy7ddyzil7,0.526,0.839,5,-5.797,1,0.0448,0.662,0.000388,0.89,0.817,108.039
75,0hk1gSyn3wKgdxqF6qaKUZ,Radio Espantoso,Pepe,https://static.wikia.nocookie.net/gtawiki/images/8/83/RadioEspantoso-GTAVC-Logo.svg/revision/latest/scale-to-width-down/140?cb=20181017142853,Tito Puente,6SPpCqM8gOzrtICAxN5NuX,Mambo Gozon,42,FALSE,168986,https://open.spotify.com/track/0hk1gSyn3wKgdxqF6qaKUZ,0.711,0.43,4,-15.717,0,0.0816,0.0562,0.883,0.258,0.602,104.986
76,2OgVsp77En2nju8pnCieVU,Emotion 98.3,Fernando Martinez,https://static.wikia.nocookie.net/gtawiki/images/0/06/Emotion98.3-GTAVC-Logo.svg/revision/latest/scale-to-width-down/140?cb=20181017144341,Foreigner,6IRouO5mvvfcyxtPDKMYFN,Waiting for a Girl like You,71,FALSE,292066,https://open.spotify.com/track/2OgVsp77En2nju8pnCieVU,0.33,0.469,10,-9.286,0,0.0335,0.31,2.30E-06,0.0402,0.433,201.327
77,1hbB7wFZ28n5vOfMEEY2Jw,Emotion 98.3,Fernando Martinez,https://static.wikia.nocookie.net/gtawiki/images/0/06/Emotion98.3-GTAVC-Logo.svg/revision/latest/scale-to-width-down/140?cb=20181017144341,Kate Bush,1aSxMhuvixZ8h9dK9jIDwL,Wow,50,FALSE,240773,https://open.spotify.com/track/1hbB7wFZ28n5vOfMEEY2Jw,0.384,0.25,9,-12.508,0,0.0356,0.856,0.0327,0.24,0.0547,123.92
78,5r2z0FHOoFI06GZEVGDjzM,Emotion 98.3,Fernando Martinez,https://static.wikia.nocookie.net/gtawiki/images/0/06/Emotion98.3-GTAVC-Logo.svg/revision/latest/scale-to-width-down/140?cb=20181017144341,Squeeze,6Jrj26oAY96EEC2lqC6fua,Tempted,61,FALSE,240333,https://open.spotify.com/track/5r2z0FHOoFI06GZEVGDjzM,0.729,0.356,6,-13.743,0,0.0347,0.0916,0.0905,0.052,0.392,95.026
79,4rcHWl68ai6KvpXlc8vbnE,Emotion 98.3,Fernando Martinez,https://static.wikia.nocookie.net/gtawiki/images/0/06/Emotion98.3-GTAVC-Logo.svg/revision/latest/scale-to-width-down/140?cb=20181017144341,REO Speedwagon,55vs7NT1KxcFjbMC4y202E,Keep on Loving You,73,FALSE,200293,https://open.spotify.com/track/4rcHWl68ai6KvpXlc8vbnE,0.306,0.722,0,-5.963,1,0.034,0.0519,0,0.117,0.41,174.732
80,4ByEFOBuLXpCqvO1kw8Wdm,Emotion 98.3,Fernando Martinez,https://static.wikia.nocookie.net/gtawiki/images/0/06/Emotion98.3-GTAVC-Logo.svg/revision/latest/scale-to-width-down/140?cb=20181017144341,Cutting Crew,3cniTumSiUysiPWXapGx1i,(I Just) Died In Your Arms,77,FALSE,280400,https://open.spotify.com/track/4ByEFOBuLXpCqvO1kw8Wdm,0.625,0.726,11,-11.402,0,0.0444,0.0158,0.000169,0.0625,0.507,124.945
81,6N7gPTru90HYLRUIVDQ185,Emotion 98.3,Fernando Martinez,https://static.wikia.nocookie.net/gtawiki/images/0/06/Emotion98.3-GTAVC-Logo.svg/revision/latest/scale-to-width-down/140?cb=20181017144341,Roxy Music,3fhOTtm0LBJ3Ojn4hIljLo,More Than This,69,FALSE,270651,https://open.spotify.com/track/6N7gPTru90HYLRUIVDQ185,0.653,0.666,6,-7.808,1,0.0249,0.0508,0.0466,0.139,0.765,128.505
82,2374M0fQpWi3dLnB54qaLX,Emotion 98.3,Fernando Martinez,https://static.wikia.nocookie.net/gtawiki/images/0/06/Emotion98.3-GTAVC-Logo.svg/revision/latest/scale-to-width-down/140?cb=20181017144341,TOTO,0PFtn5NtBbbUNbU9EAmIWF,Africa,84,FALSE,295893,https://open.spotify.com/track/2374M0fQpWi3dLnB54qaLX,0.671,0.373,9,-18.064,1,0.0323,0.257,8.01E-05,0.0481,0.732,92.718
83,78FHUZRbFDCG6VkRAQdFLm,Emotion 98.3,Fernando Martinez,https://static.wikia.nocookie.net/gtawiki/images/0/06/Emotion98.3-GTAVC-Logo.svg/revision/latest/scale-to-width-down/140?cb=20181017144341,Mr. Mister,7Bah8E0kCETqEpAHI6CPzQ,Broken Wings,71,FALSE,343933,https://open.spotify.com/track/78FHUZRbFDCG6VkRAQdFLm,0.286,0.5,1,-14.281,0,0.0357,0.134,4.57E-05,0.108,0.443,99.162
84,1Qrdlkgg9I4J7r3P4kZNwr,Emotion 98.3,Fernando Martinez,https://static.wikia.nocookie.net/gtawiki/images/0/06/Emotion98.3-GTAVC-Logo.svg/revision/latest/scale-to-width-down/140?cb=20181017144341,John Waite,2TPyCsRoh2tjeZLTQ2ojlj,Missing You,72,FALSE,269760,https://open.spotify.com/track/1Qrdlkgg9I4J7r3P4kZNwr,0.552,0.552,11,-9.736,0,0.0364,0.052,0,0.046,0.593,208.571
85,5srgpROEtK8KLKQl5FW7Ub,Emotion 98.3,Fernando Martinez,https://static.wikia.nocookie.net/gtawiki/images/0/06/Emotion98.3-GTAVC-Logo.svg/revision/latest/scale-to-width-down/140?cb=20181017144341,Jan Hammer,50zRydJXfkLzGIOj9mITfy,Crockett's Theme,46,FALSE,216000,https://open.spotify.com/track/5srgpROEtK8KLKQl5FW7Ub,0.488,0.671,7,-9.906,0,0.0444,0.00101,0.942,0.114,0.75,190.97
86,57trQKFZdJxHia4sMJioWk,Emotion 98.3,Fernando Martinez,https://static.wikia.nocookie.net/gtawiki/images/0/06/Emotion98.3-GTAVC-Logo.svg/revision/latest/scale-to-width-down/140?cb=20181017144341,Night Ranger,1Ha0Fz4i0d4gu5fZbhBCtH,Sister Christian,65,FALSE,302933,https://open.spotify.com/track/57trQKFZdJxHia4sMJioWk,0.448,0.35,5,-16.239,1,0.0393,0.147,2.27E-06,0.0842,0.234,177.279
87,3nFJbZCHP4d9vduKjJLdBL,Emotion 98.3,Fernando Martinez,https://static.wikia.nocookie.net/gtawiki/images/0/06/Emotion98.3-GTAVC-Logo.svg/revision/latest/scale-to-width-down/140?cb=20181017144341,Luther Vandross,19y5MFBH7gohEdGwKM7QsP,Never Too Much,72,FALSE,230466,https://open.spotify.com/track/3nFJbZCHP4d9vduKjJLdBL,0.734,0.586,2,-11.866,1,0.129,0.125,0,0.0367,0.762,109.933
88,5NN5MQyE3Lo91zAEHpGa7S,Wave 103,Adam First,https://static.wikia.nocookie.net/gtawiki/images/4/42/Wave103-GTAVC-Logo.svg/revision/latest/scale-to-width-down/140?cb=20181017152038,Frankie Goes To Hollywood,1mZu3rO7qSD09GdDpePHhY,Two Tribes,59,FALSE,208133,https://open.spotify.com/track/5NN5MQyE3Lo91zAEHpGa7S,0.54,0.621,7,-13.165,1,0.0369,0.00292,0.00287,0.367,0.195,130.202
89,4MUNIBQHE5y6DuR6qJmmoR,Wave 103,Adam First,https://static.wikia.nocookie.net/gtawiki/images/4/42/Wave103-GTAVC-Logo.svg/revision/latest/scale-to-width-down/140?cb=20181017152038,Sigue Sigue Sputnik,6GKVXdXGEOPzpilArcqBun,Love Missile F1-11,41,FALSE,224720,https://open.spotify.com/track/4MUNIBQHE5y6DuR6qJmmoR,0.471,0.889,4,-8.852,1,0.0543,0.00263,0.0229,0.498,0.895,193.499
90,4QQEzkxcONBthDLfzqIh9S,Wave 103,Adam First,https://static.wikia.nocookie.net/gtawiki/images/4/42/Wave103-GTAVC-Logo.svg/revision/latest/scale-to-width-down/140?cb=20181017152038,Gary Numan,5KQMtyPE8DCQNUzoNqlEsE,Cars,64,FALSE,238906,https://open.spotify.com/track/4QQEzkxcONBthDLfzqIh9S,0.545,0.578,2,-8.745,1,0.0406,0.0114,6.57E-05,0.0692,0.819,128.038
91,0ZfZaT7NByalxa6bct5G67,Wave 103,Adam First,https://static.wikia.nocookie.net/gtawiki/images/4/42/Wave103-GTAVC-Logo.svg/revision/latest/scale-to-width-down/140?cb=20181017152038,The Human League,1aX2dmV8XoHYCOQRxjPESG,(Keep Feeling) Fascination - Remastered,48,FALSE,224733,https://open.spotify.com/track/0ZfZaT7NByalxa6bct5G67,0.711,0.609,0,-9.042,1,0.0764,0.381,1.24E-06,0.204,0.674,118.132
92,5QIbR39hAEDIOkr4ggh4xc,Wave 103,Adam First,https://static.wikia.nocookie.net/gtawiki/images/4/42/Wave103-GTAVC-Logo.svg/revision/latest/scale-to-width-down/140?cb=20181017152038,Blondie,4tpUmLEVLCGFr93o8hFFIB,Atomic,58,FALSE,280324,https://open.spotify.com/track/5QIbR39hAEDIOkr4ggh4xc,0.596,0.824,4,-4.893,0,0.0361,0.0504,0.129,0.0586,0.786,135.171
93,4ZhPLoMzZwewHLLjV1J15c,Wave 103,Adam First,https://static.wikia.nocookie.net/gtawiki/images/4/42/Wave103-GTAVC-Logo.svg/revision/latest/scale-to-width-down/140?cb=20181017152038,Nena,6Tz0QRoe083BcOo2YbG9lV,99 Luftballons,74,FALSE,232466,https://open.spotify.com/track/4ZhPLoMzZwewHLLjV1J15c,0.575,0.555,4,-7.495,1,0.0453,0.103,1.30E-06,0.111,0.504,95.361
94,1YGZyfvdgZxzipWoWYVKxi,Wave 103,Adam First,https://static.wikia.nocookie.net/gtawiki/images/4/42/Wave103-GTAVC-Logo.svg/revision/latest/scale-to-width-down/140?cb=20181017152038,Kim Wilde,73a6pNH4YtLNgDbPQwXveo,Kids In America,71,FALSE,205533,https://open.spotify.com/track/1YGZyfvdgZxzipWoWYVKxi,0.557,0.782,4,-3.899,1,0.0475,0.0953,6.75E-06,0.118,0.305,159.621
95,3bq6GVy7ol5FdMU0OtKVkz,Wave 103,Adam First,https://static.wikia.nocookie.net/gtawiki/images/4/42/Wave103-GTAVC-Logo.svg/revision/latest/scale-to-width-down/140?cb=20181017152038,Tears For Fears,4bthk9UfsYUYdcFyqxmSUU,Pale Shelter,50,FALSE,243600,https://open.spotify.com/track/3bq6GVy7ol5FdMU0OtKVkz,0.524,0.886,9,-7.151,0,0.0399,0.00757,0.000461,0.582,0.758,118.927
96,1QbQL5m30YNvukitIqAnFG,Wave 103,Adam First,https://static.wikia.nocookie.net/gtawiki/images/4/42/Wave103-GTAVC-Logo.svg/revision/latest/scale-to-width-down/140?cb=20181017152038,Corey Hart,0smy8yDrRoI4CnhpOuthg0,Sunglasses At Night,63,FALSE,320573,https://open.spotify.com/track/1QbQL5m30YNvukitIqAnFG,0.686,0.609,10,-11.469,0,0.0444,0.258,0.00015,0.113,0.719,127.736
97,7abGerACQx9G1OBqHYFKAb,Wave 103,Adam First,https://static.wikia.nocookie.net/gtawiki/images/4/42/Wave103-GTAVC-Logo.svg/revision/latest/scale-to-width-down/140?cb=20181017152038,ABC,2s79xe5F6eUQkjwjww27Fh,Poison Arrow,58,FALSE,204266,https://open.spotify.com/track/7abGerACQx9G1OBqHYFKAb,0.736,0.876,11,-5.894,0,0.0839,0.182,0.00776,0.119,0.802,125.843
98,4OdhffpvG3HxDJMxYOKh97,Wave 103,Adam First,https://static.wikia.nocookie.net/gtawiki/images/4/42/Wave103-GTAVC-Logo.svg/revision/latest/scale-to-width-down/140?cb=20181017152038,A Flock Of Seagulls,0uAjBatvB4ubpd4kCfjmNt,I Ran (So Far Away),65,FALSE,308933,https://open.spotify.com/track/4OdhffpvG3HxDJMxYOKh97,0.507,0.642,2,-12.923,1,0.0323,0.00299,0.606,0.141,0.631,146.154
99,4dk40nfaQav6b4ZsJ9OYUo,Wave 103,Adam First,https://static.wikia.nocookie.net/gtawiki/images/4/42/Wave103-GTAVC-Logo.svg/revision/latest/scale-to-width-down/140?cb=20181017152038,The Psychedelic Furs,0O0lrN34wrcuBenkqlEDZe,Love My Way,67,FALSE,213973,https://open.spotify.com/track/4dk40nfaQav6b4ZsJ9OYUo,0.637,0.85,0,-5.054,1,0.0351,0.00487,0.00018,0.152,0.52,126.106
100,3N7GqZMpZJW69Te1bfUTc3,Wave 103,Adam First,https://static.wikia.nocookie.net/gtawiki/images/4/42/Wave103-GTAVC-Logo.svg/revision/latest/scale-to-width-down/140?cb=20181017152038,Animotion,6eQHjJJa52LUGjBKP5UPos,Obsession,56,FALSE,337266,https://open.spotify.com/track/3N7GqZMpZJW69Te1bfUTc3,0.673,0.613,7,-11.997,1,0.0799,0.00436,0.362,0.608,0.415,114.748
101,2X9fsxb6O6bYEopJYmUbNC,Wave 103,Adam First,https://static.wikia.nocookie.net/gtawiki/images/4/42/Wave103-GTAVC-Logo.svg/revision/latest/scale-to-width-down/140?cb=20181017152038,Spandau Ballet,2urZrEdsq72kx0UzfYN8Yv,Gold,62,FALSE,231480,https://open.spotify.com/track/2X9fsxb6O6bYEopJYmUbNC,0.711,0.74,10,-7.776,0,0.0361,0.258,0.0111,0.104,0.639,143.053
102,0xuWD2fiePVonFgx7GRClW,Wave 103,Adam First,https://static.wikia.nocookie.net/gtawiki/images/4/42/Wave103-GTAVC-Logo.svg/revision/latest/scale-to-width-down/140?cb=20181017152038,Thomas Dolby,2Uz58cSxlJgefDaSikxYQ7,Hyperactive!,40,FALSE,249293,https://open.spotify.com/track/0xuWD2fiePVonFgx7GRClW,0.685,0.926,4,-11.434,1,0.0635,0.0884,5.28E-05,0.206,0.789,105.177
103,02RkunUrCBLE5J6jY56QH3,Wave 103,Adam First,https://static.wikia.nocookie.net/gtawiki/images/4/42/Wave103-GTAVC-Logo.svg/revision/latest/scale-to-width-down/140?cb=20181017152038,Romeo Void,20kRNjGAzhnBIflemL8JfY,Never Say Never,51,FALSE,353666,https://open.spotify.com/track/02RkunUrCBLE5J6jY56QH3,0.601,0.789,4,-8.73,1,0.0611,0.000596,0.104,0.248,0.923,156.459
